track_name,artist_name
Fader,The Temper Trap
Sherry,Frankie Valli & The Four Seasons
I Took A Pill In Ibiza - Seeb Remix,"Mike Posner, Seeb"
Let Go for Tonight,Foxes
The Way I Want To Touch You,Captain & Tennille
Still Got Time (feat. PARTYNEXTDOOR),"ZAYN, PARTYNEXTDOOR"
Your Song,Rita Ora
Fix You,Coldplay
There You'll Be - 2007 Remaster,Faith Hill
Every Breath You Take - Remastered 2003,The Police
You're the Inspiration - 2009 Remaster,Chicago
"The Key, The Secret",Urban Cookie Collective
Paradise City,Guns N' Roses
Tonight I'm Yours (Don't Hurt Me),Rod Stewart
You Were On My Mind,We Five
Get Lucky (Radio Edit) [feat. Pharrell Williams and Nile Rodgers],"Daft Punk, Pharrell Williams, Nile Rodgers"
Party,Christine Anu
Riptide,Vance Joy
Heartaches By The Number,Guy Mitchell
The Edge of Heaven,Wham!
Should’ve Been Us,Tori Kelly
Clap Your Hands,Kungs
Good Clean Fun,The Monkees
Teach Me How to Fly,"Jeff St John, The Copperwine"
Together We Are One - Radio Mix,Delta Goodrem
No Secrets,The Angels
All For You,Sister Hazel
Special,Garbage
Saturday Sun,Vance Joy
Montego Bay,Bobby Bloom
Your Power,Billie Eilish
Talk of the Town,John Farnham
Starboy,"The Weeknd, Daft Punk"
Anthem for the Year 2000,Silverchair
Foreplay / Long Time,Boston
New Romantics,Taylor Swift
She - Original Stereo Version; 2006 Remaster,The Monkees
I'm Good?,Hilltop Hoods
The Chain - 2004 Remaster,Fleetwood Mac
Shoop,Salt-N-Pepa
Trouble,P!nk
You Got Me,Gavin DeGraw
I Am the Beat,The Look
Well Hello,Yellowstone And Voice
Twistin' Matilda (And the Channel),Jimmy Soul
Nothing Can Divide Us,Jason Donovan
Its Only the Beginning,Deborah Conway
S.O.S.,Jonas Brothers
Lil Boo Thang,Paul Russell
Piece by Piece,Kelly Clarkson
Glamorous,"Fergie, Ludacris"
Free Your Mind,En Vogue
Untouchable (Originally Performed by Taylor Swift) [Vocal Version],Musical Creations Karaoke
From The Sea,Eskimo Joe
Dance To This (feat. Ariana Grande),"Troye Sivan, Ariana Grande"
Into The Dark,Ben Lee
Happenin' All Over Again - Radio,Young Divas
You've Never Been This Far Before,Conway Twitty
Superstylin',Groove Armada
Halfway Gone,Lifehouse
Too Much (feat. Usher),"Marshmello, Imanbek, USHER"
Polaroid,Keith Urban
Walk Right In,Dr. Hook
Two Strong Hearts,John Farnham
Work from Home (feat. Ty Dolla $ign),"Fifth Harmony, Ty Dolla $ign"
Hidden Agenda - New Mix,Craig David
Roar,Katy Perry
Time After Time,Cyndi Lauper
Freak On a Leash,Korn
Chulu Chululu,Bill & Boyd
Video Killed The Radio Star,The Buggles
Lay Down (Candles In The Rain) - Long Version,"Melanie, The Edwin Hawkins Singers"
Poker Face,Lady Gaga
Vegas Girl,Conor Maynard
American Boy (feat. Kanye West),"Estelle, Kanye West"
Harder To Breathe,Maroon 5
Dead And Gone,"T.I., Justin Timberlake"
If,Janet Jackson
Truth Hurts,Lizzo
Be Mine!,Robyn
1 Thing,Amerie
One Way Ticket,The Darkness
Two Faces Have I,Lou Christie
Freedom,Wham!
Lido Shuffle,Boz Scaggs
Slice of Heaven,Dave Dobbyn
Stone,Cyrus Villanueva
Tell Him (Duet with Barbra Streisand),"Barbra Streisand, Céline Dion"
The Nips Are Getting Bigger,Mental As Anything
Dance Wiv Me - Radio Edit,"Dizzee Rascal, Calvin Harris, Chrom3"
Love Shack - Edit; 2019 Remaster,The B-52's
Country Grammar (Hot Shit),Nelly
Instant Crush (feat. Julian Casablancas),"Daft Punk, Julian Casablancas"
Michelle,The Overlanders
Things That Make You Go Hmmm,"C & C Music Factory, Freedom Williams"
Hush Hush; Hush Hush / I Will Survive - Medley,The Pussycat Dolls
Second Solution,The Living End
You're The Best Thing,The Style Council
C'mon N' Ride It (The Train),Quad City DJ's
Super Love,Dami Im
Love Is In The Air,John Paul Young
Forever Young,Youth Group
For You (Fifty Shades Freed) (& Rita Ora),"Liam Payne, Rita Ora"
Bad Habits,Billy Field
I Wanna Do It with You,John Paul Young
The Man,Taylor Swift
Maria,P.J. Proby
Overkill,Men At Work
Life Goes On,E^ST
Stacy's Mom,Fountains Of Wayne
How Can We Be Lovers,Michael Bolton
Teenage Crime,Adrian Lux
Danza Kuduro,"Don Omar, Lucenzo"
Buy Me A Pony,Spiderbait
You're so Vain,Chocolate Starfish
Got to Get It,Culture Beat
Angels Like You,Miley Cyrus
Circles on the Water,Samantha Jade
Playboy,The Marvelettes
Part-Time Lover,Stevie Wonder
Night of My Life,Damien Leith
911,Lady Gaga
Total Eclipse of the Heart,Bonnie Tyler
Don't Pay The Ferryman,Chris de Burgh
Ain't No Mountain High Enough,"Marvin Gaye, Tammi Terrell"
It's Too Late,Evermore
You Don't Have to Say You Love Me,Elvis Presley
Inside Out (feat. Griff),"Zedd, Griff"
Fingertips - Original Studio Version,Stevie Wonder
Another Man (feat. Megan Joy) (feat. Megan Joy),"Itch, Megan Joy"
I Go To Rio,Peter Allen
"Stayin' Alive - From ""Saturday Night Fever"" Soundtrack",Bee Gees
The Box,Roddy Ricch
Mercy,Shawn Mendes
Only Wanna Be With You,Hootie & The Blowfish
Angels Cry Remix - Remix,"Mariah Carey, Ne-Yo"
Tell Him - Single Version,The Exciters
Love The Way You Lie,"Eminem, Rihanna"
Gonna See My Baby Tonight,The La De Da's
Broken (feat. Amy Lee),"Seether, Amy Lee"
Higher,"Hilltop Hoods, James Chatburn"
Somebody That I Used To Know,"Gotye, Kimbra"
Ain't Telling The Truth,Bluejuice
The Only Exception,Paramore
Cats In The Cradle,Ugly Kid Joe
Higher Power,Coldplay
Sister Christian,Night Ranger
Everything About You,Ugly Kid Joe
Like Sister and Brother,The Drifters
Go Your Own Way,Fleetwood Mac
Jump,Rihanna
Wolves,"Selena Gomez, Marshmello"
Turn Up The Love,"Far East Movement, Cover Drive"
Soul Revival,Johnny Diesel & The Injectors
Perfect,Ed Sheeran
Oh Sherrie,Steve Perry
Get Down (You're the One for Me) - LP Edit No Rap,Backstreet Boys
Down (feat. Gucci Mane),"Fifth Harmony, Gucci Mane"
Rock You Like A Hurricane,Scorpions
Sugar Shack,"Jimmy Gilmer, The Fireballs"
Wake Me up When September Ends,Green Day
I Won't Back Down,Tom Petty and the Heartbreakers
Know Your Enemy,Green Day
All I Need Is A Miracle,Mike + The Mechanics
I Can Help,Billy Swan
Am I Ever Gonna See Your Face Again - Live,The Angels
I Like it Like That - 2019 - Remaster,The Dave Clark Five
Drive By,Train
This Is Who I Am,Vanessa Amorosi
A Hard Day's Night - Remastered 2009,The Beatles
Ghost,Ella Henderson
Get That Jive - 2006 Remaster,Dragon
Justified & Ancient - Stand by the Jams,The KLF
Only You Can Love Me This Way,Keith Urban
When a Man Loves a Woman,Percy Sledge
The Message,Grandmaster Flash & The Furious Five
Hold Me Closer,"Elton John, Britney Spears"
Goodbye,Sneaky Sound System
Music To My Heart,"Shab, Martinez Twins"
Last Night,Morgan Wallen
Hold Me Now,Johnny Logan
Be-Bop-A-Lula,Gene Vincent & His Blue Caps
The Dead Heart,Midnight Oil
The Living Years,Mike + The Mechanics
Ciao Adios,Anne-Marie
Kiss Me More (feat. SZA),"Doja Cat, SZA"
Señorita,"Shawn Mendes, Camila Cabello"
Get Down Tonight,KC & The Sunshine Band
Are You Lonesome Tonight,Elvis Presley
Friday I'm In Love,The Cure
Give It 2 Me,Madonna
Señorita,"Shawn Mendes, Camila Cabello"
Feelin' Alright,E.Y.C.
Do You Want To,Franz Ferdinand
Can't Get Enough of Your Love,Taylor Dayne
"It Ain't Me, Babe (with June Carter Cash)","Johnny Cash, June Carter Cash"
Remember The Name (feat. Eminem & 50 Cent),"Ed Sheeran, Eminem, 50 Cent"
(I Can't Get No) Satisfaction - Mono Version,The Rolling Stones
Million Man,The Rubens
Woke Up Late (feat. Hailee Steinfeld),"Drax Project, Hailee Steinfeld"
Better in Time,Leona Lewis
Fortune Teller - Mono,The Rolling Stones
One of These Nights - 2013 Remaster,Eagles
Don't Worry,Marty Robbins
Take My Breath - Single Version,The Weeknd
Sing Hallelujah!,Dr. Alban
That's Not My Name,The Ting Tings
Someone,Kelly Clarkson
One Too Many,"Keith Urban, P!nk"
Special Needs,Placebo
Oh Boy!,"Buddy Holly, The Crickets"
Black Velvet,Alannah Myles
Would You Raise Your Hands?,Rogue Traders
The Forgotten,Green Day
Because the Night,Patti Smith
It's The End Of The World As We Know It (And I Feel Fine),R.E.M.
All By Myself,Eric Carmen
Home Entertainment System,Lazaro's Dog
Friday On My Mind,Gary Moore
Warrior,Havana Brown
How You Remind Me,Nickelback
Silence,"Marshmello, Khalid"
Man Overboard,Do Re Mi
Kiss Me,Sixpence None The Richer
All I Ask,Chase Martin
Higher,"Sigma, Labrinth"
"Today's The Day - From ""The Ellen DeGeneres Show""",P!nk
How Do I Live,LeAnn Rimes
Don't Lose My Number - 2016 Remaster,Phil Collins
Ave Mary A,P!nk
Last Thing on My Mind,Steps
When Will I Be Loved,The Everly Brothers
Miss Sarajevo,"Passengers, Luciano Pavarotti"
Against The Wind,Bob Seger
Lady Bump,Penny McLean
Jump In The Pool,Friendly Fires
Help Yourself,Tom Jones
Every Heartbeat,Amy Grant
Disarm,The Smashing Pumpkins
Sexy Love,Kylie Minogue
You're the One,Charli xcx
Have I Told You Lately,Russell Watson
Candle In The Wind,Elton John
I Knew I Loved You,Savage Garden
Free,Ultra Naté
Feels So Right,Sunset City
Rock'n Me,Steve Miller Band
I'm an Albatraoz,"AronChupa, Little Sis Nora"
Victims,Culture Club
Love Letters,Billy Thorpe & The Aztecs
This Ain't A Love Song,Bon Jovi
Memphis Tennessee,Dave Berry
Here With Me,"Marshmello, CHVRCHES"
I Believe in You,Michael Bublé
Shimmer,Fuel
If It's Lovin' That You Want,Rihanna
Are You With Me - Radio Edit,The Potbelleez
Catch the Wind,Donovan
Don't Wanna Let You Go - Radio Edit,"Five, Stargate"
Hello,Lionel Richie
Cloudy Day,Tones And I
If We Ever Meet Again (Featuring Katy Perry),Timbaland
Free (feat. Emeli Sandé & Nas),"Rudimental, Emeli Sandé, Nas"
Don't Start Now - Dom Dolla Remix,"Dua Lipa, Dom Dolla"
Piano Man,Billy Joel
Stop,"Sam Brown, Pete Brown"
Route 66,The Rolling Stones
Neutron Star Collision (Love Is Forever) - Soundtrack Version,Muse
Automatic (Album Version),The Pointer Sisters
Walking On A Dream,Empire Of The Sun
Spin the Black Circle - Remastered,Pearl Jam
Meet Me Halfway,Black Eyed Peas
Let's Groove,"Earth\, Wind & Fire"
The Time (Dirty Bit),Black Eyed Peas
Happy Nation,Ace of Base
Shake Me Down,Cage The Elephant
For What It's Worth,Liam Gallagher
Total Eclipse of the Heart,Bonnie Tyler
Say You Love Me,Jessie Ware
Don't Hang Up,The Orlons
Shadows,The Getaway Plan
Hey Sexy Lady,"Shaggy, Brian & Tony Gold"
I'll Remember (Theme from the Motion Picture With Honors),Madonna
Rhinestone Cowboy,Glen Campbell
Rockin’,The Weeknd
Shoop Shoop Diddy Wop Cumma Cumma Wang Dang,Monte Video
Blue Eyes - Remastered 2003,Elton John
All to Myself,Guy Sebastian
I Can't Help Myself,The Supremes
Caught In The Crowd,Kate Miller-Heidke
Shadow Dancing,Andy Gibb
Living Without You,"Sigala, David Guetta, Sam Ryder"
Those Oldies But Goodies,Little Cesar & The Romans
Do It Again,Steely Dan
"Twist, Twist Senora",Gary U.S. Bonds
My Way - Produced By Rudimental,Thandi Phoenix
Just Lose It,Eminem
Permission To Shine,Bachelor Girl
Rockabye (feat. Sean Paul & Anne-Marie),"Clean Bandit, Sean Paul, Anne-Marie"
The Show Must Go On - 2010 Remastered Version,Leo Sayer
Silhouette,Birdy
Blinded By The Light - Single edit,Manfred Mann's Earth Band
The Unguarded Moment,The Church
Stargazing,"Kygo, Justin Jesso"
The Greatest Mistakes,Birds Of Tokyo
For You,Serena Ryder
Am I Wrong,Nico & Vinz
White Silver Sands,Bill Blacks Combo
The Ketchup Song (Asereje) - Spanish Version,Las Ketchup
Everything's Alright,"John Farnham, ""Jesus Christ Superstar"" 1992 Australian Cast, Jon Stevens, Kate Cebrano"
Absolutely Fabulous - 7'' Mix; 2001 Remastered Version,Absolutely Fabulous
From The Music,The Potbelleez
Sonnet,The Verve
Great DJ,The Ting Tings
Don't Stop Believin',Journey
Take It Back,Matter Of Mind
Don't Say You Love Me,M2M
Tribute,Tenacious D
Hit and Run,Jo Jo Zep and The Falcons
Just Got Started,"360, PEZ"
Show Me the Meaning of Being Lonely,Backstreet Boys
SOS,ABBA
Sway,Michael Bublé
Roll Over Beethoven - Remastered 2009,The Beatles
Last Time,Labrinth
One More Night,Phil Collins
The Anthem,Good Charlotte
Papercuts (feat. Vera Blue),"Illy, Vera Blue"
Freedom of Choice - 2009 Remaster,DEVO
Crazy Little Thing Called Love - Remastered 2011,Queen
Blue Moon,The Marcels
Runaway,Ed Sheeran
Candy,Mandy Moore
Keeps Gettin' Better,Christina Aguilera
On the Road Again,Willie Nelson
Family Portrait,P!nk
Hotter Than Hell,Dua Lipa
Humpin' Around - Radio Edit,Bobby Brown
Glorious (feat. Skylar Grey),"Macklemore, Skylar Grey"
Love Grows (Where My Rosemary Goes) - Re-Recorded,Edison Lighthouse
Down On The Corner,Creedence Clearwater Revival
"Show Me Heaven - From ""Days Of Thunder"" Soundtrack",Maria McKee
Joy,Bastille
The Hills,The Weeknd
Hung Up,Madonna
This Ain't a Love Song,Scouting For Girls
Bad At Love,Halsey
Rock And Roll All Nite,KISS
Send My Love (To Your New Lover),Adele
She Works Hard For The Money,Donna Summer
Amigos Para Siempre - Friends for Life,"José Carreras, Sarah Brightman"
The Legend Of Xanadu,"Dave Dee\, Dozy\, Beaky\, Mick & Tich"
Rhythm Is A Dancer,SNAP!
Watch Me (Whip / Nae Nae),Silentó
It's Still Rock and Roll to Me,Billy Joel
Versace on the Floor,Britney Holmes
Homosapien,Pete Shelley
Say So,Masked Wolf
What's My Name?,"Rihanna, Drake"
Don't You Want Me - Edit,Felix
Rock$tar,Reece Mastin
Mercy,Shawn Mendes
It's a Game,Bay City Rollers
According To My Heart,The Reels
Gamble Everything for Love,Ben Lee
Ho Hey,The Lumineers
Have A Look,Vanessa Amorosi
"American Woman - 7"" Single Version",The Guess Who
Try to Remember,Des O'Connor
I Did What I Did For Maria,Tony Christie
Rising Sun,Cold Chisel
I Ran (So Far Away) - Single Edit,A Flock Of Seagulls
I Won't Back Down,Tom Petty
A Song For You,Carpenters
Life's Been Good,Joe Walsh
Put Yourself in My Place,"Kylie Minogue, Ronin"
Good Feeling,Flo Rida
Here I Go Again - 1987 Version; 2017 Remaster,Whitesnake
Keep Your Head Up,Andy Grammer
Feel the Love (feat. John Newman),"Rudimental, John Newman"
"More, More, More",Andrea True Connection
Hey Ya!,Outkast
Your Love - Radio Edit,The Aston Shuffle
Don't Hold Your Breath,Nicole Scherzinger
Life,Des'ree
Viva La Vida,Coldplay
Blame It on the Weatherman,B*Witched
,
Warm Ride,Graham Bonnet
Nobody To Love - Extended Mix,Sigma
Don't Wanna Try,Frankie J
Norman,Sue Thompson
(Just Like) Starting Over - Remastered 2010,John Lennon
Too Fake,Hockey
Call It What You Want,Foster The People
Mr. Saxobeat - Radio Edit,Alexandra Stan
Just What I Needed,The Cars
Therapy,Budjerah
Abracadabra,Steve Miller Band
Right Round,"Flo Rida, Kesha"
Self Control,Laura Branigan
Peanut Butter Jelly,Galantis
Whistle,Flo Rida
Come On Over,Shania Twain
Sexcrime (Nineteen Eighty-Four),"Eurythmics, Annie Lennox, Dave Stewart"
I Can't Stand the Rain,Eruption
Wild Wild Love (feat. G.R.L.),"Pitbull, G.R.L."
Easy,Commodores
Waiting All Night (feat. Ella Eyre),"Rudimental, Ella Eyre"
Just A Kiss,Lady A
7 Things - Single Version,Miley Cyrus
Here Comes the Rain Again - Remastered Version,"Eurythmics, Annie Lennox, Dave Stewart"
Suddenly I See,KT Tunstall
Say So,Doja Cat
You Really Got Me - 2015 Remaster,Van Halen
Travelin' Band,Creedence Clearwater Revival
Losing Grip,Avril Lavigne
Big World,Conrad Sewell
Almost With You - 2002 Digital Remaster,The Church
Changed The Way You Kissed Me (Radio Edit),Example
Forever Until Tomorrow,MKTO
Thunder,Imagine Dragons
Boom Sha La La Lo,Hans Poulsen
The Rascal King,The Mighty Mighty Bosstones
(The Man Who Shot) Liberty Valance,Gene Pitney
Everybody Dance (feat. Nile Rodgers),"Cedric Gervais, Franklin, Nile Rodgers"
Mountain,Chocolate Starfish
If You Could Read My Mind,"Ultra Naté, Amber, Jocelyn Enriquez"
One Last Breath,Creed
To Cut a Long Story Short - 2010 Remaster,Spandau Ballet
Love Is in the Air - Ballroom Mix,John Paul Young
YMCA - Original Version 1978,Village People
Gone Away,The Offspring
I Think I Love You,"David Cassidy, The Partridge Family"
Wake up Little Susie,The Everly Brothers
Missing You,John Waite
arms,Christina Perri
Love Will Find A Way,Pablo Cruise
Volare,Bobby Rydell
Man in the Mirror,Michael Jackson
Tennessee Bird Walk,"Jack Blanchard & Misty Morgan, Misty Morgen"
Bette Davis Eyes,Kim Carnes
Not Over,Bag Raiders
The Land of Make Believe,Bucks Fizz
I Don't Like It,Pauline Pantsdown
That's Amore,"Dean Martin, Dick Stabile And His Orchestra"
Rome Wasn't Built in a Day,Morcheeba
Our Day Will Come - Single Version,Ruby And The Romantics
Don't Stop Movin',S Club
Everybody's Got To Learn Sometime,The Korgis
Do The Bird,Dee Dee Sharp
A Song For You,Carpenters
A Whiter Shade of Pale - Original Single Version,Procol Harum
Higher (feat. iann dior),"Clean Bandit, iann dior"
Send My Love (To Your New Lover),Adele
We Found Love (feat. Rihanna),"Calvin Harris, Rihanna"
What's Love Got To Do With It,"Warren G, Adina Howard"
I Wish I Knew How It Would Feel to Be Free,Nina Simone
Arabella,Arctic Monkeys
Wasn't Expecting That,Jamie Lawson
In A Big Country,Big Country
Be Good Johnny,Men At Work
I Wanna Be Your Lover,Prince
Tick Tock (feat. 24kGoldn),"Clean Bandit, Mabel, 24kGoldn"
Only When I Sleep,The Corrs
"Freedom Come, Freedom Go",The Fortunes
Peaches,The Presidents Of The United States Of America
Side To Side,"Ariana Grande, Nicki Minaj"
Push Up,Freestylers
Rehab,Amy Winehouse
Stop! In The Name Of Love,The Supremes
When You Say You Love Me,Human Nature
Wouldn't Change a Thing,Kylie Minogue
Baby Makes Her Blue Jeans Talk,Dr. Hook
Dancing On My Own,Calum Scott
The Glamorous Life,Sheila E.
Bootie Call,All Saints
I'm Alright,Jo Dee Messina
Midnight Blue,Lou Gramm
When You Say Nothing At All,Ronan Keating
Prayer in C - Robin Schulz Radio Edit,"Lilly Wood and The Prick, Robin Schulz"
Almost Unreal,Roxette
Don't Sleep in the Subway,Petula Clark
My Oh My (feat. DaBaby),"Camila Cabello, DaBaby"
Too Good At Goodbyes - Edit,Sam Smith
She's Like the Wind,"Patrick Swayze, Wendy Fraser"
Bring Me Some Water,Melissa Etheridge
Stay,Ronan Keating
Rush - Single Version,Big Audio Dynamite
FourFiveSeconds,"Rihanna, Kanye West, Paul McCartney"
The Rockafeller Skank - Short Edit,Fatboy Slim
Drop The Pilot,Joan Armatrading
Honestly,Hot Chelle Rae
"Rocket Man (I Think It's Going To Be A Long, Long Time)",Elton John
Johnny Run Away,Tones And I
Brokenhearted,Karmin
Love...Thy Will Be Done - Single Version,Martika
Mary Jane's Last Dance,Tom Petty and the Heartbreakers
Misty Blue,Dorothy Moore
Walk,Foo Fighters
Weir,Killing Heidi
Ruby Baby,Dion
Eve Of Destruction,Barry McGuire
Time to Wander,GATC
Home - feat. Michael Bublé,"Blake Shelton, Michael Bublé"
"Carry On (from the Original Motion Picture ""POKÉMON Detective Pikachu"")","Kygo, Rita Ora"
Little Bad Girl (feat. Taio Cruz & Ludacris),"David Guetta, Ludacris, Taio Cruz"
I Only Want To Be With You - Mono,Dusty Springfield
Loverboy,Billy Ocean
All The Small Things,blink-182
Stupid Girl,Garbage
I'm Gonna Be (500 Miles),The Proclaimers
Buffalo Soldier,Bob Marley & The Wailers
Is She Really Going Out With Him?,Joe Jackson
Starving,"Hailee Steinfeld, Grey, Zedd"
Woman - Tyler Stone Summer Chill Mix,"Louie Austen, Tyler Stone"
All Of The Lights - Album Version (Edited),Kanye West
Crawl Back In,Dead By Sunrise
Chemical Heart,Grinspoon
Paris Is Burning,Ladyhawke
Comeback,Grinspoon
Stay Wild,Little Birdy
Smells Like Teen Spirit,Nirvana
Landslide,The Chicks
The Hard Way,Thirsty Merc
"Hold Me, Thrill Me, Kiss Me, Kill Me - From 'Batman Forever'",U2
What We Talkin' About,"JAY-Z, Luke Steele"
Sweet Disposition,The Temper Trap
Be Kind (with Halsey),"Marshmello, Halsey"
In These Arms,Bon Jovi
Regardless,"RAYE, Rudimental"
Fake It,Sore
Last Night,Az Yet
SummerThing!,"AFROJACK, Mike Taylor"
Let's Talk About Sex,Salt-N-Pepa
Country Bumpkin (Rerecorded),Cal Smith
Bad (feat. Vassy) - Radio Edit,"David Guetta, Showtek, VASSY"
Heaven For Everyone - Remastered 2011,Queen
Gypsy Woman,Brian Hyland
Heaven Is A Place On Earth,Belinda Carlisle
Dancing,Kylie Minogue
Little Bad Girl,"David Guetta, Taio Cruz, Ludacris"
Batdance,Prince
I Am a Rock,Simon & Garfunkel
Listen People,Herman's Hermits
Will You Love Me Tomorrow,The Shirelles
What It Feels Like for a Girl,Madonna
Takin' Care Of Business,Bachman-Turner Overdrive
Hold My Hand,Jess Glynne
Confide in Me - Radio Mix,Kylie Minogue
Strong - High Contrast Remix,"London Grammar, High Contrast"
"Hungry Eyes - From ""Dirty Dancing"" Soundtrack",Eric Carmen
My Guy,Mary Wells
(You're My) Soul And Inspiration,The Righteous Brothers
Tennis Court,Lorde
Mi Gente,"J Balvin, Willy William"
Human,The Killers
Here I Am (Come And Take Me),UB40
Envy,"Twiztid, Ice Nine Kills"
You Get What You Give,New Radicals
Every 1's a Winner - Single Version,Hot Chocolate
Fishin' in the Dark,Nitty Gritty Dirt Band
Shut Up and Dance,WALK THE MOON
Homecoming,Hey Monday
Chiquitita,ABBA
"Someday, Someday - Single Version",Thirsty Merc
Scars To Your Beautiful,Alessia Cara
Love You So,Ron Holden
Wishing Well,Sananda Maitreya
Shiny Shiny,Haysi Fantayzee
Brand New Me,Alicia Keys
Touch It,Monifah
Steal My Sunshine,Len
4 In The Morning,Gwen Stefani
(You're The) Devil In Disguise,Elvis Presley
Love Me Two Times,The Doors
Walking On Air,Katy Perry
Shake It,Metro Station
Stand By Your Man,Tammy Wynette
...Baby One More Time,Britney Spears
Stairway to Heaven - Remastered,Neil Sedaka
With Or Without You - Remastered 2007,U2
Old Me,5 Seconds of Summer
Good as Hell (feat. Ariana Grande) - Remix,"Lizzo, Ariana Grande"
That Girl,"Maxi Priest, Shaggy"
Wind It Up,Gwen Stefani
Homesick,Stan Walker
Stereo Hearts (feat. Adam Levine),"Gym Class Heroes, Adam Levine"
I Want You Back,The Jackson 5
LoveStoned / I Think She Knows - Radio Edit,Justin Timberlake
Magic Carpet Ride,Steppenwolf
Shop Around,The Miracles
Well...All Right,Buddy Holly
Are You With Me,Lost Frequencies
Fussy,End Of Fashion
By Your Side (feat. Tom Grennan),"Calvin Harris, Tom Grennan"
Love Theme from St. Elmo's Fire - Instrumental,David Foster
Save Your Tears,The Weeknd
On a Mission,Gabriella Cilmi
Down Boy - Radio Edit,Holly Valance
"It Must Have Been Love - From the Film ""Pretty Woman""",Roxette
Getting Away With It (All Messed Up) - Vandalism Radio Edit,"Sean Quinn, Gus Cullen"
I Feel for You,Chaka Khan
Acquainted,The Weeknd
Abracadabra,Steve Miller Band
Tears In Heaven,Eric Clapton
Cartoon Heroes - Radio Edit,Aqua
Slow Hands,Niall Horan
Please Don't Go,KC & The Sunshine Band
Youngblood,5 Seconds of Summer
Like It's Her Birthday,Good Charlotte
Unchained Melody,The Righteous Brothers
Bubbly,Colbie Caillat
Sex,"Cheat Codes, Kris Kross Amsterdam"
Chain Reaction,John Farnham
Little Lion Man,Mumford & Sons
Cream - Without Rap Monologue,Prince
Touch The Sky - Radio Edit,"Kanye West, Lupe Fiasco"
Do You Want to Dance - 2008 Remaster,Bette Midler
Hold On,KT Tunstall
Glad You Came,The Wanted
Talk Like That,The Presets
"Sucker for Pain (with Wiz Khalifa, Imagine Dragons, Logic & Ty Dolla $ign feat. X Ambassadors)","Lil Wayne, Wiz Khalifa, Imagine Dragons, X Ambassadors, Logic, Ty Dolla $ign"
We're Going To Ibiza!,Vengaboys
The Hippy Hippy Shake,The Swinging Blue Jeans
Mama Didn't Lie,Jan Bradley
Dark Times,"The Weeknd, Ed Sheeran"
Rocksteady,Slip-On Stereo
The Animal Song,Savage Garden
Think About Tomorrow Today,The Master's Apprentices
Whatta Man,"Salt-N-Pepa, En Vogue"
Lambada - Original Radio Edit,Kaoma
Flowers,Miley Cyrus
How Do You Talk To An Angel?,The Heights
Child's Play,Sherbet
Uptight Downtown,La Roux
She,Ed Sheeran
Would You Lay With Me (In A Field Of Stone),Judy Stone
The Letter,The Box Tops
Floating Through Space,"Sia, David Guetta"
The First Time Ever I Saw Your Face,Roberta Flack
Sarah,Eskimo Joe
Ride It - Jonas Blue Remix,"Regard, Jonas Blue"
Ridin' Solo,Jason Derulo
Piece Of Your Heart,"MEDUZA, Goodboys"
I'm The Leader Of The Gang (I Am),Gary Glitter
Another Chance,Roger Sanchez
Daylight (feat. Travis McCoy),"Kelly Rowland, Travis McCoy"
20 Miles,Ray Brown And The Whispers
Despacito - Remix,"Luis Fonsi, Daddy Yankee, Justin Bieber"
Looking Through the Eyes of a Beautiful Girl,Autumn
Happy,Pharrell Williams
Drive,Incubus
Wish You Were Here,Pink Floyd
Zorba's Dance - Radio Edit,LCD
Black Dog - 1990 Remaster,Led Zeppelin
Decode - Twilight Soundtrack Version,Paramore
Go Away Little Girl,Steve Lawrence
Three Times A Lady,Commodores
Country House,Blur
Ms. Jackson - Radio Mix,Outkast
Never Forget You,"Zara Larsson, MNEK"
Highway to Hell,Back In Black
Wooden Heart,Elvis Presley
On the Rebound,Floyd Cramer
Coalman,Ronnie Burns
Survivor,Destiny's Child
Let Your Love Flow,The Bellamy Brothers
Giant (with Rag'n'Bone Man),"Calvin Harris, Rag'n'Bone Man"
Slow Hands,Niall Horan
Candle In The Wind 1997,Elton John
I'm A Boy - Mono Version,The Who
Pretty Girls,"Britney Spears, Iggy Azalea"
One More Try - Remastered,George Michael
Little Talks,Of Monsters and Men
Casanova,Ultimate Kaos
Play Hard (feat. Ne-Yo & Akon) - New Edit,"David Guetta, Akon, Ne-Yo"
Wings of a Dove,"Ferlin Husky, Hank Locklin"
Baby Don't Hurt Me,"David Guetta, Anne-Marie, Coi Leray"
Ready 2 Go,"Martin Solveig, Kele"
Passengers,Elton John
Fine Again,Seether
When I Was Your Man,Bruno Mars
My Generation - Mono Version,The Who
Dreams - 2004 Remaster,Van Halen
Burn For You,INXS
Weightless,All Time Low
The Hardest Thing,98º
Dreams,"Jolyon Petch, Reigan"
N Dey Say - Album Version / Explicit,Nelly
Lean On Me,"Cheat Codes, Tinashe"
Hook Me Up,The Veronicas
From This Moment On - Pop On-Tour Version,Shania Twain
Lights,Journey
Leave Me Alone (Ruby Red Dress),Helen Reddy
All I Hear,Kate Alexa
Somethin' Stupid,"Robbie Williams, Nicole Kidman"
The World I Used to Know,Jimmie Rodgers
Bridge Over Troubled Water,Simon & Garfunkel
Swing The Mood,Jive Bunny and the Mastermixers
Rise,"Jonas Blue, Jack & Jack"
Think Twice,Céline Dion
Why Does It Always Rain on Me?,Travis
Sex On The Radio,Good Charlotte
When the War Is Over,Cosima De Vito
The Wild Boys,Duran Duran
Hide Away,Daya
Been Waiting,Jessica Mauboy
Hooked On A Feeling,"Blue Swede, Björn Skifs"
Me And My Broken Heart,Rixton
The Beautiful People,Marilyn Manson
Capital Letters,"Hailee Steinfeld, BloodPop®"
Let's Get Married (feat. Run) - ReMarqable Remix,"Jagged Edge, RUN, Lamarquis Jefferson"
Runaways,The Killers
LoveGame,Lady Gaga
When I'm Sixty Four - Remastered 2009,The Beatles
YOU'RE GONNA LOVE THIS,3OH!3
You Were Meant For Me,Jewel
Money For Nothing,Dire Straits
I Still Haven't Found What I'm Looking For - Remastered 2007,U2
Love Me Harder,"Ariana Grande, The Weeknd"
NYC Beat,Armand Van Helden
Killer Queen - Remastered 2011,Queen
Down With The Trumpets,Rizzle Kicks
Boyfriend,Mabel
White Horse,Taylor Swift
Sunday Morning,Maroon 5
Demons,Imagine Dragons
If I Were a Carpenter,Swanee
Percolator (Twist),Billy Joe & The Checkmates
If You Don't Know Me by Now - 2008 Remaster,Simply Red
Cleanin' Out My Closet,Eminem
September Song,JP Cooper
Not Fair,Lily Allen
Can You Feel,Taxiride
Ride Wit Me,"Nelly, City Spud"
Georgy Girl,The Seekers
The Pushbike Song,The Mixtures
"Closer - Original Song from the TV Series ""The Secret Daughter""",Jessica Mauboy
Valerie (feat. Amy Winehouse) - Version Revisited,"Mark Ronson, Amy Winehouse"
True Tears Of Joy,Hunters & Collectors
Love and Kisses,Dannii
Blue Eyes,Cary Brothers
"Love Me Like You Do - From ""Fifty Shades Of Grey""",Ellie Goulding
Like I'm Gonna Lose You (feat. John Legend),"Meghan Trainor, John Legend"
It's Not Easy - 2015 Remaster,Normie Rowe
Halo,Beyoncé
Wake Me Up Before You Go-Go,Wham!
Goodbye My Lover,James Blunt
Harleys In Hawaii,Katy Perry
Spice Up Your Life,Spice Girls
Roam,The B-52's
Thnks fr th Mmrs,Fall Out Boy
Iris,The Goo Goo Dolls
Stand By Me,Ben E. King
I Love Me,Demi Lovato
Everlasting Love,Love Affair
Moth To A Flame (with The Weeknd),"Swedish House Mafia, The Weeknd"
French Kissin In The U.S.A.,Debbie Harry
Lifestyle (feat. Adam Levine),"Jason Derulo, Adam Levine"
Midnight Run,Example
Obsession,Animotion
I'm Gonna Knock on Your Door,Eddie Hodges
Shine,Vanessa Amorosi
Hey Jealousy,Gin Blossoms
Genie in a Bottle,Christina Aguilera
We Can Get Together,Flowers
I Wanna Know (feat. Bea Miller),"NOTD, Bea Miller"
Remedy,Adele
Good Times Roll,The Cars
Jet - 2010 Remaster,"Paul McCartney, Wings"
BIG LOVE,Black Eyed Peas
You'll Never Find Another Love Like Mine,Lou Rawls
Tongue Tied,GROUPLOVE
Got My Mind Set On You - Extended Version,George Harrison
Elusive Butterfly,Bob Lind
The Kids Aren't Alright,The Offspring
UNHEALTHY (feat. Shania Twain),"Anne-Marie, Shania Twain"
Set It Off,Timomatic
Stuck on You,Elvis Presley
Perfect,One Direction
All We Ever Do Is Say Goodbye,John Mayer
Hello Walls,Faron Young
Crazy In Love (feat. Jay-Z),"Beyoncé, JAY-Z"
Bony Moronie,Hush
It's Too Late,Carole King
Dynamite,BTS
Happy,Leona Lewis
What About Me,Shannon Noll
Cheap Wine,Cold Chisel
Living Doll - 2000 Remastered Version,Cliff Richard & The Drifters
Written in the Scars,The Script
Queen Of Hearts,Juice Newton
Power,Ellie Goulding
Keep The Faith,Bon Jovi
Kiss Me Thru The Phone,"Soulja Boy, Sammie"
Blue Bayou,Linda Ronstadt
Cherish,Kool & The Gang
Megamix - Radio Version,Technotronic
"December, 1963 (Oh What a Night!)",Frankie Valli & The Four Seasons
I Started A Joke,Bee Gees
Take Me To Church,Hozier
Lightning's Girl,Nancy Sinatra
Jump (For My Love),The Pointer Sisters
Little Green Bag - Single Edit,George Baker Selection
One In A Million,Bosson
Forever Young - Fast Version,Bob Dylan
Home Among the Gumtrees,John Williamson
Where Have You Been,Rihanna
Dance to the Music,Sly & The Family Stone
On Top Of The World,Imagine Dragons
Blame It on the Bossa Nova,Eydie Gormé
Should I Stay or Should I Go - Remastered,The Clash
Legacy - Radio Edit,"Nicky Romero, Krewella"
Candy Shop,"50 Cent, Olivia"
Love Hurts,Jim Capaldi
I Can See Clearly Now,Jimmy Cliff
Gett Off,Prince
The Mountain's High,Dick & Dee Dee
Popsicles And Icicles,The Murmaids
Single,Ne-Yo
Night,Jackie Wilson
Be the One,Dua Lipa
Respectable,Mel & Kim
(They Long To Be) Close To You,Carpenters
Right Now (Na Na Na),Akon
Suspicious Minds,Fine Young Cannibals
Love And Other Bruises,Air Supply
Hot N Cold,Katy Perry
Like It Loud,Cassie Davis
Perfect Strangers,"Jonas Blue, JP Cooper"
Love Me Like You,Little Mix
If I Had a Hammer,Trini Lopez
I Should've Never Let You Go,Bardot
You're The One That I Want - From “Grease”,"John Travolta, Olivia Newton-John"
Baby Blue - Remastered 2010,Badfinger
Art of Love (feat. Jordin Sparks),"Guy Sebastian, Jordin Sparks"
Tubthumping,Chumbawamba
All I Want,Sarah Blasko
Whatever Will Be,"Tammin Sursok, Ray Hedges"
Reelin' In The Years,Steely Dan
Rock & Roll,Eric Hutchinson
I Got It From My Mama,will.i.am
Your Time Will Come - Remastered Version,"Eurythmics, Annie Lennox, Dave Stewart"
Stop Crying Your Heart Out,Oasis
1 Day 2 Nights,HRVY
Visiting Hours,Ed Sheeran
S Club Party,S Club
Butterfly,Matt Flinders
Hella Good,No Doubt
You're Not Sorry (Originally Performed By Taylor Swift) [Full Vocal Version],Chart Collective
High Hopes,Kodaline
Elenore,The Turtles
Hula Hoop,OMI
Welcome To The Jungle,Guns N' Roses
How Deep Is Your Love,Dru Hill
Untitled (How Could This Happen to Me?),Simple Plan
Surfer Girl - Remastered 2001,The Beach Boys
Spin,Cassette Kids
SO DONE,The Kid LAROI
Padam Padam,Kylie Minogue
Crimson and Clover,Joan Jett & the Blackhearts
Grease,Frankie Valli
Can't Get Used to Losing You,Andy Williams
Hey Baby,"No Doubt, Bounty Killer"
Don't Dream It's Over,Crowded House
Walk Like a Man,Frankie Valli & The Four Seasons
Underneath Your Clothes,Shakira
Freak Me,Silk
Judy's Turn To Cry,Lesley Gore
The Old Man Down The Road,John Fogerty
Hey Brother,Avicii
Little Sister,Elvis Presley
Blank Space,Taylor Swift
Moves Like Jagger,"Maroon 5, Christina Aguilera"
Futon Couch,Missy Higgins
Bang-Shang-a-Lang,The Archies
Lighters,"Bad Meets Evil, Bruno Mars"
Go Crazy,"Chris Brown, Young Thug"
If I Know You,The Presets
Break Your Heart,Taio Cruz
Blended Family (What You Do For Love) (feat. A$AP Rocky),"Alicia Keys, A$AP Rocky"
Rock And Roll All Nite,KISS
I Got You,Split Enz
Jungle Love,Steve Miller Band
By Your Side,"Jonas Blue, RAYE"
Romeo And Juliet,Dire Straits
Groovejet (If This Ain't Love) [feat. Sophie Ellis-Bextor],"Spiller, Sophie Ellis-Bextor"
Physical,Olivia Newton-John
Love Action (I Believe In Love),The Human League
Yesterday - Remastered 2009,The Beatles
Cruel - Remastered,Human Nature
Losing You,Brenda Lee
Still Got The Blues,Gary Moore
Call Me,Go West
Neutron Dance,The Pointer Sisters
Start Me Up - Remastered 2009,The Rolling Stones
Finesse - Remix; feat. Cardi B,"Bruno Mars, Cardi B"
Beautiful Lies,Birdy
Tie a Yellow Ribbon Round the Ole Oak Tree (feat. Tony Orlando),"Dawn, Tony Orlando"
I Feel It Coming,"The Weeknd, Daft Punk"
Asshole,Denis Leary
Better Than,John Butler Trio
And We Danced,The Hooters
The Fixer,Pearl Jam
Sound of Silence,Dami Im
Titanium (feat. Sia),"David Guetta, Sia"
VALENTINO - Imanbek Remix,"24kGoldn, Imanbek"
Don't Start Now,Dua Lipa
Duke of Earl,Gene Chandler
I Don't Want To Be With Nobody But You (feat. Wendy Matthews),"Absent Friends, Wendy Matthews"
Predictable,Delta Goodrem
OMG,"USHER, will.i.am"
Livin' Thing,Electric Light Orchestra
Dirty Creature,Split Enz
Karma,Taylor Swift
Grease - 2007 Remaster,Frankie Valli
Spectrum,Florence + The Machine
Versace on the Floor,Bruno Mars
If I Never See Your Face Again,"Maroon 5, Rihanna"
Too Much Love Will Kill You - Remastered 2011,Queen
When I Was Young,Eric Burdon & the Animals
Dizzy,Tommy Roe
When You're Gone,"Bryan Adams, Melanie C"
My Girl,The Temptations
"Eye Level (Original Theme from ""Van Der Valk"")","The Simon Park Orchestra, De Wolfe Music"
Misty - 1975 #3Country; #14Pop Billboard chart hit,Ray Stevens
Sunshine on a Rainy Day,Christine Anu
Voodoo Child,Rogue Traders
Don't Let The Rain Come Down (Crooked Little Man),The Serendipity Singers
9 to 5,Dolly Parton
"See You Again, Love Me Like You Do, Sugar - Acoustic Mashup",Megan Davies
How Am I Supposed to Live without You,Laura Branigan
Twist And Shout - Remastered 2009,The Beatles
True Colors,"Anna Kendrick, Justin Timberlake"
One Dance,"Drake, Wizkid, Kyla"
Sister Christian,Night Ranger
I'll Be There for You (Friends Theme),Boyce Avenue
Trouble,"Iggy Azalea, Jennifer Hudson"
Surrender,Cheap Trick
I Fall Apart,Post Malone
Lush Life,Zara Larsson
Happy Up Here,Röyksopp
Unwell - 2007 Remaster,Matchbox Twenty
Buses and Trains - Radio Edit,Bachelor Girl
Twisted,Brian McFadden
Witch Queen,Chantoozies
Cool World - Digitally Remastered,Mondo Rock
Bulletproof,La Roux
Breathe,"Jax Jones, Ina Wroldsen"
Say My Name,"Dimitri Vegas & Like Mike, Regard, Dimitri Vegas"
I Cry,Flo Rida
When Doves Cry,Prince
Love & Devotion - Club Mix,Real McCoy
I Could Be The One (Avicii Vs. Nicky Romero) - Nicktim / Radio Edit,"Avicii, Nicky Romero"
Silver Moon,"Michael Nesmith, The First National Band"
Fame,Irene Cara
Walk On The Wild Side,Jimmy Smith
Jackson,"Nancy Sinatra, Lee Hazlewood"
Sunshine After The Rain,Elkie Brooks
Hear My Name - Radio Edit,Armand Van Helden
She's Got That Vibe,"R. Kelly, Public Announcement"
Ain't Got Far to Go,Jess Glynne
Good Thing,Fine Young Cannibals
Dream Baby,Roy Orbison
Come And Get It - Remastered 2010,Badfinger
Midnight Midnight,The Potbelleez
No Roots,Alice Merton
You Get What You Give,New Radicals
All The Stars (with SZA),"Kendrick Lamar, SZA"
867-5309 / Jenny (Rerecorded),Tommy Tutone
I'll Be Gone,Spectrum
Cream,Prince
Buttons - Final Edit Version,"The Pussycat Dolls, Snoop Dogg"
Johnny B. Goode,Chuck Berry
I Wanna Be Around...,Tony Bennett
Unforgettable - Mariah Carey Acoustic Remix,"French Montana, Mariah Carey, Swae Lee"
Hang On Sloopy,The McCoys
Kings And Queens,Thirty Seconds To Mars
Hot Right Now (feat. RITA ORA) - Radio Edit,"DJ Fresh, Rita Ora"
Losing My Religion,R.E.M.
Lose Control,"MEDUZA, Becky Hill, Goodboys"
Hopelessly Devoted To You - From “Grease” Soundtrack,Olivia Newton-John
I'll Put You Together Again,Hot Chocolate
Calling All Angels,Train
Sunflower - Spider-Man: Into the Spider-Verse,"Post Malone, Swae Lee"
Save Tonight,Eagle-Eye Cherry
Lights On (feat. Ms Dynamite) - Single Mix,"Katy B, Ms. Dynamite"
Same Old Love,Selena Gomez
Que Sera,Justice Crew
Knockin' On Heaven's Door,Bob Dylan
Cindy's Birthday,Johnny Crawford
Say What You Want,Texas
Like This (feat. Eve),"Kelly Rowland, Eve"
Miss Independent,Kelly Clarkson
For Your Entertainment,Adam Lambert
One Day / Reckoning Song (Wankelmut Remix) - Radio Edit,"Asaf Avidan, The Mojos, Wankelmut"
What If I,Meghan Trainor
If I Go,Ella Eyre
Canned Heat,Jamiroquai
What You Need,INXS
Black Betty,Ram Jam
Bad Boys (Theme from COPS),Inner Circle
Nobody Knows,The Tony Rich Project
Cold Heart - PNAU Remix,"Elton John, Dua Lipa, PNAU"
Enjoy the Silence - 2006 - Remaster,Depeche Mode
Fly Away,Lenny Kravitz
New in Town,Little Boots
California Blue,Roy Orbison
Welcome to My Life,Simple Plan
Return to Sender,Elvis Presley
Do You Want My Love,CoCo Lee
Shadow Boxer,The Angels
Simple Kind Of Life,No Doubt
Bring It On Home to Me,Sam Cooke
Rushing Back,"Flume, Vera Blue"
Lift,Shannon Noll
Please Don't Leave Me,P!nk
Run This Town,"JAY-Z, Rihanna, Kanye West"
One Word,Baby Animals
Way Back Home - Original,Bag Raiders
Pon de Replay,Rihanna
Same Love (feat. Mary Lambert),"Macklemore & Ryan Lewis, Mary Lambert"
Good Days Bad Days,Kaiser Chiefs
The Buzz,"Hermitude, Mataya, Young Tapz"
To Be A Lover,Billy Idol
Kick,INXS
Breathless,The Corrs
Scarborough Fair / Canticle,Simon & Garfunkel
Killing Me Softly With His Song,"Fugees, Ms. Lauryn Hill"
Ocean Avenue,Yellowcard
Break My Stride,Matthew Wilder
Take Me To Your Heart - Remastered Version,"Eurythmics, Annie Lennox, Dave Stewart"
It's Time,Imagine Dragons
34+35,Ariana Grande
Days Like This,Busby Marou
Block Rockin' Beats,The Chemical Brothers
Dressed For Success,Roxette
"Take a Letter, Maria",R.B. Greaves
Chateau,Angus & Julia Stone
Baby I'm-a Want You,Bread
Diggin' On You,TLC
Running on Empty,Jackson Browne
The Brick Track Versus Gitty Up - Rickidy Raw Hide Radio Mix,Salt-N-Pepa
Where Did Our Love Go,The Supremes
My Sweet Lord - Remastered 2014,George Harrison
The Last Time,The Script
comethru,Jeremy Zucker
Looking Through Patient Eyes,P.M. Dawn
I'm On Fire,5000 Volts
So Good - International Version,Bratz
Gives You Hell,The All-American Rejects
Pipeline,The Chantays
More Than A Woman,Bee Gees
Crazy What Love Can Do,"David Guetta, Becky Hill, Ella Henderson"
Too Much To Ask,Niall Horan
Intuition,Jewel
I Won't Back Down,Tom Petty
Cheers (Drink To That),Rihanna
No One Else Comes Close,Joe
Too Many Broken Hearts,Jason Donovan
Burning Down The House,"Tom Jones, The Cardigans"
Candyman,Christina Aguilera
I'll Be There For You,Bon Jovi
Dangerous,Roxette
Faded,Alan Walker
Make Luv,"Room 5, Oliver Cheatham"
Stressed Out,Twenty One Pilots
Long Train Runnin',The Doobie Brothers
You've Really Got A Hold On Me,The Miracles
Yellow Submarine - Remastered 2009,The Beatles
That Word (l.o.v.e.),Deni Hines
I Want You,Toni Pearen
You're Only Human (Second Wind),Billy Joel
"Knock Knock, Who's There?",Liv Maessen
Little Red Corvette - Single Version,Prince
Welcome To The Jungle,Guns N' Roses
Love Hurts,Roy Orbison
Cocoon,Love Ghost
Psycho Killer - 2005 Remaster,Talking Heads
Hard to Say I'm Sorry - 2007 Remaster,Chicago
Starstrukk,"3OH!3, Katy Perry"
Show Me the Way,Brian Cadd
Roll On,The Living End
One Last Breath,Creed
So Macho,Sinitta
Perfect,Simple Plan
You've Got The Love,Florence + The Machine
Praise You - Radio Edit,Fatboy Slim
Hand in My Pocket - 2015 Remaster,Alanis Morissette
The Power of Love,Céline Dion
The Millennium Prayer,Cliff Richard
Lakini's Juice - New Album Version,Live
Hole in My Heart,Cyndi Lauper
In My Blood,The Veronicas
I Won't Kneel,Groove Armada
Something's Burning,Kenny Rogers & The First Edition
Sugar,Maroon 5
Heart And Soul,T'Pau
You're Sixteen (You’re Beautiful And You’re Mine),Ringo Starr
Last Night (feat. Snoop Dogg and Bobby Anthony) - Extended Mix,"Ian Carey, Snoop Dogg, Bobby Anthony"
Tip Of My Tongue,Diesel
Accidentally In Love,Counting Crows
To The Moon And Back,Savage Garden
Kids Again - Radio Edit,Example
Don't Forget About Us,Mariah Carey
Ring Ring Ring,De La Soul
Arcade,Duncan Laurence
Male Stripper,Man 2 Man
When You're Looking Like That - Single Remix,Westlife
Generator,Foo Fighters
Into You,Ariana Grande
The Reason,Hoobastank
Money,"CID, Bahary, The Flying Lizards"
Sunchyme,Dario G
As I Lay Me Down,Sophie B. Hawkins
"Baby, I’m Gettin’ Better",Gyroscope
Now And Then,The Beatles
Don't Lie,Black Eyed Peas
Pinball Wizard,The Who
Que Sera,Justice Crew
Supermassive Black Hole,Muse
Paradise,Coldplay
All Of Us,"PNAU, Ollie Gabriel"
"Yes Sir, I Can Boogie",Baccara
So You Win Again,Hot Chocolate
Do You Wanna Touch Me? (Oh Yeah!),Gary Glitter
Don't Look Down (feat. Usher),"Martin Garrix, USHER"
Poison,Bardot
Electric Feel,MGMT
Just Say So,"Brian McFadden, Kevin Rudolf"
I'm Shakin',Jack White
Star Trekkin' - Original Radio Version,The Firm
Like The Way I Do,Melissa Etheridge
Cocoon,Milky Chance
Instant Replay,Dan Hartman
Hammerhead,James Reyne
I Don't Want to Be,Gavin DeGraw
The Greatest Show,Panic! At The Disco
Golden,Harry Styles
2step (feat. Budjerah),"Ed Sheeran, Budjerah"
Imagine - Remastered 2010,John Lennon
Unpretty - Radio Version,TLC
Victims of Love,Good Charlotte
Speed of Sound,Coldplay
Take My Heart,Birdy
Single Girl,Sandy Posey
Good Morning Starshine,Oliver
Fancy,"Iggy Azalea, Charli xcx"
Scandalous - U.S. Radio Edit,Mis-Teeq
If I Can't Have You,Shawn Mendes
Use Somebody,Kings of Leon
Midnight In Moscow,Kenny Ball
Magic Man,Heart
Paint The Town Red,Doja Cat
Brass in Pocket - 2006 Remaster,Pretenders
A million little colors,Vader the Villin
Island In The Sun,Weezer
Papa Don't Preach,Madonna
(Can't Live Without Your) Love And Affection - Remastered 2017,Nelson
Time to Pretend,MGMT
Pleasure And Pain,Divinyls
Separate Ways (Worlds Apart),Journey
Galveston - Remastered 2001,Glen Campbell
Wrecking Ball,Miley Cyrus
Lost & Not Found,"Chase & Status, Louis Mattrs"
Midnight (The Hanging Tree),"HOSH, 1979, Jalja"
(Dancin’) On A Saturday Night,Barry Blue
Let It Go - DJ Boat Remix,"Josefine, DJ Boat"
Creepin' Up Slowly,Taxiride
C'est La Vie,Robbie Nevil
"Hold On, I'm Comin'",Sam & Dave
Livin' It Up,"Ja Rule, Case"
Who The Hell Are You,Madison Avenue
A Girl Like You,Edwyn Collins
Can We Pretend (feat. Cash Cash),"P!nk, Cash Cash"
Uptown,The Crystals
Want to Want Me,Jason Derulo
Words,Bee Gees
One Fine Day,The Chiffons
Boombastic,Shaggy
Too Much Ain't Enough Love,Jimmy Barnes
Burn,Tina Arena
I Do (Cherish You),98º
I Still Haven't Found What I'm Looking For - Remastered 2007,U2
When I Die,No Mercy
Do It Again,"Pia Mia, Chris Brown, Tyga"
Say You Won't Let Go,James Arthur
Love Me Like You,Little Mix
Back Home Again,John Denver
Songbird,Bernard Fanning
I Love It,Sneaky Sound System
Lean On Me (feat. Robinson),"Illy, Robinson"
Attention,Charlie Puth
Blue (Da Ba Dee),Eiffel 65
Love Somebody,Maroon 5
Only Human,Jonas Brothers
Adam's Song,blink-182
Polygraph Eyes,YUNGBLUD
Get Up (Rattle) - Radio Edit,"Bingo Players, Far East Movement"
Blowin' in the Wind,Bob Dylan
"I Don't Want to Miss a Thing - From the Touchstone film, ""Armageddon""",Aerosmith
Skate,"Bruno Mars, Anderson .Paak, Silk Sonic"
Red Lights,Tiësto
Good Times,The Easybeats
Don't Let The Rain Come Down (Crooked Little Man),The Serendipity Singers
Don't Let Me Down,"The Chainsmokers, Daya"
Lionheart (Fearless),"Joel Corry, Tom Grennan"
Wake Up,The Vamps
What's My Age Again?,blink-182
Slipstream,Sherbet
Life Is A Rollercoaster,Ronan Keating
Superman (It's Not Easy),Five For Fighting
Sir Duke,Stevie Wonder
Copacabana (At the Copa),Barry Manilow
Wake Me Up,Avicii
Highway to Hell,AC/DC
"Over My Head (Cable Car) - Live at Sirius Radio, NYC, NY - May 2006",The Fray
The Bad Touch,Bloodhound Gang
Mine,Taylor Swift
Rio,Michael Nesmith
Don't Kill the Magic,MAGIC!
Like It Like That,Guy Sebastian
Emoji of a Wave,John Mayer
Eight Days A Week - Remastered 2009,The Beatles
Haven't Met You Yet,Michael Bublé
I Still...,Backstreet Boys
Monster Mash,"Bobby ""Boris"" Pickett, The Crypt-Kickers"
She Drives Me Crazy,Fine Young Cannibals
Son of a Gun - Remastered for Fitness Beats,JX
Erotica,Madonna
Baby,PNAU
Everybody Loves Somebody,Dean Martin
Four to the Floor - Thin White Duke Mix; Short Version,Starsailor
7 rings,Ariana Grande
Put Your Hand Up - Radio Mix,Random
2012 (It Ain't The End),"Jay Sean, Nicki Minaj"
Good News,Mac Miller
Timber,"Pitbull, Kesha"
When You Tell Me That You Love Me (with Diana Ross),"Westlife, Diana Ross"
Don't Waste Your Time,Kelly Clarkson
Stay With Me,Sam Smith
Oh L'Amour - 2011 Remaster,Erasure
Believer,Imagine Dragons
Black Betty,Ram Jam
"I Don't Want to Miss a Thing - From ""Armageddon"" Soundtrack",Aerosmith
Hand on Your Heart,Kylie Minogue
7 Seconds (feat. Neneh Cherry),"Youssou N'Dour, Neneh Cherry"
Stay,"Eternal, P Jervier, Steve Jervier, Wales"
I Like That,Bazzi
Calendar Girl - Remastered,Neil Sedaka
Way Out West,"James Blundell, James Reyne"
Never Be the Same,Jessica Mauboy
The Reflex - Single Version; 2010 Remaster,Duran Duran
Baby It's You,JoJo
Greenfields,The Brothers Four
Standing On The Outside,Cold Chisel
She Drives Me Crazy,Fine Young Cannibals
Wild Love,James Bay
Good Times,"Jimmy Barnes, INXS"
Space Invaders,Player 1
Rockin' for Myself,Motiv8
Take Me,RÜFÜS DU SOL
Old Man Emu,John Williamson
Always On Time,"Ja Rule, Ashanti"
Babooshka,Kate Bush
Wrap Me Up - Original Mix,Alex Party
Everyday People,Sly & The Family Stone
Tomorrow,Silverchair
Cheerleader (Felix Jaehn Remix) - Radio Edit,"OMI, Felix Jaehn"
Hey Boy Hey Girl,The Chemical Brothers
Easy Love,Sigala
Greenlight (feat. Flo Rida & LunchMoney Lewis),"Pitbull, Flo Rida, LunchMoney Lewis"
Waterloo,ABBA
Sunshine,GABRIELLE
He Don't Love You - Remastered,Human Nature
Standing In the Way of Control,Gossip
Chains,Nick Jonas
Changes,"2Pac, Talent"
I See You Baby (feat. Gramma Funk),"Groove Armada, Gramma Funk"
Nothing Really Matters,Mr. Probz
Longview,Green Day
Let It Be Me,The Everly Brothers
Satisfied,Richard Marx
Rude,MAGIC!
Big Plans,Why Don't We
If I Only Had Time,John Rowles
Jet Black Heart,5 Seconds of Summer
Get Used to It,Roger Voudouris
The Door,Silverchair
Hey There Delilah - Bonus Track,Plain White T's
Good Days,SZA
The One That You Love,Air Supply
You're The One That I Want - From “Grease”,"John Travolta, Olivia Newton-John"
In My Blood,Shawn Mendes
Endless Love (with Mariah Carey),"Luther Vandross, Mariah Carey"
Express Yourself,Madonna
Love To Love You Baby,Donna Summer
Daylight,Maroon 5
Gonna Make It,Vydamo
Red Lights,Tiësto
Ahead of Myself,Jamie Lawson
Am I Ever Gonna See Your Face Again,The Angels
Better Than Love,Hurts
I Really Don't Want to Know,Elvis Presley
Ignorance,Paramore
Work On It,Alicia Keys
Do I Wanna Know?,Arctic Monkeys
Mendocino,Sir Douglas Quintet
Sunday Morning,No Doubt
Feel Good Inc.,Gorillaz
Itchycoo Park (2012 Mono Remaster),Small Faces
Love Takes Time,Mariah Carey
Sweet Caroline,Neil Diamond
All Shook Up,Elvis Presley
Bang My Head (feat. Sia & Fetty Wap),"David Guetta, Fetty Wap, Sia"
You've Not Changed,Sandie Shaw
Caught Up In You,38 Special
7 Years,Lukas Graham
Supalonely,"BENEE, Gus Dapperton"
One Step Closer,Linkin Park
If I Die Young,The Band Perry
Running Scared,Roy Orbison
Baby Baby,Corona
Black And White,Niall Horan
Lovin' You,Minnie Riperton
Saved,Khalid
Don't Wanna Know,"Maroon 5, Kendrick Lamar"
I Can Dream About You,Dan Hartman
Spaceman,Babylon Zoo
New York,Ed Sheeran
Luck Be A Lady,Frank Sinatra
Take on Me,a-ha
It's Gonna Be Me,*NSYNC
My Little Girl,Ted Mulry Gang
Goodbye Yellow Brick Road - Remastered 2014,Elton John
There'll Be Sad Songs (To Make You Cry),Billy Ocean
Angel,"Shaggy, Rayvon"
Centerfold,The J. Geils Band
Band of Gold,Freda Payne
All The Things She Said,t.A.T.u.
Count On Me,Judah Kelly
The Final Countdown,Europe
Don't Expect Me to Be Your Friend,Lobo
Learn to Fly,Foo Fighters
All Day and All of the Night,The Kinks
What To Do,Rotimi
Espresso,Sabrina Carpenter
I'm a Man,The Yardbirds
Budapest,George Ezra
Heaven,Live
California Gurls,"Katy Perry, Snoop Dogg"
Breezeblocks,alt-J
This Town,Niall Horan
Together We Are Beautiful,Fern Kinney
"I Don’t Wanna Live Forever (Fifty Shades Darker) - From ""Fifty Shades Darker (Original Motion Picture Soundtrack)""","ZAYN, Taylor Swift"
Womanizer,Britney Spears
Tipsy - Radio Mix,J-Kwon
Fantasy,Black Box
Misery Business,Paramore
Thank You for the Broken Heart,J Rice
Do You Wanna Get Funky?,C & C Music Factory
No One Is To Blame,Howard Jones
Cold as Ice - 2008 Remaster,Foreigner
Roses,Outkast
If You Wanna Be Happy,Jimmy Soul
"Show Me Heaven - From ""Days Of Thunder""",Maria McKee
Get Her Back,Robin Thicke
Stitches,Shawn Mendes
Only Wanna Be With You,Amy Shark
Holding Back the Years - 2008 Remaster,Simply Red
Didn't I,OneRepublic
Irreplaceable,Beyoncé
Help,John Farnham
Women in Uniform - 1994 Remaster,Skyhooks
Elastic Heart,Sia
Forget Me,Lewis Capaldi
I'd Come for You,Nickelback
Till the World Ends,Britney Spears
The Love Club,Lorde
Hangover,"Taio Cruz, Flo Rida"
Embrace - Radio Edit,PNAU
Happy Together,The Turtles
Jesus Is a Soul Man,Lawrence Reynolds
Easy On Me,Adele
When I Fall in Love,Rick Astley
Am I That Easy To Forget,Engelbert Humperdinck
Gonna Miss You,Paul Mac
Growing Up (feat. Ed Sheeran),"Macklemore & Ryan Lewis, Macklemore, Ryan Lewis, Ed Sheeran"
Baby Love - Juke Box Single Version,The Supremes
I'm So Excited,The Pointer Sisters
Magic Number,"The Potbelleez, B.o.B"
There's Nothing I Won't Do,JX
"I'll Be Missing You (feat. Faith Evans, 112)","Diddy, Faith Evans, 112"
Love Is on the Way,Saigon Kick
You Need To Calm Down,Taylor Swift
Always Look On The Bright Side Of Life,Monty Python
We R Who We R,Kesha
50 Years,Uncanny X-Men
Like I Love You,Justin Timberlake
I Just Called To Say I Love You,Stevie Wonder
Signs,Five Man Electrical Band
Around the World,East 17
Green Light,Lorde
Wild Side Of Life,Status Quo
Sugar Baby Love,The Rubettes
Lucky Me,Bachelor Girl
Kiss Me,Olly Murs
Honest,The Chainsmokers
Magic - Single Version,Kylie Minogue
I Never Liked You,Rogue Traders
Always on My Mind,Tiki Taane
Kings & Queens,Ava Max
Kiss You,One Direction
My Band,D12
Hot In The City,Billy Idol
You Spin Me Round (Like a Record),Dead Or Alive
I Miss You,blink-182
I Finally Found Someone (feat. Bryan Adams),"Barbra Streisand, Bryan Adams"
Close Your Eyes,Michael Bublé
Rhymes,Rockmelons
Sly,The Cat Empire
Treat Her Right,Roy Head And The Traits
Bittersweet Goodbyes,"Ethan Sak, Liz Becker"
Candy,Iggy Pop
Your Mama Don't Dance,"Brian Cadd, The Bootleg Family Band"
City Lights,David Essex
Daffodils (feat. Kevin Parker),"Mark Ronson, Kevin Parker"
You Don't Have To Say You Love Me,Dusty Springfield
Where Is My Mind?,Pixies
Beautiful Goodbye,Maroon 5
Replay,Zendaya
Don't Bet Money Honey,Linda Scott
Southern Sky,Shannon Noll
For The Night (feat. Lil Baby & DaBaby),"Pop Smoke, Lil Baby, DaBaby"
Funhouse,P!nk
Where The Boys Are,Connie Francis
Carol,Tommy Roe
Ebony And Ivory,Paul McCartney
Billy Don’t Be A Hero,Paper Lace
Rain,Dragon
Window Shopper,50 Cent
Best Day Of My Life - Single Version,American Authors
Pick up Your Tricks,Amy Meredith
Precious,Depeche Mode
Could've Been,"Tiffany, George Tobin, Bill Smith"
When You Believe - from The Prince of Egypt,"Whitney Houston, Mariah Carey"
In Your Eyes (with Doja Cat) - Remix,"The Weeknd, Doja Cat"
One Call Away,Charlie Puth
MK Ultra,Muse
Flowers In The Rain,The Move
When I'm Sixty Four - Remastered 2009,The Beatles
Tellin' Everybody,Human Nature
Save Rock And Roll,"Fall Out Boy, Elton John"
"Sugar, We're Goin Down",Fall Out Boy
Antmusic - Remastered,Adam & The Ants
Just My Type,The Vamps
Runaway Train,Soul Asylum
I Got You,Disciples
I'm With You - Single Edit,Vance Joy
Drums Of Fate,YellaCatt
Hanging By A Moment,Lifehouse
Hit That,The Offspring
Moonlighting,Leo Sayer
Cum on Feel the Noize,Quiet Riot
Holy Grail,Hunters & Collectors
Fernando,ABBA
Snail,BENEE
La Bamba,Los Lobos
Sexual Healing,Max-A-Million
Love Yourself,Justin Bieber
Holy Grail,Hunters & Collectors
Million Dollar Riff - 1994 Remaster,Skyhooks
F.U.R.B. (F U Right Back),Frankee
Mama,"Jonas Blue, William Singe"
Waiting Game,Parson James
Thursday,Jess Glynne
Can We Dance,The Vamps
Gold,Spandau Ballet
Hey Jealousy,Gin Blossoms
Flashback,Calvin Harris
Why Does My Heart Feel so Bad?,Moby
Shoot to Thrill,AC/DC
Basket Case,Green Day
Tripping,Robbie Williams
Turn Up Your Radio,The Master's Apprentices
New Boy,Samantha Jade
Sweet Home Alabama,Lynyrd Skynyrd
You Give Love A Bad Name,Bon Jovi
PILLOWTALK,ZAYN
1234,Feist
Counting Down the Days,Natalie Imbruglia
Dessert,Dawin
Town Without Pity,Gene Pitney
Beautiful (feat. Camila Cabello),"Bazzi, Camila Cabello"
Jellylegs,Children Collide
The Hardest Thing,98º
Truly,Lionel Richie
Funny Face,Donna Fargo
Bless My Soul,Powderfinger
True Faith,New Order
Kiss Somebody,Morgan Evans
Chain Reaction,Diana Ross
Pictures,Sneaky Sound System
Shotgun,George Ezra
If Everyone Cared,Nickelback
Going Under,Evanescence
Moonlight Shadow - Original Mix,Groove Coverage
Axel F,Crazy Frog
More Than a Feeling,Boston
Nights With You,MØ
Thunderstruck,AC/DC
Tweedle Dee Tweedle Dum,Middle Of The Road
Everybody,Justice Crew
Love Me Again,John Newman
Because I Love You,Montaigne
Disease,Matchbox Twenty
You Shook Me All Night Long,Back In Black
"Money, Money, Money",ABBA
I Choose You,Mario
The Prayer,Anthony Callea
Only When You Leave,Spandau Ballet
Don't Call Me Baby,Madison Avenue
We Are Never Ever Getting Back Together,Taylor Swift
You Give Me Something,James Morrison
If I Lose Myself - Alesso vs OneRepublic,"OneRepublic, Alesso"
She's A Rainbow - Full Version / With Intro,The Rolling Stones
Boom! Shake the Room,DJ Jazzy Jeff & The Fresh Prince
Girls Can Get It,Dr. Hook
Beautiful Day,U2
Live With Friends,Russell Morris
I Wanna Know,Joe
One Call Away,Charlie Puth
Genius,"Sia, Diplo, Labrinth, LSD"
Life,Sherbet
Maneater,Daryl Hall & John Oates
People Everyday,Arrested Development
Sugar,Maroon 5
Miss Murder,AFI
Amazed,Lonestar
The Waiting,Tom Petty and the Heartbreakers
Little Town Flirt,Del Shannon with Orchestra
You Won't Find Another Fool Like Me,The New Seekers
Hold My Girl,George Ezra
Baby Boy,Big Brovaz
Absolutely Everybody,Vanessa Amorosi
Penny Lane - Remastered 2009,The Beatles
I Was Made For Lovin' You,KISS
Deal With It (feat. Kelis),"Ashnikko, Kelis"
Mamy Blue,Joel Daydé
Unorthodox - Radio Edit,"Wretch 32, Example"
Ride Wit Me,"Nelly, City Spud"
Stronger,Kanye West
Don't It Make My Brown Eyes Blue,Crystal Gayle
Help,John Farnham
Blue (Da Ba Dee) - Gabry Ponte Ice Pop Radio,"Eiffel 65, Gabry Ponte"
We're All In This Together,Ben Lee
Crying Out For Me - Main,Mario
Gold Digger,"Kanye West, Jamie Foxx"
Hello,"Martin Solveig, Dragonette"
Hypnotized,"Purple Disco Machine, Sophie and the Giants"
Wake Up,Hilary Duff
Sledgehammer,Peter Gabriel
Maneater,Nelly Furtado
I Still Call Australia Home - Single Version,Peter Allen
Money Honey,Bay City Rollers
Good Old Days (feat. Kesha),"Macklemore, Kesha"
Let's Twist Again,Chubby Checker
The Greatest View,Silverchair
Get Set,Taxiride
Afraid To Feel,LF SYSTEM
Breakfast At Tiffany's,Deep Blue Something
The Big Hurt,Toni Fisher
Angel in Blue Jeans,Train
Unchained Melody,The Righteous Brothers
Something's Gotten Hold of My Heart,"Marc Almond, Gene Pitney"
Another Night On The Road,Sherbet
Get Down On It,Kool & The Gang
BREAK MY SOUL,Beyoncé
Tip Of My Tongue,Diesel
Heartbeat,"Enrique Iglesias, Nicole Scherzinger"
Sleeping Satellite,Tasmin Archer
THATS WHAT I WANT,Lil Nas X
Long Cool Woman (In a Black Dress) - 1999 Remaster,The Hollies
Don't You Want Me,The Human League
Even Better Than The Real Thing,U2
All Seats Taken,Bec Cartwright
From New York to L.A. - Radio Edit,Patsy Gallant
Never Miss Your Water,Diesel
The Bomb! (These Sounds Fall Into My Mind),The Bucketheads
Forever,Tina Cousins
Bad Vibes,Matt B
To Die For,Sam Smith
Don't Stand So Close To Me,The Police
Can I Shower At Yours,Amy Shark
Carry on Wayward Son,Kansas
Walking the Dog - Mono,Rufus Thomas
Save The Best For Last,Vanessa Williams
Toosie Slide,Drake
Ramblin' Man,Allman Brothers Band
Tell Him I'm Not Home - 2015 Remaster,Normie Rowe & The Playboys
Arizona,Mark Lindsay
Pompeii,Bastille
This Fire,Franz Ferdinand
Hair,Little Mix
48 Crash,Suzi Quatro
In the Name of Love,"Martin Garrix, Bebe Rexha"
Little Me,Little Mix
Love The Fall,Michael Paynter
Keep It Comin' Love,KC & The Sunshine Band
Jenny from the Block (feat. Jadakiss & Styles P.) - Track Masters Remix,"Jennifer Lopez, Jadakiss, Styles P"
No Rain - Remastered 2002,Blind Melon
Ironic - 2015 Remaster,Alanis Morissette
To Whom It Concerns,Chris Andrews
(Your Love Has Lifted Me) Higher And Higher,Rita Coolidge
Ain’t No Pleasing You,Chas & Dave
Giving Up The Gun,Vampire Weekend
The World I Know,Collective Soul
White Wedding - Pt. 1,Billy Idol
He Wasn't Man Enough,Toni Braxton
Praying,Kesha
The Middle,"Zedd, Maren Morris, Grey"
4ever,The Veronicas
It Feels So Good,Sonique
(The Lament Of The Cherokee) Indian Reservation,Don Fardon
Get Low (with Liam Payne),"Zedd, Liam Payne"
Heather Honey,Tommy Roe
Good People,Jack Johnson
Don't Stand So Close To Me - Remastered 2003,The Police
Geronimo,The Shadows
Go Your Own Way - 2004 Remaster,Fleetwood Mac
Private Idaho,The B-52's
Stole,Kelly Rowland
Lullaby,"Sigala, Paloma Faith"
Are You With Me - Radio Edit,Lost Frequencies
"Bad, Bad Leroy Brown",Jim Croce
Hot Hot Hot,Arrow
Around the World,Red Hot Chili Peppers
Can I Be Him,James Arthur
Two Friends,Amy Shark
Turn Up The Love,"Far East Movement, Cover Drive"
Ride,Twenty One Pilots
Everyday People,Sly & The Family Stone
Castles in the Air,Don McLean
Wild Wild West (feat. Dru Hill & Kool Mo Dee) - Album Version With Intro,"Will Smith, Dru Hill, Kool Moe Dee"
Lovin' Each Day,Ronan Keating
Just Can't Get Enough,Depeche Mode
Amigos Para Siempre - Friends for Life,"Andrew Lloyd Webber, José Carreras, Sarah Brightman"
Two Tribes,Frankie Goes To Hollywood
If Not for You,Olivia Newton-John
Marry Me,Jason Derulo
Alarm,Anne-Marie
The Creeps (Radio Edit),"Camille Jones, Fedde Le Grand"
Never Gonna Leave This Bed,Maroon 5
Guilty Conscience - Radio Version,"Eminem, Dr. Dre"
Help Is On Its Way,Little River Band
Trust Me,I'm Talking
Sway Sway Baby!,Short Stack
I Feel the Earth Move,Martika
Mama Told Me (Not To Come),Three Dog Night
Cheap Thrills (feat. Sean Paul),"Sia, Sean Paul"
Stay With Me,Sam Smith
Evacuate The Dancefloor,Cascada
Love Is All Around,Ricki-Lee
The Man Says,Ruby Velle & The Soulphonics
I Write Sins Not Tragedies,Panic! At The Disco
No Judgement,Niall Horan
Back Home,Andy Grammer
Cecilia,Simon & Garfunkel
Patches,Dickie Lee
Roses,"The Chainsmokers, ROZES"
Rag Doll,Frankie Valli & The Four Seasons
Want U Back,Cher Lloyd
Be My Baby,The Ronettes
People Everyday - Metamorphosis Mix,Arrested Development
Levels - Radio Edit,Avicii
Shower,Becky G
Ginger Man,Brian Cadd
Worst Day of My Life,Amy Shark
"Beauty and the Beast - from the Soundtrack ""Beauty and the Beast""","Céline Dion, Peabo Bryson"
(I Don't Know Why) But I Do,"Clarence ""Frogman"" Henry"
Laughter In The Rain,Neil Sedaka
The Reason,Hoobastank
Venus,Shocking Blue
Dying For You,End Of Fashion
"1, 2, 3, 4 (Sumpin' New)",Coolio
Classic,Adrian Gurvitz
You Make Me Feel Like Dancing,Leo Sayer
Figured You Out,Nickelback
Die Young,Kesha
Cups (Pitch Perfect’s “When I’m Gone”) - Pop Version,Anna Kendrick
Flip,Daddy Cool
I Wanna Dance With Somebody - CHR Mix,These Kids Wear Crowns
Beat It,Michael Jackson
A Man Without Love,Engelbert Humperdinck
Walking On A Dream,Empire Of The Sun
I Love a Rainy Night,Eddie Rabbitt
Come Home,Daniel Powter
"Touch Me (All Night Long) - 7"" Mix",Cathy Dennis
Learn To Fly,Shannon Noll
The Air That I Breathe - 2008 Remaster,The Hollies
Love on Me,"Galantis, Hook N Sling"
Love of the Common People,Paul Young
We Think It's Love,Leah Haywood
Hear You Me,Jimmy Eat World
Never Seen the Rain,Tones And I
Little Bitty Girl,Bobby Rydell
My Humps,Black Eyed Peas
"How Does That Grab You, Darlin'?",Nancy Sinatra
Pumped Up,Klingande
Miss You Much,Janet Jackson
The Tears Of A Clown,Smokey Robinson & The Miracles
Closer,Ne-Yo
Mirror Man,The Human League
Every Time I Close My Eyes (with Kenny G),"Babyface, Kenny G"
Sweet Melody,Little Mix
Padam Padam,Kylie Minogue
Brown Eyed Girl,Van Morrison
Howzat,Sherbet
(Kissed You) Good Night,Gloriana
Always Together - Remastered,Al Martino
FOH,Toni Braxton
Opposite of Adults,Chiddy Bang
Confessions Part II,USHER
One Of The Boys,Katy Perry
Lie,NF
Alone with You - 2014 Remaster,Sunnyboys
And When I Die,"Blood\, Sweat & Tears"
Ain't No Mountain High Enough,"Marvin Gaye, Tammi Terrell"
XO,John Mayer
Take It from Me,Girlfriend
No Money,Galantis
Don't Know Why,Norah Jones
American Pie,Don McLean
Magazine Madonna,Sherbet
We Are The People,Empire Of The Sun
Levitating,Dua Lipa
All The Things She Said,t.A.T.u.
Wake Me Up,Jessica Mauboy
Breathe in Now,George
Waiting On the World to Change,John Mayer
Hurts So Good,John Mellencamp
Better When I'm Dancin',Meghan Trainor
50 Ways to Leave Your Lover,Paul Simon
Stay,Lisa Loeb & Nine Stories
I Love the Way You Love,Marv Johnson
Don't Fall In Love,The Ferrets
Words Of Love,The Mamas & The Papas
"Lose Yourself - From ""8 Mile"" Soundtrack",Eminem
The Honeymoon Is Over,The Cruel Sea
It's A Hard Rain Gonna Fall,Leon Russell
How Bizarre,OMC
In These Arms,Bon Jovi
The Reaper,"The Chainsmokers, Amy Shark"
#thatPOWER,"will.i.am, Justin Bieber"
Back for Good - Radio Mix,Take That
Can You Feel The Love Tonight,Elton John
Not Enough Indians,Dean Martin
Hotel,Kita Alexander
Same Love (feat. Mary Lambert),"Macklemore & Ryan Lewis, Macklemore, Ryan Lewis, Mary Lambert"
Lady In Blue,Joe Dolan
I'd Lie For You (And That's The Truth),Meat Loaf
Boy Oh Boy,Racey
Thorn in My Side - Remastered,"Eurythmics, Annie Lennox, Dave Stewart"
Little Boy Sad,M.P.D. Limited
Turning Japanese - Non Stop Edit,The Vapors
Alone (Feat. Big Sean & Stefflon Don),"Halsey, Big Sean, Stefflon Don"
I Want to Wake Up With You,"Boris Gardiner, Rudy Thomas, Steven Stanley, Willie Lindo"
America,Rogue Traders
Filthy,Justin Timberlake
Love Me Tonight,Tom Jones
Closer,"The Chainsmokers, Halsey"
Magic,Pilot
Soul Limbo,Booker T. & the M.G.'s
Supreme,Robbie Williams
July,Noah Cyrus
To Her Door,Paul Kelly
Love Child,Diana Ross & The Supremes
"Night Fever - From ""Saturday Night Fever"" Soundtrack",Bee Gees
Standing,Kayls
Just Another Day,Jon Secada
Anna Sun,WALK THE MOON
1999,Prince
Rain On Me (with Ariana Grande),"Lady Gaga, Ariana Grande"
Bad Medicine,Bon Jovi
Let It Be Me,Johnny Young & Kompany
And The Boys,Angus & Julia Stone
Say It Isn't So,Bon Jovi
I Hear You Knocking,Dave Edmunds
Manic Monday,The Bangles
Sharp Dressed Man - 2008 Remaster,ZZ Top
New Thang,Redfoo
Shine,Olly Alexander (Years & Years)
Stop Your Fussin',Toni Childs
Here Without You,"3 Doors Down, Jack Joseph Puig"
Help I'm Alive,Metric
Love Is Like Oxygen,Sweet
Bright Lights Bigger City,CeeLo Green
Natural,Imagine Dragons
Please Don't Go,Joel Adams
My Happiness,Powderfinger
Breakin' In A Brand New Broken Heart,Connie Francis
That's All You Gotta Do,Brenda Lee
Nothing's Gonna Stop Us Now,Starship
And We Danced,The Hooters
How To Make Gravy,Paul Kelly
Anaconda,Nicki Minaj
Nothing Else Matters,Metallica
WAP (feat. Megan Thee Stallion),"Cardi B, Megan Thee Stallion"
Tell Her About It,Billy Joel
I've Been Everywhere,Hank Snow
No Sense - 2011 Remastered,Cold Chisel
And She Was - 2005 Remaster,Talking Heads
Fly Away,Tones And I
When I Need You,Leo Sayer
Symphony (feat. Zara Larsson),"Clean Bandit, Zara Larsson"
Black Hole,Griff
Death,White Lies
Portsmouth,Mike Oldfield
S.O.B.,Nathaniel Rateliff & The Night Sweats
One Way Road,John Butler Trio
Always Where I Need To Be,The Kooks
Barbados,Models
Kids,MGMT
Dance Wiv Me,Dizzee Rascal
Santa Monica,Everclear
"Wand'rin' Star (From the ""Amazon Prime - Dog With A Bad Leg"" TV Advert) - Remastered",Lee Marvin
Love Don't Cost a Thing,Jennifer Lopez
Love Today,MIKA
"Signed, Sealed, Delivered (I'm Yours)",Stevie Wonder
Rumour Has It,Adele
Summer Nights - From “Grease” Soundtrack,"John Travolta, Olivia Newton-John"
You Ain't Seen Nothing Yet,Bachman-Turner Overdrive
Money For Nothing,Dire Straits
Lemon Tree,Fools Garden
High Hopes,Panic! At The Disco
Running Up That Hill (A Deal With God),Kate Bush
Congratulations,"Post Malone, Quavo"
Sally Go Round The Roses,The Jaynetts
Born in the U.S.A.,Bruce Springsteen
Oh My,Gin Wigmore
Green Green Grass,George Ezra
Dangerous,Roxette
In Your Eyes,The Weeknd
Let the Franklin Flow,Shane Howard
With A Little Help From My Friends,Joe Cocker
2 Times - Original,Ann Lee
Better Off Alone,Alice Deejay
Vasoline,Stone Temple Pilots
A Horse with No Name,"America, George Martin"
Sign Your Name,Sananda Maitreya
Union of the Snake,Duran Duran
Waterloo Sunset,The Kinks
Objection (Tango),Shakira
Let Them Know,Mabel
Because I Love You,The Master's Apprentices
Peaches (feat. Daniel Caesar & Giveon),"Justin Bieber, Daniel Caesar, Giveon"
I Don't Wanna Play House,Barbara Ray
Someday,Tony Barber
Hold On,Wilson Phillips
Message In A Bottle - Remastered 2003,The Police
I'm In You,Peter Frampton
Shout Out to My Ex,Little Mix
"i hate u, i love u (feat. olivia o'brien)","gnash, Olivia O'Brien"
Homecoming,"Kanye West, Chris Martin"
As Long as You Love Me,Backstreet Boys
Every Breath You Take,The Police
Chemicals,Peking Duk
Dreams,The Cranberries
Shape Of My Heart,Sting
What You Know,Two Door Cinema Club
The Greatest,Sia
Berzerk,Eminem
U Can't Touch This,MC Hammer
All 4 Love,Color Me Badd
Today,The Smashing Pumpkins
House Of Cards,James Reyne
International Love (feat. Chris Brown),"Pitbull, Chris Brown"
Bonkers - Radio Edit,"Dizzee Rascal, Armand Van Helden"
Into My Arms,Nick Cave & The Bad Seeds
Yesterdays Hero,John Paul Young
Sky Pilot,Eric Burdon & the Animals
(Sittin' On) the Dock of the Bay,Otis Redding
Innocent - Remastered,Small Mercies
Cheap Wine - 2011 Remastered,Cold Chisel
Stay,"Rihanna, Mikky Ekko"
White Flag,Dido
It Takes Two,"Marvin Gaye, Kim Weston"
Jolene,Olivia Newton-John
This Ain't Love,Jessica Mauboy
Daisy a Day,Jud Strunk
Separate Ways,Elvis Presley
New Beginning,Shannon Noll
Lose Somebody,"Kygo, OneRepublic"
Looks Like Sex,Mike Posner
Macarena - Radio Mix,"Los Del Mar, Wil Veloz"
If Ya Gettin' Down,Five
Die Another Day,Madonna
Rock Your Body,Justin Timberlake
Baby I'm A Queen,Sofi Tukker
Escapism.,"RAYE, 070 Shake"
Everybody On The Floor (Pump It) - Radio Edit,Tokyo Ghetto Pussy
If You Love Me (Let Me Know),Olivia Newton-John
You'll Never Walk Alone - Stereo; 1997 Remaster,Gerry & The Pacemakers
Together Again,Janet Jackson
Strip That Down,"Liam Payne, Quavo"
Only Happy When It Rains,Garbage
"The Goonies 'R' Good Enough - From ""The Goonies"" Soundtrack",Cyndi Lauper
Ain't Nobody (Loves Me Better) (feat. Jasmine Thompson),"Felix Jaehn, Jasmine Thompson"
Easy,Faith No More
Chasing Cars,Snow Patrol
Dub Be Good To Me,Beats International
South Street,The Orlons
Easy,Faith No More
Staring At The Sun,The Offspring
Goodnight Tonight,Wings
She's No You,Jesse McCartney
What's Your Name,Don & Juan
Wild Weekend,The Rebels
Children,Robert Miles
Harlem,New Politics
Kiss from a Rose,Seal
Price Of Fame,"360, Gossling"
Panama,Van Halen
I'm the Urban Spaceman - 2007 Remaster,The Bonzo Dog Band
Slow Grenade,"Ellie Goulding, Lauv"
Tearin' up My Heart - Radio Edit,*NSYNC
Dive,Ed Sheeran
I Saw Her Standing There - Remastered 2009,The Beatles
Sexy Bitch (feat. Akon),"David Guetta, Akon"
Mrs. Robinson,The Lemonheads
Mashed Potato Time,Dee Dee Sharp
Lucy In The Sky With Diamonds,Elton John
Ain't My Fault,Zara Larsson
Don't Say Goodbye,Human Nature
Water And A Flame (feat. Adele),"Daniel Merriweather, Adele"
Get Together,The Youngbloods
Is This Love?,Alison Moyet
In the Summertime - Single Version,Thirsty Merc
Baby Don't Hurt Me,"David Guetta, Anne-Marie, Coi Leray"
How Sweet It Is,Michael Paynter
Rockin' the Suburbs,Ben Folds
Welcome to the Black Parade,My Chemical Romance
I Don't Know Anybody Else,Black Box
The Crunch,The Rah Band
Mother,Meghan Trainor
I'm Your Angel (with Céline Dion),"R. Kelly, Céline Dion"
True Colors,Phil Collins
King,Olly Alexander (Years & Years)
Summer Rain,Belinda Carlisle
Thunder in My Heart,Leo Sayer
Don't Stop,ATB
One Day In Your Life - U.S. Album Version,Anastacia
Funky Town,Pseudo Echo
Die Young,Sheppard
For What It's Worth,Buffalo Springfield
Let's Get It Started - Spike Mix,Black Eyed Peas
Delilah,Tom Jones
Fancy,"Iggy Azalea, Charli xcx"
If You Had My Love,Jennifer Lopez
"Forgiven, Not Forgotten",The Corrs
What You Get Is What You See,Tina Turner
Wish You Were Here,Delta Goodrem
I Wanna Be A Hippy,Technohead
Thank You,MKTO
Try Again,Aaliyah
Don't Leave Me This Way (with Sarah Jane Morris),"The Communards, Sarah Jane Morris"
Whatever We Want,Havana Brown
I Can Hear Music,The Beach Boys
What's Left Of Me,Nick Lachey
Kiss My Fat Ass,Sheppard
50 Ways to Say Goodbye,Train
Hurt,Christina Aguilera
With Or Without You,U2
Rave On,"Buddy Holly, The Crickets"
Love Is A War,Rogue Traders
You Get What You Give,New Radicals
Not Over You,Gavin DeGraw
Fall For You,Secondhand Serenade
Flame Trees - 2011 Remastered,Cold Chisel
Let's Dance - 2019 Remaster,Chris Rea
Kiss You All Over,No Mercy
You Make Me Feel (Mighty Real),Sylvester
Faded,Kate DeAraugo
Suga Suga,"Baby Bash, Frankie J"
When Something Is Wrong With My Baby,Jimmy Barnes
Can't Believe It (feat. Pitbull),"Flo Rida, Pitbull"
Jump (feat. Nelly Furtado),"Flo Rida, Nelly Furtado"
Bad To The Bone,George Thorogood & The Destroyers
Dynamite,BTS
Teardrops,Womack & Womack
"Blaze Of Glory - From ""Young Guns II"" Soundtrack",Jon Bon Jovi
Twisting By The Pool,Dire Straits
Down,Marian Hill
Learning To Fly - 2011 Remastered Version,Pink Floyd
La La La,"Naughty Boy, Sam Smith"
I Won't Give Up,Jason Mraz
ME! (feat. Brendon Urie of Panic! At The Disco),"Taylor Swift, Brendon Urie"
Better Be Home Soon,Crowded House
We Can Work It Out - Remastered 2009,The Beatles
Please Don't Leave Me,P!nk
Can You Forgive Her? - 2001 Remastered Version,Pet Shop Boys
OMG,"USHER, will.i.am"
Up Where We Belong,"Joe Cocker, Jennifer Warnes"
The Safety Dance,Men Without Hats
Chained To You,Savage Garden
The Others (Radio Edit),"TV Rock, Dukes of Windsor"
Beautiful Sunday,Daniel Boone
Fall At Your Feet,Crowded House
Dancing in the Moonlight,King Harvest
One Summer,Daryl Braithwaite
I Love This Life,Kim Cesarion
Dedication To My Ex (Miss That),"Lloyd, André 3000, Lil Wayne"
The Tide Is High,Blondie
Open Your Mind,U.S.U.R.A.
Shake You Down,Gregory Abbott
Next To You (feat. Justin Bieber),"Chris Brown, Justin Bieber"
Some People,Cliff Richard
Skin,Rag'n'Bone Man
Clap Your Hands,Sia
We Can Get Together,Flowers
Live Louder,Nathaniel
Break Free,"Ariana Grande, Zedd"
Wolverton Mountain,Claude King
Train Wreck,James Arthur
Got 'Til It's Gone,"Janet Jackson, Q-Tip, Joni Mitchell"
I Get a Little Sentimental over You,The New Seekers
B.O.T.A. (Baddest Of Them All) - Edit,"Eliza Rose, Interplanetary Criminal"
Show Me the Night,Jump Jump Dance Dance
Mask Off,Future
SNAP,Rosa Linn
Hey Brother,Avicii
I Know You Want Me (Calle Ocho),Pitbull
Opposite of Adults,Chiddy Bang
If You Love Someone,The Veronicas
Jungle Boogie,Kool & The Gang
Don't Go,Pseudo Echo
Listen To Your Heart,Roxette
Mr. Tambourine Man,The Byrds
Who's That Chick? (feat. Rihanna),"David Guetta, Rihanna"
Cold Hard Bitch,Jet
Changed the Way You Kiss Me - Radio Edit,Example
You,Wesley Dean
Being With You - Single Version,Smokey Robinson
Life Goes On (feat. Luke Combs),"Ed Sheeran, Luke Combs"
Stolen Dance,Milky Chance
Dumb Things,Paul Kelly
Here I Go Again - Radio Mix,Whitesnake
She Is Love,Parachute
Ho Hey,The Lumineers
Could It Be Forever - remastered,David Cassidy
Rude Boy,Rihanna
The Mack,"Nevada, Mark Morrison, Fetty Wap"
If I Had No Loot,Tony! Toni! Toné!
Ashes,Stellar
The Winner Takes It All,ABBA
Walk This Way,Aerosmith
Forever Young - Radio Version,Interactive
Wham Rap! (Enjoy What You Do?),Wham!
Is There Something I Should Know?,Duran Duran
Steal My Kisses,Ben Harper And The Innocent Criminals
Twin Flames,Klaxons
Fire,The Pointer Sisters
Circles,Post Malone
Rebel Yell - Remastered 1999,Billy Idol
I Guess That's Why They Call It The Blues,Elton John
Cemetery,Silverchair
Day After Day - Remastered 2010,Badfinger
Hooked,Why Don't We
Take Me on the Floor,The Veronicas
Drive,The Cars
"Let It Go - From ""Frozen""/Soundtrack Version",Idina Menzel
When A Man Loves A Woman - Live,Jimmy Barnes
Fantasy,Mariah Carey
Fire,Peking Duk
deja vu,Olivia Rodrigo
Ex's & Oh's,Elle King
The Best Disco In Town,The Ritchie Family
Act Your Age,Bliss n Eso
You've Got To Hide Your Love Away,The Beatles
Shut Down (Mono),The Beach Boys
Gimme Some Lovin' - Single Mix,The Spencer Davis Group
Kiss on My List,Daryl Hall & John Oates
dramatic,Cat & Calmell
Bad Moon Rising,Creedence Clearwater Revival
One Night In Bangkok - Radio Edit / From “Chess” / Remastered 2016,Murray Head
Don't Stop - 2004 Remaster,Fleetwood Mac
Te Amo,Rihanna
This Craziness Inside of Me,Steady Rollin
Day & Night,Billie Piper
Little L,Jamiroquai
Replay,Iyaz
Smack That,"Akon, Eminem"
Dreamin',Johnny Burnette
Light Years Away,"Tiësto, DBX"
She Is Love,Parachute
We Are The Champions - Remastered 2011,Queen
You'll Always Find Me In The Kitchen At Parties,Jona Lewie
The Fly,Chubby Checker
SHC,Foster The People
Fade Into Darkness - Vocal Radio Mix,Avicii
It's All Right,The Impressions
The Middle,"Zedd, Maren Morris, Grey"
Happy Go Lucky Me,Paul Evans
hot girl bummer,blackbear
This City,Sam Fischer
Frozen,"PON CHO, Paige IV"
Crazy,Seal
Anywhere,Rita Ora
Choose You,Stan Walker
Changa,PNAU
Holiday (feat. Phiness),"Naughty By Nature, Phiness"
Sweet Home Alabama,Lynyrd Skynyrd
Celestial,Ed Sheeran
Hometown,Sheppard
pov,Ariana Grande
Are You Gonna Go My Way,Lenny Kravitz
Clumsy,Fergie
The Right Kind of Love,Jeremy Jordan
Inhale,"Duke Dumont, Ebenezer"
Minnie the Moocher,The Cherokees
All For You,Janet Jackson
"Flashlight - From ""Pitch Perfect 2"" Soundtrack",Jessie J
Higher Love,"Kygo, Whitney Houston"
Love Rears Its Ugly Head,Living Colour
I've Got To Go Now,Toni Childs
Uncle Albert / Admiral Halsey - Medley / 2012 Remaster,"Paul McCartney, Linda McCartney"
Perfect Duet (Ed Sheeran & Beyoncé),"Ed Sheeran, Beyoncé"
Home,Phillip Phillips
Lover (Remix) [feat. Shawn Mendes],"Taylor Swift, Shawn Mendes"
Walk On the Wild Side,Lou Reed
19 You + Me,Dan + Shay
My Love,Petula Clark
God is a woman,Ariana Grande
Rockin' Robin,Bobby Day
Now I Can Dance - Single Edit,Tina Arena
"Baby, I’m Gettin’ Better",Gyroscope
God-Shaped Hole,Plumb
Brain Stew,Green Day
Matter Of Time,Sherbet
Please Don't Let Me Go,Olly Murs
Spirit in the Sky,Norman Greenbaum
Push It,Salt-N-Pepa
Own It (feat. Ed Sheeran & Burna Boy),"Stormzy, Burna Boy, Ed Sheeran"
Blah Blah Blah (feat. 3OH!3),"Kesha, 3OH!3"
Follow The Sun,Evermore
All Around The World,"Justin Bieber, Ludacris"
"You're The One That I Want - From ""Grease"" Original Motion Picture Soundtrack","John Travolta, Olivia Newton-John"
School Is Out,Gary U.S. Bonds
Freaks - Radio Edit,"Timmy Trumpet, Savage"
Holler,Spice Girls
Sun,Two Door Cinema Club
She's Like The Wind - Remastered 2003,Patrick Swayze Featuring Wendy Fraser
Baby Did A Bad Bad Thing,Chris Isaak
Wonder,Shawn Mendes
Easier,5 Seconds of Summer
3AM,Matchbox Twenty
Fire And Rain,Marcia Hines
Sign of the Times,Harry Styles
1-800-273-8255,"Logic, Alessia Cara, Khalid"
Take My Hand (The Wedding Song) [feat. Will Anderson],"Emily Hackett, Will Anderson"
One Way or Another (Teenage Kicks),One Direction
(Can't Get My) Head Around You,The Offspring
The Horses,Daryl Braithwaite
All About That Bass,Meghan Trainor
I'm All Yours,"Jay Sean, Pitbull"
L.I.F.E.G.O.E.S.O.N.,Noah And The Whale
You Talk Too Much,Joe Jones
Goldfinger - Main Title,Shirley Bassey
Girls Like You (feat. Cardi B),"Maroon 5, Cardi B"
Day 'N' Nite - Crookers Remix,"Kid Cudi, Crookers"
Distant Sun,Crowded House
I Like It Like That,Chris Kenner
Aerial Love,Daniel Johns
Most Girls,P!nk
Fergalicious,"Fergie, will.i.am"
Mambo Italiano - Radio Edit,Shaft
Nine in the Afternoon - Single Mix,Panic! At The Disco
Saltwater,Julian Lennon
I Write Sins Not Tragedies,Panic! At The Disco
Always Something There To Remind Me,Naked Eyes
Leave Me Alone (Ruby Red Dress),Helen Reddy
Bang a Gong (Get It On) - 2003 Remaster,T. Rex
You Were Meant For Me - Album Edit,Jewel
Dog Days Are Over,Florence + The Machine
Whatever It Takes,Imagine Dragons
Love Me Warm And Tender,Paul Anka
To Sir With Love,Lulu
Imma Be,Black Eyed Peas
The Warrior (feat. Patty Smyth),"Scandal, Patty Smyth"
I'll Meet You Halfway,The Partridge Family
You're My Best Friend - Remastered 2011,Queen
No More Tears (Enough Is Enough),"Donna Summer, Barbra Streisand"
"Hopelessly Devoted To You - From ""Grease"" Original Motion Picture Soundtrack",Olivia Newton-John
Diamonds,Rihanna
Come and Get Your Love - Radio Edit,Real McCoy
"Oh, Pretty Woman",Roy Orbison
Like A Child,Backstreet Boys
Hallucinate,Dua Lipa
Barracuda,Heart
Ocean (feat. Khalid),"Martin Garrix, Khalid"
"break up with your girlfriend, i'm bored",Ariana Grande
Don't Go Yet,Camila Cabello
It's Oh So Quiet,Björk
Horny - Horny '98 Radio Edit,Mousse T. Vs Hot 'n' Juicy
Sadeness - Pt. 1 / Radio Edit,Enigma
The Hitman - 7'' Mix,A.B. Logic
Black Box,Stan Walker
Hot In Herre,Nelly
Shut Up and Let Me Go,The Ting Tings
Naked and Sacred,Chynna Phillips
Free Me,Uriah Heep
Body Like A Back Road,Sam Hunt
Got Me Started,Troye Sivan
This Is Me,"Keala Settle, The Greatest Showman Ensemble"
Da Doo Ron Ron (When He Walked Me Home),The Crystals
Carolina in My Mind,James Taylor
There's Nothing Holdin' Me Back,Shawn Mendes
Bad (feat. Vassy) - Radio Edit,"David Guetta, Showtek, VASSY"
Your Loss I'm Found,Jessie J
All Out Of Love,Air Supply
Your Woman,White Town
The Things I Love In You - 2011 Remastered,Cold Chisel
Barbra Streisand - Radio Edit,Duck Sauce
My Boo - Hitman's Club Mix,Ghost Town DJs
Black Betty,Ram Jam
Forever Yours - Avicii Tribute,"Kygo, Avicii, Sandro Cavazza"
Leader Of The Pack,The Shangri-Las
Boys Like You,"Who Is Fancy, Meghan Trainor, Ariana Grande"
I'm Gonna Make You Love Me,"Diana Ross & The Supremes, The Temptations"
Lying,Amy Meredith
Won't Sleep,Tones And I
Better,The Screaming Jets
Dreams Are Ten A Penny - Radio Mix,"Et Cetera, Kincade"
Sledgehammer,Fifth Harmony
Catch,Kosheen
Jet Black Heart,5 Seconds of Summer
Automatic Lover (Call For Love),Real McCoy
Please Mister Postman - Remastered 2009,The Beatles
God Only Knows,Michael Bublé
Temperature,Sean Paul
Harden My Heart,Quarterflash
We Belong Together,Mariah Carey
I Drove All Night,Roy Orbison
Let Me Be Me,Jessica Mauboy
Say Say Say - Remastered 2015,"Paul McCartney, Michael Jackson"
The Thread,The Keymakers
The A Team,Ed Sheeran
Wild One,Bobby Rydell
This Is My Song,Petula Clark
Mr. Blue Sky,Electric Light Orchestra
Body Say,Demi Lovato
Black Hole Sun,Soundgarden
"thank u, next",Ariana Grande
He's So Fine,The Chiffons
I Believe in a Thing Called Love,The Darkness
You Think You're A Man,Divine
Hit Me With Your Best Shot - 1999 Digital Remaster,Pat Benatar
Wish You Well,Bernard Fanning
Like a Stone,Audioslave
Lovers on the Sun (feat. Sam Martin),"David Guetta, Sam Martin"
Woman You're Breaking Me,The Groop
Move,Baker Boy
It's Tricky,Run–D.M.C.
Miss You - Remastered,The Rolling Stones
Different Drum,"Stone Poneys, Linda Ronstadt"
Ghostbusters,Ray Parker Jr.
Baby Come Back,Player
This Time,Troy Shondell
Why'd You Only Call Me When You're High?,Arctic Monkeys
Closing Time,Semisonic
The Power Of Love,Frankie Goes To Hollywood
Stars Are Blind,Paris Hilton
Star Hotel - 2011 Remastered,Cold Chisel
Funky Junky - Rap,Peter Andre
Born To Be Yours,"Kygo, Imagine Dragons"
Need Me,"Mashd N Kutcher, Sammi Constantine"
Fire,Kasabian
Wicked Game,Chris Isaak
Right Now (Na Na Na),Akon
Summer in the City - Remastered,The Lovin' Spoonful
"Up, Up and Away",The 5th Dimension
Sunshine (My Girl),Wuki
Differently,Cassie Davis
This Is Your Night,Amber
Hurt Somebody (With Julia Michaels),"Noah Kahan, Julia Michaels"
The Fighter,"Keith Urban, Carrie Underwood"
Someone You Loved - Future Humans Remix,"Lewis Capaldi, Future Humans"
WITHOUT YOU,The Kid LAROI
Nothin' on You (feat. Bruno Mars),"B.o.B, Bruno Mars"
Hold Me,Savage Garden
I Love How You Love Me,The Paris Sisters
Apologize,OneRepublic
Leaving Home,Jebediah
Get Stupid,Aston Merrygold 
Black,Pearl Jam
Rock Your Baby,George McCrae
We're Good,Dua Lipa
Return To Innocence,Enigma
My My My,Armand Van Helden
Build Me Up Buttercup,The Foundations
Gimme Little Sign,Brenton Wood
All I Need Is You,Guy Sebastian
Can't Get Enough Of You Baby,Smash Mouth
Stupid Girls,P!nk
This Guy's In Love (With You),The Reels
Case Of The Ex (Whatcha Gonna Do),Mýa
Loving You Is Killing Me,Aloe Blacc
i'm so tired...,"Lauv, Troye Sivan"
Love Is A Bridge,Little River Band
Versace on the Floor (Bruno Mars vs. David Guetta),"Bruno Mars, David Guetta"
Flames,"David Guetta, Sia"
One In A Million,Ne-Yo
Onion Skin,Boom Crash Opera
Who Says,John Mayer
It's My Life,No Doubt
The One I Love - Remastered 2012,R.E.M.
Do It Again,Cassie Davis
"Walk, Don't Run",The Ventures
MacArthur Park - Single Version,Donna Summer
Dancing Queen,ABBA
Don't You Remember,Adele
What Do You Mean?,Justin Bieber
When the Lights Go Out - Radio Edit,"Five, Cutfather & Joe"
You're The Reason I'm Living,Bobby Darin
Monkey Wrench,Foo Fighters
To Be with You - 2010 Remastered Version,Mr. Big
Little Jeannie,Elton John
I Say A Little Prayer,Diana King
The Power,SNAP!
All of You (feat. Diana Ross),"Julio Iglesias, Diana Ross"
Gimme Shelter,The Rolling Stones
"Que Sera, Sera (Whatever Will Be, Will Be)",Normie Rowe
So Sick,Ne-Yo
7 Things,Miley Cyrus
Hey Bitty - Main,Nitty
The Love Game,John Paul Young
Just Another Night,Mick Jagger
I Shot The Sheriff,Warren G
From Little Things Big Things Grow,The Waifs
Boys & Girls,"Martin Solveig, Dragonette"
Tell Me Baby,Red Hot Chili Peppers
The Boys Of Summer - Radio Version,DJ Sammy
Can't Fight The Moonlight,LeAnn Rimes
Tenerife Sea,Ed Sheeran
she's all i wanna be,Tate McRae
Toy Soldiers,Martika
Song for Anna,"Herb Ohta\, Sr."
Gravy (For My Mashed Potatoes),Dee Dee Sharp
Because We Want To,Billie Piper
Antidote (feat. Sam Fischer),"Guy Sebastian, Sam Fischer"
Tokyo (Vampires & Wolves),The Wombats
Can't Help Falling in Love,Elvis Presley
Release Me,Agnes
I Don't Need A Man,The Pussycat Dolls
It Wasn't Me,"Shaggy, Rik Rok"
Old Town Road - Remix,"Lil Nas X, Billy Ray Cyrus"
I Take It Back,Sandy Posey
I'll Make Love To You,Boyz II Men
Sad Songs (Say So Much),Elton John
Jubel - Radio Edit,Klingande
You're a Friend of Mine,"Clarence Clemons, Jackson Browne"
Live While We're Young,One Direction
All Alone,Jackson Jackson
Sunshine,Ricki-Lee
Outnumbered,Dermot Kennedy
My Heart Knows,Johnny Preston
"1, 2 Step","Marty Guilfoyle, John Gibbons"
Shape of My Heart,Backstreet Boys
Go All Night,"Gorgon City, Jennifer Hudson"
Do You Remember,Jarryd James
19th Nervous Breakdown - Remastered 2002,The Rolling Stones
Incomplete,Backstreet Boys
Fanfare for the Common Man - Single Edit,"Emerson\, Lake & Palmer"
Sweet Dreams (Are Made of This) - 2005 Remaster,"Eurythmics, Annie Lennox, Dave Stewart"
Airplanes (feat. Hayley Williams of Paramore),"B.o.B, Hayley Williams"
Cover Me In Sunshine,"P!nk, Willow Sage Hart"
My Eyes Adored You,Frankie Valli
Rise,Katy Perry
Superman,Alison MacCallum
Rock Me,ABBA
Pepper,Butthole Surfers
Darktown Strutters Ball - Live-2017 Remaster,Ted Mulry Gang
Naughty Girl,Holly Valance
Burn,Jessica Mauboy
Louise (We Get It Right),Jona Lewie
Long Tall Glasses (I Can Dance) - 2010 Remastered Version,Leo Sayer
April Sun in Cuba,Dragon
Karma Police,Radiohead
Bad Blood,Neil Sedaka
Just A Lil Bit,50 Cent
Come Around,Mental As Anything
Everybody Wants To Rule The World,Tears For Fears
Closer To The Edge,Thirty Seconds To Mars
Mind Your Manners (feat. Icona Pop),"Chiddy Bang, Icona Pop"
Open Up Your Eyes,Tonic
At Seventeen - Remastered,Janis Ian
Sunset,Marques Houston
Forever,The Little Dippers
"thank u, next",Ariana Grande
Finger Poppin' Time,Hank Ballard & The Midnighters
Water Under The Bridge,Adele
Trick Me,Kelis
Break It To Me Gently,Brenda Lee
I'll Be There for You (Theme from Friends) - Single Version,The Rembrandts
Only Want You,"Love\, Marco"
Great Wall,Boom Crash Opera
In My Pocket,Mandy Moore
Ugly Heart,G.R.L.
Just A Dream - Main,Nelly
Lady What's Your Name,Swanee
Goodbye Town,Lady A
Say Something,Kylie Minogue
You Can't Hurry Love - 2016 Remaster,Phil Collins
You're No Good,Linda Ronstadt
Come On Come On,Little Birdy
You Win Again,Bee Gees
Bodyrock,Moby
Every Breath You Take - Remastered 2003,The Police
Burnin' for You,Blue Öyster Cult
"Woman, Woman",Gary Puckett & The Union Gap
Dance with Me,Debelah Morgan
Funkytown,Lipps Inc.
I'm Not Your Toy,La Roux
X-Files Theme (Skitz Radio Mix),"Triple X, Nick Skitz"
Nothing Breaks Like a Heart (feat. Miley Cyrus),"Mark Ronson, Miley Cyrus"
On a Night like This,Kylie Minogue
Just Can’t Get Enough,Black Eyed Peas
Zoom,Last Dinosaurs
Cat's in the Cradle,Harry Chapin
Stay,Maurice Williams & The Zodiacs
Somebody That I Used To Know,"Gotye, Kimbra"
I'm Not The Only One,Sam Smith
Dream Police,Cheap Trick
For the First Time,The Script
Love Bites,Def Leppard
Tragedy,Bee Gees
Downtown,Petula Clark
Cotton Eye Joe,Rednex
Tears,Ken Dodd
Action - Single Version,Sweet
Hey There Delilah - Bonus Track,Plain White T's
The Archer,Taylor Swift
Love Me Now,John Legend
Free Loop,Daniel Powter
Creepin' (with The Weeknd & 21 Savage),"Metro Boomin, The Weeknd, 21 Savage"
At Last,Etta James
Break My Stride,Unique II
Self Esteem,The Offspring
Clarity,Vance Joy
Insatiable,Darren Hayes
Can't Get You out of My Head,Kylie Minogue
Piano Man,Billy Joel
When The Night Falls Quiet,Birds Of Tokyo
Keith,Kaylee Bell
Happiness,Alexis Jordan
Happy Jack,The Who
Kiss Me Now,Johnny Young & Kompany
(Girls Girls Girls Were) Made To Love,Eddie Hodges
Que Sera Mi Vida,Gibson Brothers
Love Changes (Everything),Climie Fisher
Frankie,Sister Sledge
Tell Laura I Love Her,Ray Peterson
Still Standing - Radio Edit,Hilltop Hoods
Graduation (Friends Forever),Vitamin C
Live in the Moment,Portugal. The Man
Feel It - Radio Version,"The Tamperer, Maya"
The Real Slim Shady,Eminem
Don't Let Me Get Me - Radio Edit,P!nk
Feel It Still,Portugal. The Man
Back on the Chain Gang - 2007 Remaster,Pretenders
Italo House Mix,Rococo
Roxanne,The Police
Mr. Saxobeat - Radio Edit,Alexandra Stan
Two Out of Three Ain't Bad,Meat Loaf
Soul Twist,King Curtis
Everlong,Foo Fighters
Lonely Days,Bee Gees
It's Over,"Kurupt, Anita McCloud, Natina Reed"
Because of You,Kelly Clarkson
Flava,Nathaniel
The Fighter (feat. Ryan Tedder),Gym Class Heroes
Rosanna,TOTO
Daniel,Elton John
L.O.V.E.,Ashlee Simpson
The Boys Are Back In Town,Thin Lizzy
Party Rock Anthem,"LMFAO, Lauren Bennett, GoonRock"
Say Something (feat. Chris Stapleton),"Justin Timberlake, Chris Stapleton"
(Is This The Way To) Amarillo,Tony Christie
Should I Stay or Should I Go - Remastered,The Clash
Fall At Your Feet,Crowded House
Dress,Taylor Swift
Oh Carolina,Shaggy
Love Is All,"Roger Glover, Ronnie James Dio"
Steal My Girl,One Direction
19-2000,Gorillaz
Don't Talk to Him - 1998 Remaster,Cliff Richard & The Shadows
Tough,Lewis Capaldi
Solid Rock - Remastered Version,Goanna
Fall Together,The Temper Trap
Your Love Is My Drug,Kesha
Someday,Rob Thomas
The Day I Met Marie,Cliff Richard
Drag Me Down,One Direction
Savin' Me,Nickelback
Amoureuse,Kiki Dee
Saving All My Love for You,Whitney Houston
U Sure Do,Strike
Indian Giver - Remastered,1910 Fruitgum Company
Love Potion No. 9,The Clovers
Nights In White Satin - Single Version / Mono,The Moody Blues
All the Lovers,Kylie Minogue
The Way You Move (feat. Sleepy Brown),"Outkast, Sleepy Brown"
Please Don't Say You Love Me,Gabrielle Aplin
Scar Tissue,Red Hot Chili Peppers
A Glass Of Champagne,Sailor
With Arms Wide Open,Creed
She Wants To Move,N.E.R.D
"Hold On, We're Going Home","Drake, Majid Jordan"
10.000 Promises,Backstreet Boys
Sweet About Me,Gabriella Cilmi
Nothing,The Script
Only You (with Little Mix),"Cheat Codes, Little Mix"
Not Giving In (feat. John Newman & Alex Clare),"Rudimental, John Newman, Alex Clare"
You Sexy Thing,Hot Chocolate
She Moves,"Alle Farben, Graham Candy"
If You Want My Love,Cheap Trick
Every Breath You Take - Remastered 2003,The Police
Thinking About You (feat. Ayah Marar),"Calvin Harris, Ayah Marar"
Silence (Single Edit),"Delerium, Sarah McLachlan"
Tonight Tonight,Hot Chelle Rae
Ain't My Fault,Zara Larsson
Tonight I Wanna Cry,Keith Urban
Lasso,Phoenix
The Old Lamplighter,The Browns
Big (feat. Gunna),"Rita Ora, David Guetta, Imanbek, Gunna"
You Should Be Dancing,Bee Gees
Tsunami (Jump) - Radio Edit,"DVBBS, Borgeous, Tinie Tempah"
Heartbeat It's A Love Beat,"The DeFranco Family, Tony DeFranco"
Pride And Joy,Marvin Gaye
That's the Way (I Like It) - 2004 Remaster,KC & The Sunshine Band
What's My Scene - 2005 Remaster,Hoodoo Gurus
Snowbird,Liv Maessen
Hold Me Up,Conrad Sewell
Don't Dream It's Over,Crowded House
One - Remastered,Metallica
Double Barrel,Dave & Ansell Collins
(Say) You're My Girl,Roy Orbison
My Love,"Justin Timberlake, T.I."
Funky Cold Medina,Tone-Loc
"Baby, You Got What It Takes",Brook Benton
Israel's Son,Silverchair
Hit the Road Jack,Ray Charles
Pray,Take That
Father And Son,Yusuf / Cat Stevens
Fortunate Son,Creedence Clearwater Revival
Whistle,Flo Rida
Endless Love,"Lionel Richie, Diana Ross"
Amnesia,5 Seconds of Summer
Onionskin,Boom Crash Opera
Mercy,Shawn Mendes
I Could Easily Fall (In Love with You),Cliff Richard & The Shadows
You Don't Own Me,Lesley Gore
Chances,Backstreet Boys
Wait,Gyan
Die In Your Arms,Justin Bieber
The Trouble With Love Is,Kelly Clarkson
Life Is Worth Living,Justin Bieber
Cruel to Be Kind,Nick Lowe
Live It Up,Mental As Anything
Break Me Shake Me,Savage Garden
Beneath Your Beautiful (feat. Emeli Sandé),"Labrinth, Emeli Sandé"
Rollin' (Air Raid Vehicle),Limp Bizkit
I Will Always Love You,Whitney Houston
Freeway Of Love,Aretha Franklin
Addicted To You,Avicii
Go Your Own Way - 2004 Remaster,Fleetwood Mac
About Damn Time,Lizzo
Something About You,Hayden James
"Just Another Dream - Album-Edit / 7"" Mix",Cathy Dennis
Separate Lives (Love Theme From White Nights),"Phil Collins, Marilyn Martin"
Our Song - Luca Schreiner Remix,"Anne-Marie, Niall Horan, Luca Schreiner"
How Deep Is Your Love,"Calvin Harris, Disciples"
Mama Said,The Shirelles
My First Kiss (feat. Ke$ha),"3OH!3, Kesha"
1000 Miles Away,Jewel
Mundian To Bach Ke (Beware of the Boys) [Jay Z Remix],Panjabi MC
Church,Alison Wonderland
Survivor,Destiny's Child
Two Hearts,Phil Collins
Cocaine,Eric Clapton
Come Said The Boy - Digitally Remastered,Mondo Rock
Own This Club,Marvin Priest
I Am Pegasus,Ross Ryan
The Girl and the Robot,Röyksopp
Sing My Love,"Zank, STORME"
(They Long to Be) Close to You,Dami Im
Petals and Leaves,"ponders, Mason Parks"
Party Lights,Claudine Clark
Alejandro,Lady Gaga
Drop The Pressure,Mylo
Girls (All Around the World),Reece Mastin
New Divide,Linkin Park
Barbie Girl,Aqua
Damn I Wish I Was Your Lover,Sophie B. Hawkins
American Pie,Madonna
Teenagers,My Chemical Romance
I Remember,Yeasayer
In Dreams,Roy Orbison
Electricity,"Silk City, Dua Lipa, Mark Ronson, Diplo"
Miss Right,Ne-Yo
These Kids (radio edit),Joel Turner
I Believe,"Blessid Union Of Souls, David Kershenbaum"
Better Days (NEIKED x Mae Muller x Polo G),"NEIKED, Mae Muller, Polo G"
Hero,Enrique Iglesias
One,U2
Summer Love,Justin Timberlake
Whatever You Like,T.I.
Chirpy Chirpy Cheep Cheep,Middle Of The Road
Patches,Clarence Carter
Slide Away,Miley Cyrus
The Monster,"Eminem, Rihanna"
Kitty,The Presidents Of The United States Of America
"Writing's On The Wall - From ""Spectre"" Soundtrack",Sam Smith
Final Song,MØ
Stuck On You,Elvis Presley
I Want Your Sex - Pts. 1 & 2 Remastered,George Michael
Sex & Candy,Marcy Playground
Get Shaky - Radio Edit,Ian Carey Project
Sway My Way (with Amy Shark),"R3HAB, Amy Shark"
On Hold,The xx
Search for the Hero,M People
Ritual,"Tiësto, Jonas Blue, Rita Ora"
Do You Know the Way to San Jose,Dionne Warwick
The Son of Hickory Holler's Tramp,O.C. Smith
What About Us,P!nk
Seasons in the Sun,Terry Jacks
It's Alright,East 17
Cinnamon,Derek
Hawaii (Mono),The Beach Boys
Me & U,Cassie
(We're Gonna) Rock Around The Clock,Bill Haley & His Comets
Miss Sarajevo,George Michael
Who Knew,P!nk
Mambo No. 5 (A Little Bit of...),Lou Bega
Boom Boom Pow,Black Eyed Peas
Treat People With Kindness,Harry Styles
Don't You Worry Child - Acoustic,Conor Maynard
"Julie, Do Ya Love Me",Bobby Sherman
Hey Jude - Remastered 2015,The Beatles
It Don't Come Easy,Ringo Starr
Good For You,"Selena Gomez, A$AP Rocky"
Sultans Of Swing,Dire Straits
Fireflies,Owl City
You're Beautiful,Nathaniel
Weapon Of Choice,Fatboy Slim
SICKO MODE,Travis Scott
Don't Turn Around,Ace of Base
Hey Baby,"No Doubt, Bounty Killer"
Children,Robert Miles
Rather Be (feat. Jess Glynne),"Clean Bandit, Jess Glynne"
Kids,OneRepublic
Spirit In The Sky,Norman Greenbaum
"5, 6, 7, 8",Steps
Go All The Way,Raspberries
Way Love's Supposed To Be,Selwyn
Night Fever,Bee Gees
I Can't Stop Loving You,Ray Charles
Heartache All Over The World,Elton John
Following the Sun,"SUPER-Hi, NEEKA"
Gudbuy T'Jane,Slade
Suicide Blonde,INXS
Polyester Girl,Regurgitator
Circles,Birds Of Tokyo
I Can Show You,Tim & Jean
Here With Me,Michelle Branch
Numb / Encore,"JAY-Z, Linkin Park"
Don't You Think It's Time,Bob Evans
Creep,Radiohead
Work It,Missy Elliott
HIGHEST IN THE ROOM,Travis Scott
Rumors - Main,Lindsay Lohan
Hit Me Up,Gia Farrell
XO,Beyoncé
Khe Sanh - 2011 Remastered,Cold Chisel
What A Man Gotta Do,Jonas Brothers
For the First Time,The Script
Smoke on the Water - 1997 Remaster,Deep Purple
Wasn't It Good,Tina Arena
Ooh Aah (Just A Little Bit) - Remastered,Gina G
You Don't Know What You've Got,Ral Donner
Heart Of Stone - Mono Version,The Rolling Stones
A Matter of Trust,Billy Joel
Bad Day,Daniel Powter
Starships,Nicki Minaj
Sky Diver,Daniel Boone
Lonely Night (Angel Face),Captain & Tennille
We Found Love,"Rihanna, Calvin Harris"
Real Love x Sunchyme (feat. Jess Glynne) [VIP Mash-up],"Clean Bandit, Dario G, Jess Glynne"
Love Me Harder,"Scott Bradlee's Postmodern Jukebox, Cristina Gatti"
Rude Boy,Rihanna
Hitchin' a Ride,Green Day
Resistance,Muse
"These Days (feat. Jess Glynne, Macklemore & Dan Caplen)","Rudimental, Jess Glynne, Macklemore, Dan Caplen"
Minefields,"Faouzia, John Legend"
Reunited,Peaches & Herb
Undefeated,Jason Derulo
Rock This Party - Original,Bob Sinclar
Hotel Room Service,Pitbull
It's My Life,Bon Jovi
Part Time Love,Elton John
Just Be Good To Me,The S.O.S Band
Chained To The Wheel - 2007 Remastered,The Black Sorrows
Smells Like Teen Spirit,Nirvana
The Drugs Don't Work - Remastered 2004,The Verve
Roar,Katy Perry
Suffer,Charlie Puth
Feel So Close - Radio Edit,Calvin Harris
I'll Find My Way Home,Jon & Vangelis
Where Do You Go,No Mercy
It’s My Birthday,"will.i.am, Cody Wise"
Stay With Me,Sam Smith
I Want You To Know,"Zedd, Selena Gomez"
Use Somebody,Kings of Leon
The Loved One,The Loved Ones
Jump Around,House Of Pain
The Way I Am,Charlie Puth
P.T. 109,Jimmy Dean
Heard 'Em Say,"Kanye West, Adam Levine"
All Loved Up,Amy Shark
Polaroid,"Jonas Blue, Liam Payne, Lennon Stella"
Believe Again,Delta Goodrem
Joy,Apollo 100
Albatross,Fleetwood Mac
I Bet You Look Good On The Dancefloor,Arctic Monkeys
Mickey's Monkey - Album Version (Stereo),The Miracles
Hard Love,Ellie Drennan
Lonely Weekends,Charlie Rich
Empire State Of Mind,"JAY-Z, Alicia Keys"
Sexy M.F.,Prince
Escape (The Pina Colada Song),Rupert Holmes
Safe Inside,James Arthur
"What The World Needs Now Is Love/Abraham, Martin And John",Tom Clay
Drunk in Love (feat. Jay-Z),"Beyoncé, JAY-Z"
Amazing Grace,Judy Collins
Look What You've Done,Jet
Now Or Never,Halsey
Better Days,Pete Murray
Sara,Starship
Nothing From Nothing,Billy Preston
Wannabe,Spice Girls
Animals,Martin Garrix
Healing Hands,Elton John
Ain't Nobody (Loves Me Better),"Felix Jaehn, Jasmine Thompson"
Last Night,The Vamps
Runaround Sue - Remastered 1991,Dion
Sound of Summer,Busby Marou
I Ain't Worried,OneRepublic
Needle In A Haystack,The Twilights
Slow Down - Remastered 2009,The Beatles
You've Lost That Lovin' Feelin',The Righteous Brothers
2-4-6-8 Motorway,Tom Robinson Band
Hot Blooded,Foreigner
Both of Us (feat. Taylor Swift),"B.o.B, Taylor Swift"
Everytime We Touch,Cascada
We Do It,R & J Stone
Spanish Harlem,Ben E. King
Jump!,The Movement
The Wonder of You,Elvis Presley
At My Best (feat. Hailee Steinfeld),"mgk, Hailee Steinfeld"
In My Feelings,Drake
Come Together - Remastered,The Beatles
Truthfully,DNCE
you broke me first - Luca Schreiner Remix,"Tate McRae, Luca Schreiner"
Many Rivers To Cross,Toni Childs
"Truly, Madly, Deeply",Cascada
Honky Tonk Women - Mono Version,The Rolling Stones
We No Speak Americano - Radio Edit,"Yolanda Be Cool, DCup"
Flip A Switch. (feat. Coi Leray) - Remix,"RAYE, Coi Leray"
Nothing Compares 2 U,Sinéad O'Connor
Counting Stars,OneRepublic
Far Away,Nickelback
The Blower's Daughter,Damien Rice
What Makes You Beautiful,One Direction
Teach Your Children,"Crosby\, Stills\, Nash & Young"
Start Again (feat. Logic),"OneRepublic, Logic"
Turning Japanese,The Vapors
Beast Of Burden - Remastered 1994,The Rolling Stones
Friend In the Field,Art vs Science
Love Is a Drug,Eskimo Joe
Her Royal Majesty,James Darren
1979,Good Charlotte
Been Waiting,Jessica Mauboy
Runaway,P!nk
Stuck In The Middle With You,Stealers Wheel
Sometimes,Britney Spears
Stolen Dance,Milky Chance
Shalala Lala,Vengaboys
Rain,Dragon
Boom Boom,Justice Crew
Under Cover of Darkness,The Strokes
(Baby I've Got You) On My Mind,Powderfinger
Sorry Not Sorry,Demi Lovato
Song for Suzy,The Dudley Moore Trio
L.A. International Airport,Susan Raye
Ulysses,Franz Ferdinand
It's Now or Never,Elvis Presley
Man! I Feel Like A Woman!,Shania Twain
I Begin to Wonder,Dannii Minogue
So Much In Love,The Tymes
Soul to Squeeze,Red Hot Chili Peppers
Every Little Thing She Does Is Magic - Remastered 2003,The Police
Follow Me,"Hardwell, Jason Derulo"
Bad Habits,Ed Sheeran
Rock 'N' Roll Is King,Electric Light Orchestra
Falling,Alesso
Sober,P!nk
Daydreamer (feat. Example) - Radio Edit,"Flux Pavilion, Example"
Twist And Shout,"Chaka Demus & Pliers, Jack Radics, The Taxi Gang"
(Sittin' On) The Dock of the Bay,Michael Bolton
I Want You Back,The Jackson 5
100 Years,Five For Fighting
Leaving New York,R.E.M.
Young Hearts Run Free,Candi Staton
Lighthouse,The Waifs
positions,Ariana Grande
Top Of The World,Carpenters
The Winner Takes It All,ABBA
Hook Me Up,The Veronicas
Bits and Pieces - 2019 - Remaster,The Dave Clark Five
Better,"What So Not, LPX"
Surrender,The Collective
Don't Wanna Go Home,Jason Derulo
Long Haired Lover From Liverpool,Jimmy Osmond
Don't Believe In Love,Sheppard
Something So Strong,Crowded House
Dancing On The Ceiling,Lionel Richie
Sweat (A La La La La Long),Inner Circle
Slide,The Goo Goo Dolls
Eleanor Rigby,Zoot
Seventeen,Winger
Following the Sun,"SUPER-Hi, NEEKA"
Weekend Wars,MGMT
Castle on the Hill,Ed Sheeran
Starry Eyed,Ellie Goulding
We Own It (Fast & Furious),"2 Chainz, Wiz Khalifa"
Just A Little Bit,Kids Of 88
Never Again,Nickelback
The Golden Age,The Asteroids Galaxy Tour
So Far Away (feat. Jamie Scott & Romy Dya),"Martin Garrix, David Guetta, Jamie Scott, Romy Dya"
Live In Life,The Rubens
Who Do U Love,Deborah Cox
Let Go,Ne-Yo
Moody Blue,Elvis Presley
Proud,Heather Small
The Last Day on Earth,Kate Miller-Heidke
Image Of A Girl,The Safaris
Walking To New Orleans - Remastered,Fats Domino
I Will Always Love You,Whitney Houston
Rover (feat. DTG),"S1mba, DTG"
Turn the Beat Around,Gloria Estefan
Break Up In A Small Town,Sam Hunt
What Other People Say,"Sam Fischer, Demi Lovato"
Step By Step,The Crests
Forever,Chris Brown
End Of The Line,Traveling Wilburys
Hold My Hand,Lady Gaga
I Still Haven't Found What I'm Looking For,U2
Solo (feat. Demi Lovato),"Clean Bandit, Demi Lovato"
Only One,"Kanye West, Paul McCartney"
Like Soda,Violent Soho
Born to Run,Bruce Springsteen
From This Moment - Revival,Eurika
Be My Lover,La Bouche
Under the Bridge,"All Saints, Nelle Hooper"
Sweet Pea,Tommy Roe
Best Thing I Never Had,Beyoncé
Ana's Song (Open Fire),Silverchair
Love Will Keep Us Together,Captain & Tennille
Electric - Pokemon 25 Version,Katy Perry
Stay High,"Diplo, HUGEL, Julia Church"
Michael (Row The Boat Ashore),The Highwaymen
Good Morning Starshine,Oliver
See You Again (feat. Charlie Puth),"Wiz Khalifa, Charlie Puth"
It Never Rains in Southern California,Albert Hammond
Key Largo,Bertie Higgins
One More Try,Mariah Carey
The Way We Were,Barbra Streisand
I've Been Thinking About You,Londonbeat
After the Afterparty (feat. Lil Yachty),"Charli xcx, Lil Yachty"
Hurricane - Radio Edit,"Dzeko & Torres, Sarah McLeod"
Kiwi,Harry Styles
Stay the Night,James Blunt
Rebel Rebel - 2016 Remaster,David Bowie
Black Box,Stan Walker
Take It All,Adele
You Used to Hold Me,Calvin Harris
Drive (feat. Wes Nelson),"Clean Bandit, Topic, Wes Nelson"
Outside Of Me,Killing Heidi
Gladiator,Dami Im
The Lord's Prayer 1983,Sister Janet Mead
Hotline Bling,Drake
Lay Your Love on Me,Racey
Currency,Kayla Rae Haywood
So Beautiful - Single Version,Pete Murray
We're Not Gonna Take It,Twisted Sister
Father's Day,Weddings Parties Anything
I Could Be so Good for You,Dennis Waterman
This Is America,Childish Gambino
Lambada - Original Version 1989,Kaoma
Are You Bored Yet? (feat. Clairo),"Wallows, Clairo"
Lucky Number,Lene Lovich
1955,"Hilltop Hoods, Montaigne, Tom Thum"
I Say a Little Prayer,Aretha Franklin
Champagne Supernova - Remastered,Oasis
So Sad (To Watch Good Love Go Bad) - 2007 Remaster,The Everly Brothers
Supreme,Robbie Williams
Tennessee Flat Top Box - 1988 Version,Johnny Cash
"Hello, Goodbye - Remastered 2009",The Beatles
Thrift Shop (feat. Wanz),"Macklemore & Ryan Lewis, Macklemore, Ryan Lewis, Wanz"
Devil Inside,INXS
In2,WSTRN
Polk Salad Annie,Tony Joe White
Tin Soldier (Stereo),Small Faces
Strings And Drums,Kisschasy
Never Be Your Woman - SHY FX Radio Edit,"Naughty Boy, Wiley, Emeli Sandé, SHY FX"
Semi-Charmed Life - 2006 Remaster,Third Eye Blind
Your Song,Elton John
You Gotta Be,Des'ree
I'm Gonna Be (500 Miles),The Proclaimers
10:35,"Tiësto, Tate McRae"
Turning Tables,Adele
Starving,"Hailee Steinfeld, Grey, Zedd"
Genie In a Bottle,Christina Aguilera
Ain't No Love (Ain't No Use) [feat. Melanie Williams],"Sub Sub, Melanie Williams"
Two Tickets to Paradise (2022 Remaster),Eddie Money
Toca's Miracle - Radio Edit,Fragma
OMG (feat. will.i.am),"USHER, will.i.am"
Rock'n Me,Steve Miller Band
No Air (feat. Chris Brown),"Jordin Sparks, Chris Brown"
Try,P!nk
Girls Talk,Dave Edmunds
Saved By The Bell,Robin Gibb
Wild World,Yusuf / Cat Stevens
Raining Again,Moby
Candy Girl,Frankie Valli & The Four Seasons
Walk Right Back,The Everly Brothers
Move Closer,Phyllis Nelson
Khe Sanh,Cold Chisel
Love Me Like I Love You,Bay City Rollers
I Swear,All-4-One
Young And Beautiful,Lana Del Rey
Touch,Pia Mia
Stuck,Stacie Orrico
These Boots Are Made For Walkin',Nancy Sinatra
Stuck with U (with Justin Bieber),"Ariana Grande, Justin Bieber"
Better Best Forgotten,Steps
Invincible,Kelly Clarkson
Back To You - From 13 Reasons Why – Season 2 Soundtrack,Selena Gomez
Eternal Flame - Remastered,Human Nature
Ain't Nobody (Loves Me Better) (feat. Jasmine Thompson),"Felix Jaehn, Jasmine Thompson"
Get It Right,"Diplo, MØ"
Mouth,Merril Bainbridge
I Just Had Sex,"The Lonely Island, Akon"
Head & Heart (feat. MNEK),"Joel Corry, MNEK"
Black Is Black,Los Bravos
Silhouettes - Original Radio Edit,Avicii
Spend My Life With You,"Eric Benét, Kevin ""K.D."" Davis"
Where Is The Love?,Black Eyed Peas
Ain't Gonna Bump No More (With No Big Fat Woman),Joe Tex
Kashmir - 1990 Remaster,Led Zeppelin
Feel Good Time,"P!nk, William Orbit"
Look Alive (feat. Drake),"BlocBoy JB, Drake"
Get Right,Jennifer Lopez
Time After Time,Cyndi Lauper
Soaked,Bene
We No Speak Americano,"Yolanda Be Cool, Andrew Stanley, DCup, Matt Handles"
Thrift Shop (feat. Wanz),"Macklemore & Ryan Lewis, Wanz"
You Belong With Me,Taylor Swift
I.O.I.O.,Bee Gees
Is It Love,Twenty 4 Seven
Every Woman In The World,Air Supply
Keep On Movin',"Five, Steve Mac"
Tonight (I'm Lovin' You),"Enrique Iglesias, Ludacris, DJ Frank E"
The Spartans,Sounds Incorporated
Wolfsbane,"Love Ghost, Rico Nasty"
Come On Eileen,Dexys Midnight Runners
Lost on You,LP
Gotta Tell You,Samantha Mumba
Love in the First Degree,Bananarama
Wanted Dead Or Alive,Bon Jovi
Our Song,"Anne-Marie, Niall Horan"
Scatman (ski-ba-bop-ba-dop-bop),Scatman John
Tears (feat. Louisa Johnson),"Clean Bandit, Louisa Johnson"
My Head & My Heart,Ava Max
"Those Lazy, Hazy, Crazy Days Of Summer",Nat King Cole
Breakfast At Tiffany's,Deep Blue Something
Woman - Remastered 2010,John Lennon
Reality - Radio Edit,"Lost Frequencies, Janieck Devy"
The Show Must Go On - Remastered 2011,Queen
I'm Not The Only One,Sam Smith
When Will I See You Again,The Three Degrees
"Sorry, Blame It On Me",Akon
Sea of Love - 2006 Remaster,The Honeydrippers
Walk Like an Egyptian,The Bangles
Low Blows,Meg Mac
Judy in Disguise (With Glasses),John Fred and His Playboy Band
R.O.C.K. In The U.S.A. (A Salute To 60's Rock),John Mellencamp
Hey Little Cobra,The Rip Chords
Epic - 2009 Remaster,Faith No More
Stand By You,Marlisa
Faith - Remastered,George Michael
"Fastlove, Pt. 1",George Michael
"When You Believe (from ""The Prince of Egypt"")","Mariah Carey, Whitney Houston"
Kings of the World,Mississippi
Love Story (Taylor’s Version),Taylor Swift
Immigrant Song - 1990 Remaster,Led Zeppelin
Green,Alex Lloyd
Lay All Your Love On Me,Erasure
Animal Rights - Radio Edit,"deadmau5, Wolfgang Gartner"
"Kernkraft 400 - DJ Gius Mix, Radio Edit",Zombie Nation
Twilight Zone,2 Unlimited
Spanish Guitar,Toni Braxton
It's Only Natural,Crowded House
Melting Pot,Blue Mink
Monsters (feat. Demi Lovato and blackbear),"All Time Low, Demi Lovato, blackbear"
"Footloose - From ""Footloose"" Soundtrack",Kenny Loggins
Time of Our Lives - Radio Edit,"Pitbull, Ne-Yo"
Dandy,Herman's Hermits
Fingers Crossed,Lauren Spencer Smith
Feel The Love,"Marvin Priest, Fatman Scoop"
Outlines - Radio Edit,"Mike Mago, Dragonette"
It's Good News Week,Hedgehoppers Anonymous
Cherish,Madonna
Make It with You,Bread
Horror Movie - remastered,Skyhooks
Youth (feat. Khalid),"Shawn Mendes, Khalid"
Dr. Love,Tina Charles
Rain,The Script
Never Miss A Beat,Kaiser Chiefs
Undisclosed Desires,Muse
But It's Better If You Do,Panic! At The Disco
Love Tonight (Edit),Shouse
Take A Picture,Filter
Impossible,Christina Aguilera
One Four Five,The Cat Empire
Welcome To New York,Taylor Swift
Good Luck Charm,Elvis Presley
I Like It,"Cardi B, Bad Bunny, J Balvin"
Praise You,Fatboy Slim
"Hey Mama (feat. Nicki Minaj, Bebe Rexha & Afrojack)","David Guetta, AFROJACK, Bebe Rexha, Nicki Minaj"
"Never Seen Anything ""Quite Like You""",The Script
Never Let Me Go,Florence + The Machine
Dance Monkey,Tones And I
You Drive Me Crazy - (Single Version) [Remastered],Shakin' Stevens
What a Girl Wants,Christina Aguilera
Numb Little Bug,Em Beihold
Jesamine,The Casuals
Ships In The Night,Vicki Lawrence
Never Ever,All Saints
Run,Leona Lewis
Trampoline (with ZAYN),"SHAED, ZAYN"
My Coo Ca Choo,Alvin Stardust
Two of Us,Louis Tomlinson
Changing,John Mayer
I Never Loved You Anyway,The Corrs
Already Gone,Kelly Clarkson
Sometimes When We Touch,Newton
WILD,Troye Sivan
St. Elmos Fire (Man in Motion),John Parr
Live It Up,"360, PEZ"
Sunflower - Spider-Man: Into the Spider-Verse,"Post Malone, Swae Lee"
Remind Me,Conrad Sewell
Hold It Against Me,Britney Spears
Don't Tell Me,Avril Lavigne
Get Busy,Sean Paul
You've Got The Love,Florence + The Machine
Say Something,"A Great Big World, Christina Aguilera"
If I Had Words,"Scott Fitzgerald, Yvonne Keeley"
Payphone,"Maroon 5, Wiz Khalifa"
Boyfriend,Selena Gomez
Fake,"Lauv, Conan Gray"
Epic,Faith No More
Ding Dong! the Witch Is Dead,The Fifth Estate
One Sweet Day,"Mariah Carey, Boyz II Men"
Pride,Ray Brown And The Whispers
Pump Up The Jam - Edit,"Technotronic, Felly"
I Say a Little Prayer,Aretha Franklin
Leave Before You Love Me (with Jonas Brothers),"Marshmello, Jonas Brothers"
Never Say Never - Radio Edit,Vandalism
Waiting For Love,Avicii
Come & Get It,Selena Gomez
I'm Blue (The Gong-Gong-Song),The Ikettes
Wildest Dreams,Taylor Swift
Scared to Be Lonely,"Martin Garrix, Dua Lipa"
Paloma Blanca,George Baker Selection
Pink Houses,John Mellencamp
Rock & Roll I Gave You The Best Years Of My Life,Kevin Johnson
Classical Gas,Mason Williams
Through the Wire (Radio Edit),"The Immigrant, Danny Ross"
Losing My Religion,R.E.M.
Starships,Nicki Minaj
Creep,Radiohead
Bigger Than Us,White Lies
Love is a Beautiful Song,Dave Mills
Marry Me,Robbie Williams
Leave a Light On,Belinda Carlisle
Cars,Gary Numan
These Days,Powderfinger
Can't Rely on You,Paloma Faith
See the Sun,Dido
Knock Three Times,Tony Orlando & Dawn
Animals - Radio Edit,Martin Garrix
Fight for You,Jason Derulo
Summer Breeze,Seals and Crofts
The Monkey Time,Major Lance
Wild Heart,The Vamps
Lonely,"Diplo, Jonas Brothers"
Nothing Matters,Jess & Matt
Overpass Graffiti,Ed Sheeran
I Don't Wanna Be In Love (Dance Floor Anthem),Good Charlotte
If You're Over Me,Olly Alexander (Years & Years)
Gotta Get Thru This - Radio Edit,Daniel Bedingfield
Crush,Pendulum
Problem,"Ariana Grande, Iggy Azalea"
No Diggity,"Blackstreet, Dr. Dre, Queen Pen"
Black & Gold - Radio Edit,Sam Sparro
Chewy Chewy,Ohio Express
I Want You Back,The Jackson 5
I Just Wanna Live,Good Charlotte
Love On Display,Guy Sebastian
Encore Une Fois,Sash!
Spinning Wheel,"Blood\, Sweat & Tears"
Fall Of Rome,James Reyne
Better the Devil You Know,Kylie Minogue
Drop the Game,"Flume, Chet Faker"
I Am Blessed,"Eternal, Simon Climie"
Pop a Bottle (Fill Me Up),Jessica Mauboy
The Lady In Red,Chris de Burgh
Two Wrongs (feat. Claudette Ortiz),"Wyclef Jean, Claudette Ortiz"
Juke Box Hero,Foreigner
Fall Down,"will.i.am, Miley Cyrus"
You Keep Me Hangin On,Kim Wilde
Beverly Hills,Weezer
Golden Brown,The Stranglers
Respect - 2003 Remaster,Aretha Franklin
Big Girls Don't Cry,Frankie Valli & The Four Seasons
good 4 u,Olivia Rodrigo
Don't Stand So Close To Me - Remastered 2003,The Police
Rose Garden,Lynn Anderson
Maniac,Michael Sembello
Pop!ular,Darren Hayes
HandClap,Fitz and The Tantrums
Untouched,The Veronicas
I Never Can Say Goodbye,Gloria Gaynor
BURN IT DOWN,Linkin Park
Ass Back Home (feat. Neon Hitch),"Gym Class Heroes, Neon Hitch"
Lost In Japan,Shawn Mendes
Unbelievable,EMF
You,Nathaniel
Without You,Harry Nilsson
Bossa Nova Baby,Elvis Presley
Angel - 2002 Remaster,Cliff Richard
Yeah!,"USHER, Lil Jon, Ludacris"
Lonely,Joel Corry
Cry Me a River,Justin Timberlake
Don't Play,"Anne-Marie, KSI, Digital Farm Animals"
You And Me,Lifehouse
Black Magic,Little Mix
No Diggity,"Lucas & Steve, Blackstreet"
River (feat. Ed Sheeran),"Eminem, Ed Sheeran"
You Oughta Know - 2015 Remaster,Alanis Morissette
Lovin On Me,Jack Harlow
Ghost,Justin Bieber
EveryTime I Cry,Ava Max
My Happy Ending,Avril Lavigne
For the Good Times,Perry Como
She's A Fool,Lesley Gore
A Cowboy's Work Is Never Done,Sonny & Cher
Angie Baby,Helen Reddy
Opposites Attract,Paula Abdul
Passenger,Powderfinger
Real Wild Child (Wild One),Iggy Pop
My My My!,Troye Sivan
Everybody Have Fun Tonight,Wang Chung
Threnody (Bombs Away Remix),Naeleck
Candy Girl,New Edition
Errol - Remastered,Australian Crawl
I Can't Go for That (No Can Do),Daryl Hall & John Oates
Never Let Me Go,Florence + The Machine
I Only Want To Be With You,Dusty Springfield
I'm Outta Love,Anastacia
Hard To Get To Love,Chris Sebastian
I'm Your Little Boy,Heintje
This Is How We Do,Katy Perry
Open Season,Josef Salvat
Break Your Heart,"Taio Cruz, Ludacris"
I Owe You Nothing,"Bros, Ric Wake, Bob Cadway"
Oops!...I Did It Again,Britney Spears
Insomnia,"Faithless, Rollo Armstrong, Sister Bliss"
I'm Into You,"Jennifer Lopez, Lil Wayne"
Set Fire to the Rain,Adele
Life for Rent,Dido
The Loco-Motion,Kylie Minogue
Undressed,Kim Cesarion
Sk8er Boi,Avril Lavigne
Young Blood,The Naked And Famous
You Give Love A Bad Name,Bon Jovi
Stay (with Alessia Cara),"Zedd, Alessia Cara"
Touch Me In The Morning - First Pressing Single Version,Diana Ross
"It Must Have Been Love - From the Film ""Pretty Woman""",Roxette
Black & Blue,Guy Sebastian
I Wanna Be Down,Brandy
Blue Suede Shoes,Elvis Presley
Heroes - 2017 Remaster,David Bowie
The Night Chicago Died,Paper Lace
Blue Sky Mine - Remastered,Midnight Oil
Crazy Mama,J.J. Cale
Your Love (9PM),"ATB, Topic, A7S"
"How Far I'll Go - From ""Moana""",Alessia Cara
The One That Got Away,Katy Perry
death bed (coffee for your head),"Powfu, beabadoobee"
Feel like Makin' Love - 2015 Remaster,Bad Company
Pompeii,Bastille
Comedown,Bush
Superstar,Jamelia
In This Life,Delta Goodrem
Mother's Little Helper,The Rolling Stones
Alone,Heart
We Are the Champions (Ding a Dang Dong) - Radio Edit,Crazy Frog
Runnin' Down A Dream,Tom Petty and the Heartbreakers
My Kind Of Scene,Powderfinger
Dangerously,Charlie Puth
Dusk Till Dawn (feat. Sia) - Radio Edit,"ZAYN, Sia"
Simon Says,1910 Fruitgum Company
Knock On Wood,Amii Stewart
Get Ready for This,2 Unlimited
Bonaparte's Retreat,Glen Campbell
Yellow,Coldplay
Count on Me,Bruno Mars
The Loco-Motion,Grand Funk Railroad
Alone,Bee Gees
I Will Wait,Mumford & Sons
Rude,MAGIC!
The Safety Dance,Men Without Hats
The Cure,Lady Gaga
Are You Gonna Be My Girl,Jet
If Only,Hanson
The Last Time - Mono Version,The Rolling Stones
Raise The Alarm,The Living End
California Dreamin' - Single Version,The Mamas & The Papas
Am I Wrong,Nico & Vinz
"Turn Around (5,4,3,2,1)",Flo Rida
Love Myself,Hailee Steinfeld
Whatta Man (feat. En Vogue) - EP Version,"Salt-N-Pepa, En Vogue"
Rich Girl,"Gwen Stefani, Eve"
Monterey,Eric Burdon & the Animals
Million Dollar Riff - 2015 Version,Skyhooks
Way To Go!,Rogue Traders
Just Feel Better (feat. Steven Tyler),"Santana, Steven Tyler"
Rehab - Pharoahe Monch Remix,"Amy Winehouse, Pharoahe Monch"
Call Me Maybe,Carly Rae Jepsen
Booty,"Jennifer Lopez, Iggy Azalea"
"Can't Get Enough Of Your Love, Babe",Barry White
Heartbreak Warfare,John Mayer
Tears and Rain,James Blunt
Why Not,Hilary Duff
Stay (feat. Maty Noyes),"Kygo, Maty Noyes"
Secrets,"Regard, RAYE"
Gold on the Ceiling,The Black Keys
Stay Awhile,The Bells
Billionaire (feat. Bruno Mars),"Travie McCoy, Bruno Mars"
Calypso,Spiderbait
Gimme Some Lovin',The Spencer Davis Group
Love Yourself,Justin Bieber
Amnesia,5 Seconds of Summer
Untouchable,Johnny Ruffo
"It's All Over Now, Baby Blue",Graham Bonnet
Heartless,The Weeknd
Met Him Last Night (feat. Ariana Grande),"Demi Lovato, Ariana Grande"
Bohemian Rhapsody - Remastered 2011,Queen
Can't You Hear My Heartbeat,Herman's Hermits
Best Night,Justice Crew
Moderation,Florence + The Machine
Love Never Felt So Good,"Michael Jackson, Justin Timberlake"
It Keeps Right On A-Hurtin',Johnny Tillotson
Uncover,Zara Larsson
Resurrection Shuffle - Remastered,"Ashton\, Gardner & Dyke"
A Song for You,Dami Im
Dreamlover,Mariah Carey
Take This Heart,Richard Marx
Slow Dance (feat. Ava Max),"AJ Mitchell, Ava Max"
Make A Move On Me,Olivia Newton-John
Lemon,U2
The Carnival Is Over - Mono; 2009 Remaster,The Seekers
Let Me,ZAYN
A.M.,One Direction
1000x,"Jarryd James, BROODS"
Magic,Coldplay
Almost Love,Sabrina Carpenter
Someone Like You,Adele
I Like That,Richard Vission & Static Revenger Starring Luciana
Waiting for a Girl like You,Foreigner
Pjanoo - Radio Edit,Eric Prydz
Tired Of Talking,Rojdar
Quit Playing Games (With My Heart),Backstreet Boys
Angels,John Farnham
Suspicion,Terry Stafford
Hurricane,Bob Dylan
See You at the Show,Nickelback
Don't Give Up,"Shannon Noll, Natalie Bassingthwaighte"
Blue Sky Mine - 2011 Remaster,Midnight Oil
Cavalry - 2017 Remastered,Daryl Braithwaite
Over Drinking Over You,Busby Marou
Instant Karma! (We All Shine On) - Remastered 2010,"John Lennon, The Plastic Ono Band, Yoko Ono"
Friday To Sunday,Justice Crew
Pressure Down,John Farnham
Can't Stop Myself from Loving You,William Shakespeare
7 Days and One Week - Radio Edit,BBE
Get Out,Casey Abrams
The Riddle,Nik Kershaw
Le Freak - 2018 Remaster,CHIC
Saturday Night (feat. Ludacris),"Jessica Mauboy, Ludacris"
Baby It's You,The Shirelles
Carry On (Her Letter To Him),Ne-Yo
Elevation,U2
Don't Stop Me Now - Remastered 2011,Queen
Rollercoaster,B*Witched
More Than I Can Say,Leo Sayer
Call Out My Name,The Weeknd
Boom Boom Boom,The Outhere Brothers
Therefore I Am,Billie Eilish
Total Eclipse of the Heart,Bonnie Tyler
Domino,Jessie J
Shy Guy,Diana King
Let Me Love You,Mario
All For You - Acoustic Version,Sister Hazel
1-800-273-8255,"Logic, Alessia Cara, Khalid"
Rhythm Of The Night,DeBarge
Devil Woman,Cliff Richard
If Tomorrow Never Comes,Ronan Keating
Rock & Roll Music,Mental As Anything
Feels Like Woah,Wesley Dean
Safe And Sound,Capital Cities
Bohemian Rhapsody - Remastered 2011,Queen
Out Of The Blue,Delta Goodrem
I Believe,Marcella Detroit
Georgia,Vance Joy
Obsesion (No Es Amor) (feat. Baby Bash),"Frankie J, Baby Bash"
Get Down,Gilbert O'Sullivan
Cherry Pie,Warrant
Love$ick (feat. A$AP Rocky),"Mura Masa, A$AP Rocky"
Let's Go,Wang Chung
Lose Yourself,Eminem
everything i wanted,Billie Eilish
"Knowing Me, Knowing You",ABBA
LaserLight,"Jessie J, David Guetta"
Love Runs Out,OneRepublic
The Time Warp,"Richard O'Brien, Patricia Quinn, Nell Campbell"
Party In The U.S.A.,Miley Cyrus
Surfin' USA,Leif Garrett
In the Chapel in the Moonlight,Dean Martin
Day Drunk,Morgan Evans
Treat Me Good,Bachelor Girl
Birthday,Anne-Marie
River (feat. Ed Sheeran),"Eminem, Ed Sheeran"
Deep End,Birdy
Despacito,"Luis Fonsi, Daddy Yankee"
Sorry,Justin Bieber
Hip Hop Holiday (Radio Mix) [Bonus Track],3 The Hard Way
The Others - Radio Edit,"TV Rock, Dukes of Windsor"
The Ghost Inside,Broken Bells
Everybody Wants To Rule The World,Tears For Fears
Kiss,Prince
"This Is My Song - From ""A Countess From Hong Kong""",Harry Secombe
Same Old Love,Selena Gomez
Rubber Bullets,10cc
Here I Am,Natalie Gauci
Break Ya Neck,Busta Rhymes
Angel Baby,Rosie & The Originals
Everytime You Need Me,Fragma
Melanie Makes Me Smile,The Strangers
Maniac,Michael Sembello
Funky Cold Medina,Tone-Loc
Sky High,Newton
Spare Me The Details,The Offspring
Resolution,Matt Corby
Hope,"Shaggy, Prince Mydas"
Boogie Wonderland,"Earth\, Wind & Fire, The Emotions"
Past Life (with Selena Gomez),"Trevor Daniel, Selena Gomez"
Hands Out Of My Pocket,Cold Chisel
Can't Stop,Red Hot Chili Peppers
Healing Hands,Conrad Sewell
Baby Workout,Jackie Wilson
Houdini,Dua Lipa
Pony,Ginuwine
Young at Heart,Amy Meredith
Psycho (feat. Ty Dolla $ign),"Post Malone, Ty Dolla $ign"
Walking On Sunshine,Katrina & The Waves
Let's Get Rocked,Def Leppard
"I'm the One (feat. Justin Bieber, Quavo, Chance the Rapper & Lil Wayne)","DJ Khaled, Justin Bieber, Quavo, Chance the Rapper, Lil Wayne"
Emotions,Mariah Carey
Space Oddity - 2015 Remaster,David Bowie
Love Lies (with Normani),"Khalid, Normani"
The Night Has A Thousand Eyes,Bobby Vee
Live It Up - Remastered,Mental As Anything
Party People,"Nelly, Fergie"
Josh,Peach PRC
Don't Want to Leave You,Scouting For Girls
Hymn for the Weekend,Coldplay
Stay With Me,Sam Smith
Give Me Love (Give Me Peace On Earth),George Harrison
How Will I Know,Whitney Houston
Magic,The Cars
Hot Stuff,"Kygo, Donna Summer"
Dilemma (feat. Kelly Rowland),"Nelly, Kelly Rowland"
I Was Made For Lovin' You,KISS
The Less I Know The Better,Tame Impala
Lisztomania,Phoenix
Ten Days,Missy Higgins
Broken,Lifehouse
The Break Up Song,The Greg Kihn Band
FutureSex / LoveSound,Justin Timberlake
Memories (feat. Kid Cudi),"David Guetta, Kid Cudi"
All Out Of Fight,P!nk
Think About You,Delta Goodrem
My Name Is Jack - Mono Version,Manfred Mann
Call You Mine (feat. Bebe Rexha),"The Chainsmokers, Bebe Rexha"
Going Up The Country,Canned Heat
Wait,Maroon 5
Get Along,Guy Sebastian
Evil Woman,Electric Light Orchestra
Six Ribbons - Soundtrack Version,"Jon English, Mario Millo"
Milkshake,Kelis
Bedroom Floor,Liam Payne
Then He Kissed Me,The Crystals
Godzilla (feat. Juice WRLD),"Eminem, Juice WRLD"
Paper Planes,M.I.A.
Celebration,Kool & The Gang
The Price Of Love,Bryan Ferry
Dream A Little Dream Of Me - Album Version With Introduction,The Mamas & The Papas
Love Not War (The Tampa Beat),"Jason Derulo, Nuka"
Buddy Holly,Weezer
US Forces - Remastered Version,Midnight Oil
Harder To Breathe,Maroon 5
Look At Her Now,Selena Gomez
Lithium,Nirvana
We'll Sing in the Sunshine,Gale Garnett
When I Get There,P!nk
Apple Eyes,SWOOP
Wasted Days and Wasted Nights,Freddy Fender
You Got It,Roy Orbison
Stomp! - Single Version,The Brothers Johnson
With A Little Luck - Remastered 1993,Wings
Love Song,Sara Bareilles
Jam up Jelly Tight (Rerecorded),Tommy Roe
Say You Won't Let Go,James Arthur
Firefly,Ed Sheeran
What the Hell,Avril Lavigne
Trip,Ella Mai
My People,The Presets
Don't Stop 'Til You Get Enough,Michael Jackson
Walks Like Rihanna,The Wanted
Against All Odds (Take A Look at Me Now) (feat. Westlife),"Mariah Carey, Westlife"
Let's Stick Together,Bryan Ferry
I Touch Myself,Divinyls
Riding the Wave,Sheppard
(I Just) Died in Your Arms,Cutting Crew
I Will Survive - Single Version,Gloria Gaynor
Rain,Madonna
Here I Go Again - Radio Version,Whitesnake
Unpretty,TLC
Girls,The 1975
Scattered Diamonds,Hungry Kids of Hungary
Edge of Seventeen,Stevie Nicks
You Got Nothing I Want - 2011 Remastered,Cold Chisel
I'm A Believer,Smash Mouth
Ride on Time,Black Box
Galvanize - Edit,The Chemical Brothers
The Mighty Quinn - Mono Version,Manfred Mann
I'm Sorry,Brenda Lee
Stay The Night - Featuring Hayley Williams Of Paramore,"Zedd, Hayley Williams"
Be Mine,Ofenbach
Rare,Selena Gomez
Bad Moon Rising,The Reels
Am I Ever Gonna See Your Face Again (live),The Angels
Say It Right,Nelly Furtado
To Lose My Life,White Lies
bad guy (with Justin Bieber),"Billie Eilish, Justin Bieber"
Do Right,Glades
Angels,Robbie Williams
Watercolour - Full Version; Single,Pendulum
Warrior,Havana Brown
The Best Thing (2008) - Radio Edit,Hook N Sling
Beautiful Life,Ace of Base
Otherside,Red Hot Chili Peppers
Hearts a Mess,Gotye
Light Switch,Charlie Puth
Big Energy (feat. DJ Khaled) - Remix,"Latto, Mariah Carey, DJ Khaled"
Lithium,Evanescence
Rock That Body,Black Eyed Peas
Beautiful Day,U2
Circles,Post Malone
Fat Bottomed Girls - Remastered 2011,Queen
Fresh Eyes,Andy Grammer
Case Of You,Marques Houston
Lady - Hear Me Tonight,Modjo
This Girl (Kungs Vs. Cookin' On 3 Burners),"Kungs, Cookin' On 3 Burners"
Dream On,Aerosmith
Daddy Cool,Boney M.
Domino Dancing,Pet Shop Boys
Heartbreak Hotel,Elvis Presley
The Look Of Love - Pt. 1,ABC
Wiggle It - Radio Version,2 In A Room
Babe,"Sugarland, Taylor Swift"
Dancing On My Own - Tiësto Remix,"Calum Scott, Tiësto"
Lose Control,Teddy Swims
broken,lovelytheband
Talk To Me,Sunny & The Sunglows
"Baby, I Love Your Way",Big Mountain
Thank You - Single Edit,Jamelia
Just A Little,Liberty X
"Evergreen (Love Theme from ""A Star Is Born"")",Barbra Streisand
What's a Girl to Do?,Sister2sister
Memphis,Lonnie Mack
Mother Mother,Tracy Bonham
Night Changes,One Direction
Fire Water Burn,Bloodhound Gang
I Still Haven't Found What I'm Looking For,U2
I Like Dreamin',Kenny Nolan
Forever Now,Cold Chisel
Famous,Charli xcx
The Greatest Show,"Hugh Jackman, Keala Settle, Zac Efron, Zendaya, The Greatest Showman Ensemble"
You Are The Sunshine Of My Life,Stevie Wonder
These Boots Are Made for Walkin',Jessica Simpson
willow,Taylor Swift
Holes - Radio Edit,Passenger
Adam's Song,blink-182
Angel Of The Morning,Juice Newton
Go Bang,PNAU
Der Kommissar,Falco
In Too Deep,Belinda Carlisle
ABC,The Jackson 5
"Whenever, Wherever",Shakira
Learn to Fly,Foo Fighters
"Uptown Festival - 7"" Version",Shalamar
Mistadobalina,Del The Funky Homosapien
Everything I'm Not,The Veronicas
Peter Gunn (feat. Duane Eddy),"The Art Of Noise, Duane Eddy"
It's Just Not Cricket,The 12th Man
Needles and Pins,Smokie
Clint Eastwood,Gorillaz
We Didn't Start the Fire,Billy Joel
Jean,Oliver
Psychotic Reaction,Count Five
Lost And Running,Powderfinger
I've Been Thinking About You,Londonbeat
Just Give Me a Reason (feat. Nate Ruess),"P!nk, Nate Ruess"
Coward Of The County,Kenny Rogers
Miracle (with Ellie Goulding),"Calvin Harris, Ellie Goulding"
Sad Eyes - Remastered 2002,Robert John
The Original High,Adam Lambert
Summer Rain (Single Remix),Belinda Carlisle
I'm Not Missing You,Stacie Orrico
#thatPOWER,"will.i.am, Justin Bieber"
Blank Space,Taylor Swift
Kicking And Screaming,The Presets
Jeans On,David Dundas
Turn Down for What,"DJ Snake, Lil Jon"
I'm Leaving It (All) Up To You,"Donny Osmond, Marie Osmond"
Reckless,Bernard Fanning
Don't Break The Heart That Loves You,Connie Francis
"Honey, I'm Good.",Andy Grammer
Walking Away,Craig David
Brandy - Rerecorded 1972,Scott English
"Bad, Bad Leroy Brown",Jim Croce
Help! - Remastered 2009,The Beatles
Close,"Nick Jonas, Tove Lo"
Lady (Hear Me Tonight),Modjo
(We're Gonna) Rock Around the Clock,Bill Haley & His Comets
This Will Be (An Everlasting Love),Natalie Cole
Just You and I,Tom Walker
The Creeps (Fedde Le Grand Radio Mix),"Camille Jones, Fedde Le Grand"
If You're Too Shy (Let Me Know) [Edit],The 1975
Hangin' Tough,New Kids On The Block
Baby Don't Forget My Number,Milli Vanilli
Hound Dog,Elvis Presley
Mascara,Killing Heidi
Work,"Rihanna, Drake"
The Only High,The Veronicas
On Bended Knee,Boyz II Men
You Can't Hurry Love - Mono,The Supremes
Head & Heart (feat. MNEK),"Joel Corry, MNEK"
Always,Samantha Jade
Never Be Like You (feat. Kai),"Flume, kai"
Take Me Home Tonight,Eddie Money
Not Ready to Make Nice,The Chicks
Sexy And I Know It,LMFAO
Ain't It Funny,Jennifer Lopez
Little Miss Can't Be Wrong,Spin Doctors
Born To Be Wild - Single Version,Steppenwolf
Maybe Tonight,Kate DeAraugo
Chew On My Heart,James Bay
Firestone,"Kygo, Conrad Sewell"
Leave The Door Open,"Bruno Mars, Anderson .Paak, Silk Sonic"
Take Good Care Of My Baby - 1990 Remastered,Bobby Vee
Since U Been Gone,Kelly Clarkson
Teenager Of The Year,Lo-tel
I Know You (feat. Bastille),"Craig David, Bastille"
Runaway (U & I),Galantis
Nobody Likes A Bogan,Area-7
Cupid's Chokehold / Breakfast in America,Gym Class Heroes
Dum Da Dum,Melodie MC
Polka,Yves Klein Blue
Ms. Vanity,Rob Mills
Too Funky - Single Edit,George Michael
Forever - Lady of Soul,Damage
Prayer in C - Robin Schulz Radio Edit,"Lilly Wood and The Prick, Robin Schulz"
The Other Side,Jason Derulo
After the Loving,Engelbert Humperdinck
Roses - Imanbek Remix,"SAINt JHN, Imanbek"
You and Me,Alice Cooper
Take Care,"Drake, Rihanna"
Sweet Talkin' Woman,Electric Light Orchestra
Ghostbusters,Ray Parker Jr.
Young Turks - 2008 Remaster,Rod Stewart
How Come,D12
Parachute,Timomatic
Who Can It Be Now?,Men At Work
Bring It All Back,S Club
Long Tall Texan,Murry Kellum
Oh Cecilia (Breaking My Heart),"The Vamps, Shawn Mendes"
One More Day (Stay with Me),Example
Flaunt it,TV Rock feat. Seany B
And I'm Telling You I'm Not Going,Dami Im
I Do,Morgan Evans
All Summer Long,Kid Rock
Saving All My Love For You,Dami Im
Small Town,John Mellencamp
Crash And Burn,Savage Garden
No One Else Comes Close,Jay R
Stronger (feat. Kesha),"Sam Feldt, Kesha"
Breaking the Girl,Red Hot Chili Peppers
Hey DJ,Lighter Shade Of Brown
1985,Bowling For Soup
Please,Frank Ifield
Stronger,Kanye West
BareNaked - Video Version,Jennifer Love Hewitt
Make Me... (feat. G-Eazy) (feat. G-Eazy),"Britney Spears, G-Eazy"
Hate It Or Love It,"The Game, 50 Cent"
You Got Nothing I Want,Cold Chisel
Hair (feat. Sean Paul),"Little Mix, Sean Paul"
test drive,Ariana Grande
Run To You,Bryan Adams
What Do I Know About Pain?,Gyroscope
Nothing's Gonna Stop Us Now,Starship
I Wanna,The All-American Rejects
I Am Woman,Helen Reddy
Malibu,Hole
I Like It Both Ways,Supernaut
Home (feat. Nico Santos),"Topic, Nico Santos"
Sister Golden Hair,America
Twist and Shout,The Isley Brothers
Portrait of My Love,Steve Lawrence
Eyes Open,Taylor Swift
Salt,Ava Max
Release Me - Radio Edit,Zoë Badwi
Bad Blood,Taylor Swift
She's a MOD,"Dino Jag, Damien Reilly, Ray Columbus and the Invaders"
He'll Have to Go,Jim Reeves
Don't Cry (Original),Guns N' Roses
Make It Last,Dada Pop
This Is How a Heart Breaks,Rob Thomas
Cold as Ice,Foreigner
Someday,Nickelback
Mama,Spice Girls
Riptide,Vance Joy
7 Minutes,Dean Lewis
No Secrets,The Angels
Because You Loved Me,Céline Dion
Ooby Dooby,Roy Orbison & Teen Kings
Ramona Was A Waitress,Paul Dempsey
"I Want You to Want Me - Live at Nippon Budokan, Tokyo, JPN - April 1978",Cheap Trick
Stay with Me,Jasmine Thompson
I Walk The Line - Single Version,"Johnny Cash, The Tennessee Two"
Thong Song,Sisqo
Super Bass,Nicki Minaj
The Way You Look Tonight,Frank Sinatra
The Unicorn,The Irish Rovers
Let Me Love You (Until You Learn To Love Yourself),Ne-Yo
I'm Not The Only One,Sam Smith
"Please Help Me, I'm Falling",Hank Locklin
Handle With Care,Traveling Wilburys
Hercules - Remastered,Midnight Oil
Baker Street,Gerry Rafferty
Born to Be Alive - The Original,Patrick Hernandez
A Beautiful Lie,Thirty Seconds To Mars
Planet Earth - 2010 Remaster,Duran Duran
Forever Now - 2011 Remastered,Cold Chisel
Toxic,Britney Spears
Beauty And A Beat,"Justin Bieber, Nicki Minaj"
The Nights,Avicii
There She Goes,"Taio Cruz, Pitbull"
Don't Call Me,Brando
Senses Working Overtime - Remastered 2001,XTC
Wish You Were Sober,Conan Gray
Take Me Over,Cut Copy
No Matter What,Boyzone
The Freshmen,The Verve Pipe
All Night Long (All Night) - Single Version,Lionel Richie
Heart of Gold - 2017 Remaster,Neil Young
Let Me Blow Ya Mind,"Eve, Gwen Stefani, Stevie J"
Somebody to Love Me,"Mark Ronson, The Business Intl"
Lost Stars,Adam Levine
Feel The Love,"Tigerlily, Nat Dunn"
Love In The Dark,Adele
"Baby, You're So Strange",ICEHOUSE
Sing C'est La Vie,Sonny & Cher
My My My!,Troye Sivan
These Days - Two Hands Version,Powderfinger
POWER - Album Version (Edited),Kanye West
All These Things That I've Done,The Killers
When I Come Around,Green Day
UFO,Sneaky Sound System
Hey Porsche,Nelly
Fireflies,Owl City
I Don't Know How To Love Him,Helen Reddy
There's Nothing Holdin' Me Back,Shawn Mendes
Crank That (Soulja Boy),Soulja Boy
Drunk Girls,LCD Soundsystem
Take Me Home (feat. Bebe Rexha),"Cash Cash, Bebe Rexha"
It Must Be Love,Madness
Sorry,Joel Corry
Too Good,"Drake, Rihanna"
Eternal Flame,The Bangles
Let The Music Play,Shannon
Love Will Lead You Back,Taylor Dayne
Eyes Closed,Ed Sheeran
If Tomorrow Never Comes,Ronan Keating
Living On The Ceiling,Blancmange
The Weight - Remastered,The Band
Don't You Worry Child - Radio Edit,"Swedish House Mafia, John Martin"
You Can Call Me Al,Paul Simon
The Boys Are Back In Town,Thin Lizzy
Prince Charming,Adam & The Ants
Unpredictable,"Olly Murs, Louisa Johnson"
Bones,Imagine Dragons
Killing In The Name,Rage Against The Machine
Photograph,Jessica Mauboy
We Will Together,Eurogliders
"Somewhere, My Love (Lara's Theme from ""Doctor Zhivago"")",The Ray Conniff Singers
Chained To The Wheel,The Black Sorrows
Adore,Amy Shark
Hats Off To Larry,Del Shannon with Orchestra
London Bridge,Fergie
The Climb,Miley Cyrus
"That's What Friends Are For (with Elton John, Gladys Knight & Stevie Wonder)","Dionne Warwick, Elton John, Gladys Knight, Stevie Wonder"
"Little Ole Wine Drinker, Me",Dean Martin
In the Summertime,The Mixtures
So Tough,Johnny O'Keefe
Good Day,Hayley Warner
Hold On,Justin Bieber
Run - Revised Album Version,Snow Patrol
Doesn't Mean Anything,Alicia Keys
Rock and Roll Love Letter,Bay City Rollers
Not In Love - Radio Mix,"Enrique Iglesias, Kelis"
He'll Have to Stay,Jeanne Black
Bad Company - 2015 Remaster,Bad Company
I Love It,"Hilltop Hoods, Sia"
The Mess I Made,Parachute
Somebody To Love - Remastered 2011,Queen
This Love,The Veronicas
Smile,Katy Perry
I'm Every Woman,Whitney Houston
Never Really Over,Katy Perry
Somebody To You,"The Vamps, Demi Lovato"
Mama Weer All Crazee Now,Quiet Riot
Iko Iko (My Bestie),"Justin Wellington, Small Jam"
My Love,"Route 94, Jess Glynne"
All Time Low,Jon Bellion
The Breaking Point - 2015 Remaster,Normie Rowe
I Just Can't Stop Loving You (feat. Siedah Garrett) - 2012 Remaster,"Michael Jackson, Siedah Garrett"
Back Off Boogaloo,Ringo Starr
Standing With You,Guy Sebastian
22,Taylor Swift
Paradise City,Guns N' Roses
Watermelon Sugar,Harry Styles
The Ocean (feat. Shy Martin),"Mike Perry, shy martin"
25 or 6 to 4 - 2002 Remaster,Chicago
Ferry Cross the Mersey - Mono Version; 1997 Remaster,Gerry & The Pacemakers
Out Of The Woods,Taylor Swift
I Gotta Feeling,Black Eyed Peas
The Sound,The 1975
Lady Madonna - Remastered 2015,The Beatles
On My Own,Patti LaBelle
Tattoo,Jordin Sparks
Cum on Feel the Noize,Slade
High,Lighthouse Family
Livin' It Up,"Ja Rule, Case"
No Promises (feat. Demi Lovato),"Cheat Codes, Demi Lovato"
We Love You - Single Version/Mono,The Rolling Stones
I Knew You Were Waiting (For Me),"George Michael, Aretha Franklin"
I'm Sorry,John Denver
Give a Little Love,Bay City Rollers
Anywhere Away From Here (Rag’n’Bone Man & P!nk),"Rag'n'Bone Man, P!nk"
Symphony of Life,Tina Arena
Dreamlover,Mariah Carey
Way down We Go,KALEO
Punching In A Dream,The Naked And Famous
The Boy Is Mine,"Brandy, Monica"
Selling The Drama,Live
MONTERO (Call Me By Your Name),Lil Nas X
Massachusetts - Mono,Bee Gees
Please Don't Go,Mike Posner
Don't Stop (Wiggle Wiggle) - OHB Radio Edit,The Outhere Brothers
Let's Make A Night To Remember,Bryan Adams
Down in the Boondocks,Billy Joe Royal
What's Up? - Edit,4 Non Blondes
Trouble Trouble,The Potbelleez
Demons,Imagine Dragons
The Long And Winding Road - Remastered 2009,The Beatles
Perfect,One Direction
Don't Worry Be Happy,Guy Sebastian
Miss You Love,Silverchair
Banks of the Ohio,Olivia Newton-John
Somewhere Only We Know,Keane
Beauty And A Beat,"Justin Bieber, Nicki Minaj"
Raindrops Keep Fallin On My Head,John Farnham
DJ Got Us Fallin' In Love,"USHER, Pitbull"
R.I.P. (feat. Tinie Tempah),"Rita Ora, Tinie Tempah"
Shut Up And Drive,Rihanna
Dakota,Stereophonics
Sorry Suzanne - 1998 Remaster,The Hollies
No Pressure,"Justin Bieber, Big Sean"
Rump Shaker,Wreckx-N-Effect
Lie To Me (feat. Julia Michaels),"5 Seconds of Summer, Julia Michaels"
No More (Baby I'ma Do Right),3LW
Telephone Booth,Ian Moss
No Sleep,Wiz Khalifa
Yeah! (feat. Lil Jon & Ludacris),"USHER, Lil Jon, Ludacris"
Unconditionally,Katy Perry
One Sweet Day,"Mariah Carey, Boyz II Men"
Just So Lonely,Get Wet
Who Let The Dogs Out,Baha Men
We've Got It Goin' On - Radio Edit,Backstreet Boys
Take It Home,Johnny Ruffo
With A Girl Like You,The Troggs
In the Country,Cliff Richard & The Shadows
Running,Evermore
Have I Told You Lately - 2008 Remaster,Rod Stewart
Radioactive,Kings of Leon
Just Love You,DaChri
Everybody (Backstreet's Back) - Radio Edit,Backstreet Boys
Confessions Of A Broken Heart (Daughter To Father) - Radio,Lindsay Lohan
7 Seconds (feat. Neneh Cherry),"Youssou N'Dour, Neneh Cherry"
Violet Hill,Coldplay
Trojans,Atlas Genius
Morning Train (Nine to Five),Sheena Easton
Girlfriend - Radio Edit,Avril Lavigne
Paranoid,Jonas Brothers
Saved in a Bottle - Radio Edit,The Potbelleez
Take Me Back,Noiseworks
She's Got You - Single Version,Patsy Cline
I See You Baby,"Groove Armada, Gram'ma Funk"
One More Time (The Sunshine Song),Groove Terminator
Pretty Shining People,George Ezra
One Headlight,The Wallflowers
Hang on Sloopy,The McCoys
Movin' Up,Dreamworld
Hello,The Cat Empire
Love On Display,Guy Sebastian
Red Desert,5 Seconds of Summer
No Scrubs,TLC
What About Me?,Moving Pictures
Most People I Know,Billy Thorpe & The Aztecs
Plans,Birds Of Tokyo
Jingle Jangle,The Archies
From Yesterday,Thirty Seconds To Mars
In The Flesh - Remastered 2001,Blondie
Adam's Song,blink-182
Kyrie,Mr. Mister
Exodus,"Ernest Gold, Charles Eugene Patrick Boone, Ferrante & Teicher"
Move Your Body,Eiffel 65
Goosebumps - Remix,"Travis Scott, HVME"
Cousins,Vampire Weekend
"I Do, I Do, I Do, I Do, I Do",ABBA
Solutions,The Sundance Kids
Paralyzer,Finger Eleven
Joker And The Thief,Wolfmother
Emotional Rescue - Remastered 2009,The Rolling Stones
I Love Rock 'N' Roll,Britney Spears
Need You Tonight,INXS
I'll Never Find Another You - Mono; 2009 Remaster,The Seekers
Downhearted - Remastered,Australian Crawl
I've Got to Have You - 2015 Remaster,Carly Simon
Talking Body,Tove Lo
Listen to the Music,The Doobie Brothers
Arthur's Theme (Best That You Can Do),Christopher Cross
"Fallin' - Original Song from the TV Series ""The Secret Daughter""",Jessica Mauboy
About You Now,Sugababes
Tie a Yellow Ribbon Round the Ole Oak Tree (feat. Tony Orlando) - 1998 Remastered,"Dawn, Tony Orlando"
She Said,Plan B
Antisocial (with Travis Scott),"Ed Sheeran, Travis Scott"
Come Sail Away,Styx
Drink Too Much,G Flip
Thinking out Loud,Ed Sheeran
Blueberry Hill,The Loved Ones
Come And See Her,The Easybeats
"Love Is All Around - From ""Four Weddings and a Funeral"" Original Motion Picture Soundtrack",Wet Wet Wet
Diamonds,Sam Smith
Disappear,INXS
Rockit,Herbie Hancock
Baby Don't Get Hooked on Me,Mac Davis
Pictures Of You,The Last Goodnight
House of the Rising Sun,Frijid Pink
Coming Back,Dean Ray
S-S-S-Single Bed,Fox
Gives You Hell,The All-American Rejects
Lean On Me,Club Nouveau
Elevator (feat. Timbaland),"Flo Rida, Timbaland"
Lay It All on Me (feat. Ed Sheeran),"Rudimental, Ed Sheeran"
Bad Child,Tones And I
Chain Gang,Sam Cooke
Hotel California - 2013 Remaster,Eagles
Primadonna,MARINA
Now Or Never,Halsey
Small Bump,Ed Sheeran
Ode To My Family,The Cranberries
Beautiful Trauma,P!nk
The Rockafeller Skank - Full Version,Fatboy Slim
Can We Fix It? (Opening Theme),Bob The Builder
Just Like a Pill,P!nk
"Can't Take My Eyes off of You - From ""Jersey Boys""",John Lloyd Young
Watch Yo Bitch (feat. H2O),"Teflon Hustle Don, H2O"
We Love - Original,Sneaky Sound System
I Wish It Would Rain Down - 2016 Remaster,Phil Collins
Chunky,Bruno Mars
Personal,Jessie J
"Tom's Diner - 7"" Version","DNA, Suzanne Vega"
Take It to the Limit - 2013 Remaster,Eagles
Regulate,"Warren G, Nate Dogg"
Like Lightning,"Havana Brown, Dawin"
She Got That O,Johnny Ruffo
Lovely Day,Bill Withers
I Like The Way - Radio Edit,Bodyrockers
Make Up Your Mind,Yves Klein Blue
Bitter Tears,INXS
Turn Up the Music,Chris Brown
You Sexy Thing - Radio Edit,T-Shirt
Mama's Little Girl,Linda George
Believer,Imagine Dragons
My Hero,Foo Fighters
I Don't Feel Like Dancin' - Radio Edit,Scissor Sisters
"When the Going Gets Tough, The Tough Get Going",Billy Ocean
Rock Lobster,The B-52's
Underneath It All,"No Doubt, Lady Saw"
All Your Exes,Julia Michaels
Get Down On It,Kool & The Gang
U Remind Me,USHER
Ghost,Justin Bieber
Peaches N Cream (feat. Charlie Wilson),"Snoop Dogg, Charlie Wilson"
Use Me,Bill Withers
Locked Away (feat. Adam Levine),"R. City, Adam Levine"
Sexual,"NEIKED, Dyo"
Go Let It Out,Oasis
Came Here for Love,"Sigala, Ella Eyre"
Darlin' - 2011 Remaster,Frankie Miller
Daisy Petal Pickin',"The Fireballs, Jimmy Gilmer"
Mr. Tambourine Man,Bob Dylan
Hit 'Em Up Style (Oops!),Blu Cantrell
I Wouldn't Trade You For The World,The Bachelors
Current Stand,Kids In The Kitchen
Bye Bye Bye,*NSYNC
Man on Mars,Kaiser Chiefs
B-Boys & Fly Girls - Radio Edit,Bomfunk MC's
I Won't Back Down,Tom Petty
One Wish,Ray J
With Arms Wide Open - New Version With Strings,Creed
1999 - Edit,Prince
Find U Again (feat. Camila Cabello),"Mark Ronson, Camila Cabello"
True Colours,Kasey Chambers
Vogue,Madonna
I Want To Break Free - Single Remix,Queen
Team,Lorde
Best Day Of My Life,American Authors
Father Figure - Remastered,George Michael
I Need a Girl (Pt. 1) [feat. Usher & Loon],"Diddy, Loon, USHER"
Broken-Hearted Girl,Beyoncé
Lazy Sunday (Mono Version) (2018 Remaster),Small Faces
Dancing With The Devil,Demi Lovato
Side Effects (feat. Emily Warren),"The Chainsmokers, Emily Warren"
Tell Me,Dick & Dee Dee
If I Had You,Adam Lambert
Sundown,Gordon Lightfoot
Girl's Life,Girlfriend
Nikita,Elton John
I Just Don't Know What To Do With Myself,Marcia Hines
Wild Eyes,Darling Brando
Cosby Sweater,Hilltop Hoods
Blank Space,Taylor Swift
If I Said You Had A Beautiful Body Would You Hold It Against Me,The Bellamy Brothers
Foreplay / Long Time,Boston
4 Seasons Of Loneliness,Boyz II Men
Let You Down,NF
There's a Kind of Hush (All Over the World),Herman's Hermits
MIC Drop (feat. Desiigner) [Steve Aoki Remix],"BTS, Desiigner, Steve Aoki"
(If You're Not In It For Love) I'm Outta Here!,Shania Twain
I Knew You Were Waiting (For Me),"George Michael, Aretha Franklin"
Stayin' Alive,"N-Trance, Ricardo Da Force"
You Make Me Wanna...,USHER
1-2-3,Len Barry
I'm Not Over,Carolina Liar
The Lies In Your Eyes,Sweet
Work - Freemasons Radio Edit,Kelly Rowland
Memories,Maroon 5
Coming Home,"Diddy - Dirty Money, Skylar Grey"
Mean Woman Blues,Roy Orbison
(Love Is) Thicker Than Water,Andy Gibb
With A Little Help From My Friends,Joe Cocker
How Can You Mend A Broken Heart,Bee Gees
I Hate the Music,John Paul Young
Steer,Missy Higgins
Cuddly Toy - 2007 Remaster,The Monkees
One In A Million,"Jordie Ireland, Ava Hayz"
Heaven,Bryan Adams
Goodness Gracious,Ellie Goulding
"Harder, Better, Faster, Stronger",Daft Punk
"Oh, Monah",The Cherokees
In Your Room,Toni Pearen
Parlez Vous Francais,Art vs Science
Hall of Fame (feat. will.i.am),"The Script, will.i.am"
Three Little Birds,Bob Marley & The Wailers
Missing - Todd Terry Remix / Radio Edit,Everything But The Girl
Joy To The World,Three Dog Night
Sky,Sonique
Age of Reason,John Farnham
Losing My Religion,R.E.M.
Amie,Pure Prairie League
Groovin',The Young Rascals
Confetti (feat. Saweetie),"Little Mix, Saweetie"
"Fool, Fool, Fool",Ray Brown And The Whispers
Lay It All on Me (feat. Ed Sheeran),"Rudimental, Ed Sheeran"
Tonight's the Night (Gonna Be Alright) - 2009 Remaster,Rod Stewart
The Agenda,Ruby Velle & The Soulphonics
Black Is Black,Belle Epoque
Let Me Down Slowly,Alec Benjamin
Someday Soon,Natalie Bassingthwaighte
If You Leave Me Can I Come Too?,Mental As Anything
Hello (Let’s Go),The Potbelleez
Takeaway (feat. Lennon Stella),"The Chainsmokers, ILLENIUM, Lennon Stella"
Tell Me You Love Me,"Galantis, Throttle"
Forever,Walter Meego
Throw Your Hands Up (Dancar Kuduro) (Original Radio Edit),Qwote feat. Pitbull & Lucenzo
Style,Taylor Swift
Stand By You,Rachel Platten
One Thing,One Direction
Wishing I Was There,Natalie Imbruglia
Hands Clean,Alanis Morissette
Live Your Life,"T.I., Rihanna"
Love Story - US Album Version,Taylor Swift
Turn Off The Light,Nelly Furtado
Arms Around Me,Starley
Hard Rock Café,Carole King
1901,Phoenix
Payphone - Edit,"Maroon 5, Wiz Khalifa"
Give Me Something,Jarryd James
How Would You Feel (Paean),Ed Sheeran
Bad,Michael Jackson
Anti-Hero,Taylor Swift
Jackie - Radio Edit,"BZ, Joanne"
Making Memories Of Us,Keith Urban
I Need You,3T
What Is Life - Remastered 2014,George Harrison
I Forgot That You Existed,Taylor Swift
Face Down,The Red Jumpsuit Apparatus
Hot2Touch,"Felix Jaehn, Hight, Alex Aiono"
Freefallin - Radio Edit,Zoë Badwi
Wellerman - Sea Shanty / 220 KID x Billen Ted Remix,"Nathan Evans, 220 KID"
The Orange and the Green,The Irish Rovers
A Good Heart,Feargal Sharkey
Trumpets,Jason Derulo
Lady Luck,Lloyd Price
Ugly Heart,G.R.L.
Then The Morning Comes,Smash Mouth
Groove Is in the Heart,Deee-Lite
Da Funk - Radio Edit,Daft Punk
Regulate,"Warren G, Nate Dogg"
Be Right There,"Diplo, Sleepy Tom"
Don't,Ed Sheeran
Dancing In the Dark,Bruce Springsteen
Bad Blood,"Taylor Swift, Kendrick Lamar"
We Won't Run,Sarah Blasko
Sun City,Artists United Against Apartheid
I Love The Nightlife (Disco 'Round),Alicia Bridges
West End Girls - 2001 Remaster,Pet Shop Boys
Skinny Love,Birdy
A World of Our Own,The Seekers
You Could Be Mine,Guns N' Roses
Nobody's Perfect,Jessie J
La La,Ashlee Simpson
Summer Rain,Slinkee Minx
Like a Virgin,Madonna
All Good Things (Come To An End),Nelly Furtado
Freestyler,Bomfunk MC's
I Fall To Pieces - Single Version,"Patsy Cline, The Jordanaires"
Bus Stop,The Hollies
I'm Ready,AJR
Spiderwebs,No Doubt
Move Your Feet,Junior Senior
Sunday,Jessica Mauboy
What's Up?,4 Non Blondes
Stitches,Shawn Mendes
"Love Me Like You Do - From ""Fifty Shades Of Grey""",Ellie Goulding
Rope,Foo Fighters
Universal Soldier,Donovan
Given to Fly,Pearl Jam
On a Carousel,The Hollies
Dolphin's Cry - Live At The Paradiso,Live
Substitute,Peaches
Hurts So Good,John Mellencamp
Love Grows (Where My Rosemary Goes),Edison Lighthouse
Wherever I Lay My Hat (That's My Home),Paul Young
Swallowed,Bush
Whip It,DEVO
Too Much,Spice Girls
I'm In Control,"AlunaGeorge, Popcaan"
Keep Us Together,Jessie J
(Hey Won't You Play) Another Somebody Done Somebody Wrong Song - Re-Recorded In Stereo,B.J. Thomas
Mellow Yellow,Donovan
For Your Eyes Only,Sheena Easton
Catch - Radio Edit,Will Sparks
A Lover's Concerto,The Supremes
Our Perfect Disease,The Wombats
Teardrops - Single Version,Womack & Womack
Who Put The Bomp,Barry Mann
You And I,Lady Gaga
Love Like This,Natalie Bassingthwaighte
Breaking the Habit,Linkin Park
Kiss You All Over,Exile
Step Back,Johnny Young & Kompany
"The Heat Is On - From ""Beverly Hills Cop"" Soundtrack",Glenn Frey
Broken Leg,Bluejuice
The Devil Went Down to Georgia,The Charlie Daniels Band
Are You Old Enough,Dragon
Right There,"Nicole Scherzinger, 50 Cent"
Sway,The Kooks
Inside Out,Aleem
Misery,Good Charlotte
Take Me To Church,Hozier
Every Little Step,Bobby Brown
My Sentimental Friend,Herman's Hermits
Slow Hands,Niall Horan
Love Yourself,Justin Bieber
Heartlines,BROODS
I Wanna Love You,"Akon, Snoop Dogg"
Something's Missing (In My Life),Marcia Hines
Another One Bites The Dust - Remastered 2011,Queen
Oath (feat. Becky G),"Cher Lloyd, Becky G"
Keep on Loving You,REO Speedwagon
Livin' la Vida Loca,Ricky Martin
When Tomorrow Comes - Remastered Version,"Eurythmics, Annie Lennox, Dave Stewart"
Used To Love (with Dean Lewis),"Martin Garrix, Dean Lewis"
We Are Young (feat. Janelle Monáe),"fun., Janelle Monáe"
You Make It Real,James Morrison
Let It Go,James Bay
Winchester Cathedral,New Vaudeville Band
Zebra,John Butler Trio
Play That Funky Music,Wild Cherry
Sad,Maroon 5
Mysterious Ways,U2
What's Love Got to Do with It,Tina Turner
Why Won't You Explain,Karen Knowles
Real World,Matchbox Twenty
As I Lay Me Down,Sophie B. Hawkins
Jerusalema (feat. Burna Boy & Nomcebo Zikode) - Remix,"Master KG, Nomcebo Zikode, Burna Boy"
Right Here Waiting,Richard Marx
Matthew & Son - Stereo Version,Yusuf / Cat Stevens
Thnks fr th Mmrs,Fall Out Boy
Still Fighting It,Ben Folds
Vision of Love,Mariah Carey
White Noise,The Living End
Coming Up - 2011 Remaster,Paul McCartney
Feel It - Radio Version,"The Tamperer, Get Far, Alex Farolfi, Maya"
Home,Michael Bublé
Edge of Midnight (Midnight Sky Remix) (feat. Stevie Nicks),"Miley Cyrus, Stevie Nicks"
Love Plus One,Haircut 100
Two Is Better Than One (feat. Taylor Swift),"BOYS LIKE GIRLS, Taylor Swift"
Last Train To Trancentral - Live From The Lost Continent,The KLF
Roadhouse Blues,The Doors
Tubular Bells - Pt. I,Mike Oldfield
Up,Cardi B
In the Ghetto,Elvis Presley
Uh La La La,Alexia
Don't Stop Me Now - Remastered 2011,Queen
Don't Let Go (Love),En Vogue
"Never Knew I Needed (From ""the Princess and the Frog"")",Kathryn
"Mrs. Robinson - From ""The Graduate"" Soundtrack",Simon & Garfunkel
Pretty Girl - Cheat Codes X CADE Remix,"Maggie Lindemann, CADE, Cheat Codes"
Home,Blake Shelton
I'm with You,Avril Lavigne
Blah Blah Blah,"Kesha, 3OH!3"
Starlight,"The Supermen Lovers, Mani Hoffman"
The Look,Roxette
Baby It's You,Promises
All You Need,Alex Lloyd
(Just Like) Starting Over - Remastered 2010,John Lennon
Incredible,Timomatic
Pyro,Kings of Leon
"Know No Better (feat. Travis Scott, Camila Cabello & Quavo)","Major Lazer, Travis Scott, Camila Cabello, Quavo"
I Remember,"deadmau5, Kaskade"
Somebody's Crying,Chris Isaak
Your Body Is a Wonderland,John Mayer
Bad Romance,Lady Gaga
Something So Strong,Crowded House
Lola,The Kinks
"How Come, How Long (feat. Stevie Wonder)","Babyface, Stevie Wonder"
Tuff,Ace Cannon
I Don't Want A Lover,Texas
Over The Rainbow,Billy Thorpe & The Aztecs
I Fought the Law - Single Version,The Bobby Fuller Four
I Feel Fine - Remastered 2009,The Beatles
Thunder in My Heart Again (Radio Edit),"Meck, Leo Sayer"
You Only Live Twice,Nancy Sinatra
Dedicated To The One I Love,The Shirelles
Party Rock Anthem,"LMFAO, Lauren Bennett, GoonRock"
Shallow,"Lady Gaga, Bradley Cooper"
Thriller,Michael Jackson
d.a.f,Powderfinger
What a Fool Believes,The Doobie Brothers
Adore You,Harry Styles
A View to a Kill,Duran Duran
Russian Roulette,Rihanna
Never Gonna Give You Up,Rick Astley
Out With My Baby,Guy Sebastian
Raincloud,Lighthouse Family
Lonely (with benny blanco),"Justin Bieber, benny blanco"
Shaka Jam - Radio Edit,Kulcha
Cassandra,Sherbet
Girl Crazy - 2011 Remaster,Hot Chocolate
I Got You Babe,"UB40, Chrissie Hynde"
Don't Be Cruel,Elvis Presley
Got to Be Certain,Kylie Minogue
Say You Will - 2008 Remaster,Foreigner
I Should Have Known Better,Jim Diamond
Wuthering Heights,Kate Bush
Over My Head (Cable Car),The Fray
I Miss You (feat. Julia Michaels),"Clean Bandit, Julia Michaels"
Black or White - Single Version,Michael Jackson
Crimson & Clover,Tommy James & The Shondells
Seventeen,Jet
Nowhere Man - Remastered 2009,The Beatles
In The Air Tonight - 2015 Remastered,Phil Collins
Gold Digger,"Kanye West, Jamie Foxx"
CHANT (feat. Tones And I),"Macklemore, Tones And I"
Every Rose Has Its Thorn - 2003 Remaster,Poison
Words Are Not Enough,Jon English
More - RedOne Jimmy Joker Remix,USHER
no tears left to cry,Ariana Grande
On My Way,Sheppard
Mr Mysterious - Single Version,"Vanessa Amorosi, Seany B"
Mmm Mmm Mmm Mmm,Crash Test Dummies
Human,Rag'n'Bone Man
Over & Out,Newton Faulkner
Sorry,Madonna
Hey There Delilah,Plain White T's
"I'm the One (feat. Justin Bieber, Quavo, Chance the Rapper & Lil Wayne)","DJ Khaled, Justin Bieber, Quavo, Chance the Rapper, Lil Wayne"
United We Stand,Brotherhood of Man
Super Freak,Rick James
Die In Your Arms,Justin Bieber
Eyes Shut,Olly Alexander (Years & Years)
Sacrifice,Elton John
Dancing With A Stranger (with Normani),"Sam Smith, Normani"
Maggie,Foster & Allen
Secrets,OneRepublic
Peer Pressure,"James Bay, Julia Michaels"
Love Love Love,Avalanche City
Earthquake (feat. Tinie Tempah) - Radio Edit,"Labrinth, Tinie Tempah"
The Itch,Vitamin C
100% Pure Love,Crystal Waters
In the End,Linkin Park
Where Did I Go Wrong,UB40
Your Love,The Outfield
Let Her Cry,Hootie & The Blowfish
Hero,Mariah Carey
Unbreakable,Janet Jackson
Monsters,Something For Kate
Mamma Mia,ABBA
Easy Lover,"Philip Bailey, Phil Collins"
STAY (with Justin Bieber),"The Kid LAROI, Justin Bieber"
True Blue - 1986 Version,John Williamson
Live It Up,Mental As Anything
Enough (feat. Gizzle),"Delta Goodrem, Gizzle"
They Don't Care About Us,Michael Jackson
Strut,Sheena Easton
SOS (feat. Aloe Blacc),"Avicii, Aloe Blacc"
You've Got Your Troubles - Remastered,The Fortunes
What If,Jason Derulo
Nine in the Afternoon - Single Mix,Panic! At The Disco
Toothbrush,DNCE
Save Your Tears (with Ariana Grande) (Remix),"The Weeknd, Ariana Grande"
Secret,Madonna
The Very Thought of You,Michael Bublé
Sorry,Justin Bieber
If It's Love,Train
Just a Gigolo / I Ain't Got Nobody,David Lee Roth
Stagger Lee,P.J. Proby
Something In The Air,Thunderclap Newman
All Those Years Ago - Remastered 2004,George Harrison
Need U (100%) - Radio Edit,"Duke Dumont, A*M*E"
Nevermind,Dennis Lloyd
Cuz I Love You,Lizzo
The Day Before I Met You,Jessica Mauboy
California Gurls,"Katy Perry, Snoop Dogg"
Can't Let You Go (feat. Mike Shorey & Lil' Mo),"Fabolous, Mike Shorey, Lil' Mo"
So Yesterday,Hilary Duff
This Is How We Party,S.O.A.P.
So Sad The Song,"Gladys Knight, The Pips"
Enemy (with JID) - from the series Arcane League of Legends,"Imagine Dragons, JID, Arcane, League of Legends"
Five More Hours,"Deorro, Chris Brown"
Never Ending Story,Limahl
Kryptonite,3 Doors Down
Wild Thoughts (feat. Rihanna & Bryson Tiller),"DJ Khaled, Rihanna, Bryson Tiller"
Sugar Me,Lynsey De Paul
I Lived,OneRepublic
Stranger (feat. Elliphant),"Peking Duk, Elliphant"
To Be Human,"Sia, Labrinth"
Music Sounds Better With You - Radio Edit,"Stardust, Benjamin Diamond, Alan Braxe, Thomas Bangalter"
Stack It Up (feat. A Boogie Wit da Hoodie),"Liam Payne, A Boogie Wit da Hoodie"
"Take My Breath Away - Love Theme from ""Top Gun""",Berlin
Stupid Love,Jason Derulo
Back to You (feat. Bebe Rexha & Digital Farm Animals),"Louis Tomlinson, Bebe Rexha, Digital Farm Animals"
you broke me first,Tate McRae
Right Round (feat. Ke$ha),"Flo Rida, Kesha"
High Hopes,Panic! At The Disco
Wild Ones (feat. Sia),"Flo Rida, Sia"
Dreaming My Dreams with You,Colleen Hewett
It Must Be Him,Vikki Carr
Took the Children Away,Archie Roach
"Where Do I Begin - Love Theme from ""Love Story""",Andy Williams
Put It In a Love Song (feat. Beyoncé Knowles),"Alicia Keys, Beyoncé"
Baby Come Back,The Equals
So Good,B.o.B
Too Little Too Late,JoJo
Dirty Talk,Wynter Gordon
Sing For The Moment,Eminem
Feels Like Heaven,Urban Cookie Collective
It's Not Unusual,Tom Jones
Lady Marmalade,"Christina Aguilera, Lil' Kim, Mýa, P!nk"
Mood (feat. iann dior),"24kGoldn, iann dior"
Baby Got Back,Sir Mix-A-Lot
You Don't Bring Me Flowers (with Neil Diamond),Barbra Streisand
Nothing's Real but Love,Rebecca Ferguson
(Theme From) The Monkees,The Monkees
Delete,DMA'S
Gee Baby,Peter Shelley
From The Sea,Eskimo Joe
Animal,Conor Maynard
You Don't Know Love,Olly Murs
Falling Slowly,"Glen Hansard, Markéta Irglová"
HUMBLE. - SKRILLEX REMIX,"Skrillex, Kendrick Lamar"
WAP (feat. Megan Thee Stallion),"Cardi B, Megan Thee Stallion"
Read My lips,Melissa Tkautz
Listen Like Thieves,INXS
Me and You and a Dog Named Boo,Lobo
Why Can't This Be Love - 2004 Remaster,Van Halen
Psycho,Maisie Peters
American Woman,Lenny Kravitz
1 2 3 Red Light,1910 Fruitgum Company
What It's Like,Everlast
Shimmy A Go Go,Short Stack
Let’s Go Home Together,"Ella Henderson, Tom Grennan"
You're the One,Petula Clark
Heaven,"DJ Sammy, Yanou, Do"
A.I.M. Fire!,Art vs Science
Zombie,The Cranberries
Oceans,Slip-On Stereo
Gettin' Jiggy Wit It,Will Smith
Gypsy Woman (She's Homeless) (La Da Dee La Da Da) - Radio Edit,Crystal Waters
You're So Vain,Carly Simon
Born to Try,Delta Goodrem
Poetry In Motion,Johnny Tillotson
Kiss Kiss,Holly Valance
Without You,Mariah Carey
Touch Me,The Doors
Hold On,Angus & Julia Stone
The Boys Of Summer,Don Henley
Broken Humans,"Human Nature, Guy Sebastian"
The Promised Land,Dave Edmunds
Congratulations,"Post Malone, Quavo"
Batter Up,"Nelly, Murphy Lee, Ali"
If I Can't Have You,Yvonne Elliman
I Will Always Love You,Whitney Houston
From A Jack To A King,Ned Miller
Stop The Cavalry,Jona Lewie
Boom Clap,Charli xcx
Somewhere I Belong,Linkin Park
The 59th Street Bridge Song (Feelin' Groovy),Simon & Garfunkel
Breathe Again,Toni Braxton
Nobody Does It Better,"Marvin Hamlisch, Carly Simon"
Piece of Me,Britney Spears
Smile,Sheppard
"No Light, No Light",Florence + The Machine
Cry Baby,"Garnet Mimms, The Enchanters"
Every Hour,KIAN
Unsteady,X Ambassadors
Don't Worry Be Happy,Bobby McFerrin
My Name Is,Eminem
Be Like That - feat. Swae Lee & Khalid,"Kane Brown, Swae Lee, Khalid"
Burn,USHER
Teenage Dream,Katy Perry
Let Me Blow Ya Mind,"Eve, Gwen Stefani"
Lost!,Coldplay
Have a Little Faith (In Us) - Edit,John Farnham
I Knew You Were Trouble.,Taylor Swift
Total Eclipse of the Heart - Dance Mix,Nicki French
Santa Never Made It into Darwin,Bill & Boyd
Don't Be Cruel,Elvis Presley
Side To Side,"Ariana Grande, Nicki Minaj"
I Think We're Alone Now,Tiffany
Is This Love,Bob Marley & The Wailers
Bad Liar,Imagine Dragons
Hello Friday (feat. Jason Derulo),"Flo Rida, Jason Derulo"
To Kingdom Come,Passion Pit
Love Is Easy,McFly
Livin' It Up,"Ja Rule, Case"
Put Your Records On,Ritt Momney
The Joker,Steve Miller Band
Unforgettable (Duet with Nat King Cole),Natalie Cole
Simple Man,Lynyrd Skynyrd
Physical,Dua Lipa
Too Many Times,Mental As Anything
Tip Toe (feat. French Montana),"Jason Derulo, French Montana"
Seven Nation Army,The White Stripes
Dani California,Red Hot Chili Peppers
Thunder,Imagine Dragons
All I Ask Of You,"Sarah Brightman, Cliff Richard"
What I Like About You,The Romantics
We Used To Be Friends,The Dandy Warhols
Woman in Love,Barbra Streisand
A Little Bit of Soap,Paul Davis
Terrible Love,Birdy
Comin' Home,The Radiators
Thunder,Imagine Dragons
Bent,Matchbox Twenty
Power of a Woman,Eternal
On My Mind,Ellie Goulding
James Brown Is Dead (Original Mix),L.A. Style
Daydreamer,David Cassidy
Jenny,The Click Five
Walking On The Moon - Remastered 2003,The Police
Do What You Do Well,Ned Miller
Plush,Stone Temple Pilots
Give It To Me,"Timbaland, Justin Timberlake, Nelly Furtado"
Going Home - 2015 Remaster,Normie Rowe
Garden Party,"Ricky Nelson, The Stone Canyon Band"
Bang Bang,"Jessie J, Ariana Grande, Nicki Minaj"
All I Know,Karnivool
8 Letters,Why Don't We
Take Over Control,"AFROJACK, Eva Simons"
Switch,Will Smith
Daddy's Home,Shep And The Limelites
Hurtless,Dean Lewis
Look What You Made Me Do,Taylor Swift
Release Me,"Eddie Miller, Robert Yount, Dub Williams, Engelbert Humperdinck"
When It All Falls Apart,The Veronicas
Hard To Say I'm Sorry (feat. Peter Cetera),"Az Yet, Peter Cetera"
Generation Why,Kisschasy
Poker Face,Lady Gaga
Waiting for Tonight,Jennifer Lopez
Think of Me,The Veronicas
Tell Me (feat. Christina Aguilera),"Diddy, Christina Aguilera"
Wanted Dead Or Alive,Bon Jovi
Ma Baker,Boney M.
Only Thing Missing,Guy Sebastian
Black Superman (Muhammad Ali),Johnny Wakelin
Jump,Rihanna
Never Going Back Again - 2004 Remaster,Fleetwood Mac
World,Bee Gees
Handy Man,Jimmy Jones
Please Stay - Single Version,The Drifters
Green River,Creedence Clearwater Revival
7 rings,Ariana Grande
Monkey Wrench,Foo Fighters
You Learn - 2015 Remaster,Alanis Morissette
Always On Time,"Ja Rule, Ashanti"
Over Under Sideways Down - The Mono Album,The Yardbirds
The Way You Look Tonight,Frank Sinatra
Wild Things,Alessia Cara
The Ending Is Just The Beginning Repeating,The Living End
Check It Out,"will.i.am, Nicki Minaj"
True Colors,Cyndi Lauper
Don't You Know - Radio Edit,"Kungs, Jamie N Commons"
Dead Skunk,Loudon Wainwright III
Praise The Lord (Da Shine) (feat. Skepta),"A$AP Rocky, Skepta"
Hole In My Shoe,Traffic
...Baby One More Time,Britney Spears
Stand and Deliver,Adam & The Ants
Give A Little Bit,Supertramp
There's a Moon Out Tonight,The Capris
Footsteps,Gordon Taggart
Unskinny Bop,Poison
Don't Hold Back,The Potbelleez
My Sunshine,Mashd N Kutcher
God Is A Dancer (with Mabel),"Tiësto, Mabel"
Jeopardy,The Greg Kihn Band
MMMBop,Hanson
She's so Mean,Matchbox Twenty
All I Know So Far,P!nk
United States Of Whatever,Liam Lynch
Wild Things,San Cisco
Things Can Only Get Better,D:Ream
Double Vision,3OH!3
Crazy Stupid Love,"Cheryl, Tinie Tempah"
Shout,"Joey Dee, The Starliters"
The Night They Drove Old Dixie Down,Joan Baez
Spanish Harlem,Aretha Franklin
Adelante,Sash!
Shake That (feat. Pitbull),"Samantha Jade, Pitbull"
Bound for Glory,Angry Anderson
Sugar Free,Wa Wa Nee
I Do Not Hook Up,Kelly Clarkson
In Your Arms,Nico & Vinz
Let's Get It Started,Black Eyed Peas
Stupid Love,Lady Gaga
Happy Birthday Baby,Tony Christie
If You're Gone,Matchbox Twenty
You're Beautiful,James Blunt
Rockaria!,Electric Light Orchestra
Born This Way,Lady Gaga
Like A G6,"Far East Movement, The Cataracs, DEV"
Surf City - Remastered 1990/Stereo Remix,Jan & Dean
Sunshine Of Your Love,Cream
Chase That Feeling,Hilltop Hoods
Check Yes Juliet (Run Baby Run),We The Kings
Gorgeous,Taylor Swift
Last Kiss,Pearl Jam
Honey,Moby
You Got It All,Union J
Big Yellow Taxi,"Counting Crows, Vanessa Carlton"
Respect,Aretha Franklin
Goodbyes (feat. Young Thug),"Post Malone, Young Thug"
Only One,Ciara
Almost,Tamia
Shy Boy,Bananarama
Bottle Of Wine,The Fireballs
Say You'll Be There,Spice Girls
Self Esteem,The Offspring
When I See You Smile,Bad English
Down By the Station,The Four Preps
Baby I Love You,Andy Kim
Impossible,Daniel Merriweather
Bread and Butter,NEWBEATS
1000 Stars,Natalie Bassingthwaighte
Glory Days,Bruce Springsteen
Golden Years - M-Phazes Remix,"Ruel, M-Phazes"
Don't Cry for Me Argentina,Madonna
Cooler Than Me - Single Mix,"Mike Posner, Gigamesh"
Couldn't Get It Right,Climax Blues Band
Because of You,Kelly Clarkson
Crazy,ICEHOUSE
Hush Not a Word to Mary,John Rowles
Ayo Technology,"50 Cent, Justin Timberlake, Timbaland"
I Don't Wanna Know (feat. Enya & P. Diddy) - 2016 Remaster,"Mario Winans, Enya, Diddy"
Never Knew Love Like This Before,Stephanie Mills
C'MON (feat. Travis Barker),"Amy Shark, Travis Barker"
Let's Think About Living,Bob Luman
No Excuses,Meghan Trainor
My Love - 2018 Remaster,Wings
Let the Little Girl Dance,Billy Bland
Sealed With A Kiss - Single Version,Brian Hyland
Lose My Breath,Destiny's Child
Never Keeping Secrets,Babyface
Get It On,T. Rex
Lips Of An Angel,Hinder
Something I Need,OneRepublic
In the Summertime,Thirsty Merc
The Stripper,David Rose & His Orchestra
Dedicated To The One I Love,The Mamas & The Papas
One Step Ahead,Split Enz
ROXANNE,Arizona Zervas
See My Baby Jive - 2006 Remaster,Wizzard
a thousand years,Christina Perri
Valleri,The Monkees
Girlfriend,*NSYNC
Don't Do Me Like That,Tom Petty and the Heartbreakers
How Do I Deal,Jennifer Love Hewitt
Touch The Sky,"Kanye West, Lupe Fiasco"
Keeping Score (feat. Paige IV),"L D R U, Paige IV"
Tonight,New Kids On The Block
Lush Life,Zara Larsson
"This Ain't A Scene, It's An Arms Race",Fall Out Boy
True Colours,Kasey Chambers
First Heartbreak,Tori Kelly
Spill The Wine,"Eric Burdon, War"
Where The City Meets The Sea,The Getaway Plan
Cheek To Cheek,"Ella Fitzgerald, Louis Armstrong"
Half-Breed,Cher
Conqueror,AURORA
Moonshine,"Savage, Akon"
Heaven (Must Be There) - 2007 Remastered,Eurogliders
Someone You Loved,Lewis Capaldi
I Can't Make You Love Me,Bonnie Raitt
Get Up (Rattle) [feat. Far East Movement],Bingo Players
Kill For Your Love,Labrinth
The Book of Love - EP Version,Gavin James
Nervous,Gavin James
The Greatest (feat. Kendrick Lamar),"Sia, Kendrick Lamar"
Sunshine Superman,Donovan
Hymn to Her - 2007 Remaster,Pretenders
Ring of Fire,Johnny Cash
Midnight Sky,Miley Cyrus
Baby Can I Hold You,Tracy Chapman
Hey Mr. D.J. - Original Mix - Edit,Zhané
Teenage Dream,Katy Perry
Celebrity Skin,Hole
I'm Outta Love,Anastacia
Lay It All on Me (feat. Ed Sheeran),"Rudimental, Ed Sheeran"
Sail,AWOLNATION
Break Away (From That Boy),The Newbeats
A Fifth Of Beethoven,Walter Murphy
I Need Your Love (feat. Ellie Goulding),"Calvin Harris, Ellie Goulding"
Love Someone,Lukas Graham
About A Girl - Remastered,Nirvana
Waiting for Tonight,Jennifer Lopez
Wishin' And Hopin',Dusty Springfield
Doesn't Somebody Want To Be Wanted,"David Cassidy, The Partridge Family"
Truly Madly Deeply,Savage Garden
Substitute,Clout
High Voltage,AC/DC
I Know a Place,Petula Clark
Slide (feat. Frank Ocean & Migos),"Calvin Harris, Frank Ocean, Migos"
Adorn,Miguel
Hurricane,Faker
Drive Away,The Sundance Kids
April Sun In Cuba,Dragon
All About That Bass,Meghan Trainor
I Couldn't Live Without Your Love,Petula Clark
Let Me Think About It - Ida Corr Vs Fedde Le Grand / Radio Edit,"Ida Corr, Fedde Le Grand"
In My Mind,"Dynoro, Gigi D'Agostino"
Tell It to My Heart,Taylor Dayne
Mirrors - Radio Edit,Justin Timberlake
Love So Soft,Kelly Clarkson
Selfish,Jessica Mauboy
These Days,Foo Fighters
Oh Julie - Remastered Single Version,Shakin' Stevens
"Independent Women, Pt. 1",Destiny's Child
Let Her Go,Passenger
iYiYi (feat. Flo Rida),"Cody Simpson, Flo Rida"
Twilight Zone,Golden Earring
Werewolves of London,Warren Zevon
Ordinary Angels - 2014 Remaster,Frente!
Tainted Love,Soft Cell
Joy To The World,Three Dog Night
Sweet Talk,Samantha Jade
Wish You Were Here - 2011 Remastered Version,Pink Floyd
You're in My Heart (The Final Acclaim),Rod Stewart
Best Of You,Foo Fighters
One Kiss (with Dua Lipa),"Calvin Harris, Dua Lipa"
Miss You,"Oliver Tree, Robin Schulz"
Gotta Get Away,The Offspring
Joey,Concrete Blonde
How Could You,Mario
Need Your Love,The Temper Trap
Every Time You Cry (with Human Nature) - Remastered,"John Farnham, Human Nature"
Dedication To My Ex (Miss That),"Lloyd, André 3000, Lil Wayne"
Chasing Pavements,Adele
Mercy,Shawn Mendes
Da Ya Think I'm Sexy?,Rod Stewart
Live My Life,"Far East Movement, Justin Bieber"
I Kiss Your Lips,Tokyo Ghetto Pussy
Four to the Floor,Starsailor
Bye Bye,Mariah Carey
"Mary, Mary",The Monkees
Born To Be Wild,Steppenwolf
Choices,The Hoosiers
Silence Is Golden,The Tremeloes
Levitating (feat. DaBaby),"Dua Lipa, DaBaby"
What Would You Do?,City High
Sax,Fleur East
Don't You Wanna Feel,Rogue Traders
Here Without You,3 Doors Down
I Don't Wanna Wait,"David Guetta, OneRepublic"
Beautiful Noise,Neil Diamond
Too Fake,Hockey
Don't Lose My Number - 2016 Remaster,Phil Collins
My Cherie Amour,Stevie Wonder
Angel of the Morning,Merrilee Rush
Fireball (feat. John Ryan),"Pitbull, John Ryan"
The Writing on the Wall (Rerecorded),Adam Wade
Sex & Candy,Marcy Playground
Hey Paula,Paul & Paula
When The River Runs Dry,Hunters & Collectors
Beautiful,Christina Aguilera
I Don’t Wanna Live Forever (Fifty Shades Darker),"ZAYN, Taylor Swift"
She Bangs - English Version,Ricky Martin
Don't Give Up,"Chicane, Bryan Adams"
You're Such a Good Looking Woman,Joe Dolan
Palisades Park,Freddy Cannon
Power And The Passion - Remastered Version,Midnight Oil
Dream On,Aerosmith
Sunsets,Powderfinger
I Said Hi,Amy Shark
How Long,Charlie Puth
Paradise (feat. Dermot Kennedy),"MEDUZA, Dermot Kennedy"
Won't Forget You,"Jax Jones, D.O.D, Ina Wroldsen"
Sucker,Jonas Brothers
No You Girls,Franz Ferdinand
Layla,"Derek & The Dominos, Eric Clapton"
Moments (feat. Gavin James),"Bliss n Eso, Gavin James"
Hide U,Kosheen
Sounds Of Then (This Is Australia),GANGgajang
We've Only Just Begun,Carpenters
Blister in the Sun - 2002 Remastered Version,Violent Femmes
When You Look At Me - Radio Edit,Christina Milian
Smokin' in the Boy's Room,Brownsville Station
New Divide,Linkin Park
What I Did for Love (feat. Emeli Sandé),"David Guetta, Emeli Sandé"
Turn Back Time,Aqua
#Beautiful,"Mariah Carey, Miguel"
"Earned It (Fifty Shades Of Grey) - From The ""Fifty Shades Of Grey"" Soundtrack",The Weeknd
Love In Motion,"ICEHOUSE, Christina Amphlett"
Crush,Jennifer Paige
I Should Be so Lucky,Kylie Minogue
Reckless (Don't Be So...) - Remastered,Australian Crawl
I Want You Back,Bananarama
Ready For Your Love,"Gorgon City, MNEK"
Cry for Help,Rick Astley
Beat Of My Heart,Hilary Duff
Russian Roulette,Rihanna
Come Said The Boy - Digitally Remastered,Mondo Rock
Better Be Home Soon,Crowded House
Never Gonna Not Dance Again,P!nk
Those Kinda Nights (feat. Ed Sheeran),"Eminem, Ed Sheeran"
Jesse,Carly Simon
Always Be Here,Dane Rumble
Warp 1.9,"The Bloody Beetroots, Steve Aoki"
Suite: Judy Blue Eyes - 2005 Remaster,"Crosby\, Stills & Nash"
I Am,Killing Heidi
One of Us Has Changed,Aleesha Rome
Scream,USHER
Don't You Know It's Magic,John Farnham
Lotta Love,Nicolette Larson
Fading Like A Flower (Every Time You Leave),Roxette
Papercuts (feat. Vera Blue),"Illy, Vera Blue"
A Little Less Conversation - JXL Radio Edit Remix,"Elvis Presley, Junkie XL"
Pass The Dutchie,Musical Youth
Try Everything,Shakira
Old Sid,Daryl Braithwaite
All Right Now,Free
Rhythm of My Heart,Rod Stewart
Stolen Dance,Milky Chance
Surrender,Elvis Presley
Gone Away - 1997,The Offspring
My Life,Billy Joel
Wouldn't It Be Nice,The Beach Boys
The Ballad Of John And Yoko - Remastered 2015,The Beatles
Heaven,Emeli Sandé
Close To Me,The Cure
Don't Leave,"Snakehips, MØ"
Bristol Stomp,The Dovells
Pump It,Black Eyed Peas
The Only Way Is Up (Original),Yazz
Who You Love (feat. Katy Perry),"John Mayer, Katy Perry"
I Just Called To Say I Love You - Single Version,Stevie Wonder
Who Made Who,AC/DC
We Gotta Get Out Of This Place,The Angels
I Think I'm in Love with You,Jessica Simpson
"Gee Whiz, Look at His Eyes",Carla Thomas
Tell Me,Groove Theory
Dance Little Lady,Tina Charles
Nasty Girl,Destiny's Child
Best Song Ever,One Direction
Pamela Pamela,Wayne Fontana
The More I See You,Peter Allen
Got the Feelin' - Radio Edit,Five
I Don't Believe You,P!nk
The Unforgiven II,Metallica
Refugee,Tom Petty and the Heartbreakers
Love Me Again,John Newman
Feel This Moment (feat. Christina Aguilera),"Pitbull, Christina Aguilera"
jar of hearts,Christina Perri
Daughter - Remastered,Pearl Jam
Tucker's Daughter,Ian Moss
P.Y.T. (Pretty Young Thing),Michael Jackson
Horror Movie - 2009 Remaster,Skyhooks
Shake Your Groove Thing,Peaches & Herb
Everybody Hurts,R.E.M.
Will You Love Me Tomorrow,The Shirelles
Livin' On A Prayer,Bon Jovi
"Go, Jimmy, Go",Jimmy Clanton
Lips Of An Angel,Hinder
Demons,Imagine Dragons
Lana,Roy Orbison
Bloodstream,Ed Sheeran
Boom Clap,Charli xcx
Problem,"Ariana Grande, Iggy Azalea"
I'll Be,Edwin McCain
Shandi,KISS
Angels Brought Me Here,Guy Sebastian
Yesterday Once More,Dami Im
Wearing My Rolex - Radio Edit,Wiley
American Girl,Tom Petty and the Heartbreakers
No Brainer,"DJ Khaled, Justin Bieber, Quavo, Chance the Rapper"
Swingin' School,Bobby Rydell
Agadoo,Black Lace
Alive - 2006 Remaster,P.O.D.
Coming Home,"Diddy - Dirty Money, Skylar Grey"
Love My Life,Robbie Williams
Come A Little Bit Closer,Jay & The Americans
Word Up!,Korn
Pretty Little Angel Eyes - Remastered,Curtis Lee
Somebody,"Natalie La Rose, Jeremih"
Save Your Tears,The Weeknd
The Boys Of Summer,"DJ Sammy, Loona, Mel"
Alisha Rules The World,Alisha's Attic
I'm Gonna Be Alright (feat. Nas),"Jennifer Lopez, Nas, Cory Rooney, Poke and Tone"
Love The Way You Lie,"Eminem, Rihanna"
The Perfect Day,Fischer-Z
ROCKSTAR (feat. Roddy Ricch),"DaBaby, Roddy Ricch"
More Than This,Roxy Music
Footsteps,Steve Lawrence
Shout Shout (Knock Yourself Out),Ernie Maresca
Loud,Shannon Noll
Teenage Rampage,Sweet
Heatseeker,AC/DC
Not In That Way,Sam Smith
You Belong To Me,The Duprees
Dogs Are Talking,The Angels
Houdini,Eminem
When I Get Where I'm Going (feat. Dolly Parton) (feat. Dolly Parton),"Brad Paisley, Dolly Parton"
Total Control,The Motels
Shes So Fine,The Easybeats
He Won't Go,Adele
Choir,Guy Sebastian
The Wire,HAIM
I See You Baby (feat. Gramma Funk) - Fatboy Slim Radio Edit,"Groove Armada, Gramma Funk"
Nutbush City Limits,Ike & Tina Turner
Higher,Creed
What Do I Know?,Ed Sheeran
Chicken Fried,Zac Brown Band
With Every Heartbeat,"Kleerup, Robyn"
Follow You Follow Me - Remastered 2007,Genesis
Do It Again - Remastered 2001,The Beach Boys
Midas Touch - Starskee Radio Edit,"Midnight Star, Starskee"
Dance with Me Tonight,Olly Murs
Viva Forever,Spice Girls
Edge of the Night,Sheppard
Kiss Your Mama!,Vanessa Amorosi
Romeo's Tune,Steve Forbert
"Jumpin', Jumpin'",Destiny's Child
Beyond the Sea,Bobby Darin
2.0,Jump Jump Dance Dance
My Heart Has A Mind Of Its Own,Connie Francis
Heroes (we could be),"Alesso, Tove Lo"
Hurts So Good,John Mellencamp
I'm Your Funny Bear - The Gummi Bear Song,Gummibär
Baila Conmigo (with Rauw Alejandro),"Selena Gomez, Rauw Alejandro"
Three Times A Lady,Commodores
"Tonight, Tonight - Remastered 2012",The Smashing Pumpkins
Talk Dirty (feat. 2 Chainz),"Jason Derulo, 2 Chainz"
Can't Feel My Face,The Weeknd
Where Did All the Love Go?,Kasabian
Walking in Memphis,Marc Cohn
Ever the Same,Rob Thomas
The Power,Vanessa Amorosi
Don't Wanna Know (feat. Kendrick Lamar),"Maroon 5, Kendrick Lamar"
Drive You Mad,Amy Shark
There Must Be an Angel (Playing with My Heart),"Eurythmics, Annie Lennox, Dave Stewart"
Galaxy (feat. Stan Walker),"Jessica Mauboy, Stan Walker"
Naughty Girl,Beyoncé
Only One Road,Céline Dion
Crystalised,The xx
I'll Be There,Gerry & The Pacemakers
Orinoco Flow - 2009 Remaster,Enya
Blinding Lights,The Weeknd
Young Forever,"JAY-Z, Mr Hudson"
Better in Time,Leona Lewis
Harbor Lights,The Platters
Headlights (feat. Ilsey),"Robin Schulz, Ilsey"
I Try,Macy Gray
"My Neck, My Back (Lick It)",Khia
Dance With Me,112
Come Back Again - 2011 Remaster,Daddy Cool
Can't Hold Back (feat. Macy Gray),"Kaz James, Macy Gray"
Talk Is Cheap,Chet Faker
Friday (feat. Mufasa & Hypeman) - Dopamine Re-Edit,"Riton, Nightcrawlers, Mufasa & Hypeman, Mufasa, Dopamine"
The Pretender,Foo Fighters
We Are Done,The Madden Brothers
What Makes You Beautiful,One Direction
1996,The Wombats
Good Riddance (Time of Your Life),Green Day
Blinded by the Light,Manfred Mann's Earth Band
How Deep Is Your Love,Take That
Rush,Troye Sivan
"Hey, Western Union Man","Max Merritt, The Meteors"
Breakaway,Big Pig
Til I Make Peace With War,Sam Winston
I'm On Fire,Bruce Springsteen
Counting Stars,OneRepublic
You Can Get It If You Really Want,Desmond Dekker
High Hopes - Live,Pink Floyd
Gold,John Stewart
Tsunami (Jump) [feat. Tinie Tempah],"DVBBS, Borgeous, Tinie Tempah"
"What's The Frequency, Kenneth?",R.E.M.
The Fly,U2
I'll Stand by You,Pretenders
Creep,ELAZ
It's Only Make Believe,Conway Twitty
Blame It on the Rain,Milli Vanilli
Lost In Love,Air Supply
Touch It,Monifah
Long Day,Matchbox Twenty
Frozen Orange Juice,Peter Sarstedt
The Loco-Motion - Remastered 2002,Grand Funk Railroad
See You Again,Miley Cyrus
Sweet Hitch-Hiker,Creedence Clearwater Revival
Won't Go Home Without You,Maroon 5
We R Who We R,Kesha
Venus,Bananarama
Holiday Rap - Version 1986,MC Miker & DJ Sven
So Long,Fischer-Z
Jenny from the Block (feat. Jadakiss & Styles P.) - Track Masters Remix,"Jennifer Lopez, Jadakiss, Styles P"
Rock and Roll Ain't Noise Pollution,Rock Hits
Don't Cry (Original),Guns N' Roses
Dance Again,"NEWEM, Baby Alpaca"
It's Like That,"Run–D.M.C., Jason Nevins"
Alive,Natalie Bassingthwaighte
Amazing,Alex Lloyd
Luv Your Life,Silverchair
The Minute You're Gone - 2000 Remaster,Cliff Richard
Friday on My Mind,The Easybeats
Blue Monday - 2016 Remaster,New Order
Burn for You,John Farnham
Five More Minutes,Jonas Brothers
Stumblin' In,"Chris Norman, Suzi Quatro"
Ten Days,Missy Higgins
Wonderwall - Remastered,Oasis
Timebomb,Kylie Minogue
Fly Robin Fly,Silver Convention
I Found You (with Calvin Harris),"benny blanco, Calvin Harris"
The Prize (feat. Bridgette Amofah),"The Kite String Tangle, Bridgette Amofah"
Middle Of The Night,"The Vamps, Martin Jensen"
Surfin' Bird,The Trashmen
Burn,Jessica Mauboy
Kosciusko - Remastered Version,Midnight Oil
"Love Is All Around - From ""Four Weddings And A Funeral""",Wet Wet Wet
Keeping Score (feat. Paige IV),"L D R U, Paige IV"
First Time,Vance Joy
November Rain,Guns N' Roses
Macho Man,Village People
BLOW (with Chris Stapleton & Bruno Mars),"Ed Sheeran, Chris Stapleton, Bruno Mars"
Things Don't Seem - Remastered,Australian Crawl
Everybody Rise,Amy Shark
The Saints Are Coming,"U2, Green Day"
Jackie Chan,"Tiësto, Dzeko, Preme, Post Malone"
"Get Outta My Dreams, Get into My Car",Billy Ocean
Mr. Lonely,Bobby Vinton
My Happiness,Powderfinger
Lyin' Eyes - 2013 Remaster,Eagles
Don't Stop Movin' - Paul Morrell Radio Mix,"Livin' Joy, Paul Morrell"
I'm Coming Home,Birtles & Goble
Show Me Love,Robin S
Closing Time,Semisonic
Better Be Home Soon,Crowded House
Little Lies,Fleetwood Mac
Kiddio,Brook Benton
"Gypsys, Tramps & Thieves",Cher
Let's Groove,CDB
Alice Long (You're Still My Favorite Girlfriend) - Mono Version,"Tommy Boyce, Bobby Hart"
Inescapable - Youngboyz Mix,Jessica Mauboy
Over the Rainbow,Israel Kamakawiwo'ole
Take These Chains from My Heart,Ray Charles
Killing Me Softly With His Song,Roberta Flack
Tossin' And Turnin',Bobby Lewis
No Air (feat. Chris Brown),"Jordin Sparks, Chris Brown"
Lost Without You,Delta Goodrem
Ship of Fools,"World Party, Anthony Thistlethwaite"
Where Were You In The Morning?,Shawn Mendes
Nothing Else Matters,Metallica
The Edge Of Glory,Lady Gaga
Wings,Delta Goodrem
Teenage Dirtbag,Wheatus
Pure Shores,All Saints
In the Shadows,The Rasmus
Move on Up - Extended Version,Curtis Mayfield
Dreams,GABRIELLE
All Cried Out,Allure
I See Red,Split Enz
Borrow My Heart,Taylor Henderson
Have You Never Been Mellow,Olivia Newton-John
Standing In The Rain,John Paul Young
Show Me Love,"Sam Feldt, Kimberly Anne"
Bring Me To Life,Evanescence
Nobody Told Me - Remastered 2010,John Lennon
If You Don't Know Me by Now (feat. Teddy Pendergrass),"Harold Melvin & The Blue Notes, Teddy Pendergrass"
Groovejet,Spiller
What's Luv? (feat. Ashanti),"Fat Joe, Ashanti"
Yellow Submarine - Remastered 2015,The Beatles
In My Place,Coldplay
Before The Next Teardrop Falls,Freddy Fender
Dumb Things - triple j Like A Version,"A.B. Original, Paul Kelly"
These New Knights,Ou Est Le Swimming Pool
Touch Me (Radio Edit),Rui Da Silva feat. Cassandra
Most People I Know Think That Im Crazy,Billy Thorpe
Shame and Scandal in the Family,Johnny Chester
Lucille,Kenny Rogers
Baby Boy (feat. Sean Paul),"Beyoncé, Sean Paul"
New Thang,Redfoo
Wonderful Life - Radio Edit,Hurts
My Gun,The Rubens
The Cheater,Bob Kuban & The In-Men
Oops!...I Did It Again,Britney Spears
Ti Amo,Laura Branigan
Feeling This,blink-182
Caught in the Middle,A1
Snoopy Vs. The Red Baron,The Royal Guardsmen
Where Have All The Flowers Gone?,The Kingston Trio
Who You Lovin,Conrad Sewell
Treasure,Bruno Mars
Selling Me Out,Tuka
Running Back (feat. Flo Rida),"Jessica Mauboy, Flo Rida"
I Bet,Ciara
Two Strong Hearts,John Farnham
Bad Liar,Imagine Dragons
#SELFIE,The Chainsmokers
Get Ready - Rapversion Edit,2 Unlimited
Mirrors,Justin Timberlake
Up Around The Bend,Creedence Clearwater Revival
Don't Cry Daddy,Elvis Presley
Turn Me Loose,Loverboy
Breaking Me,"Topic, A7S"
Some Of The Places I Know,Gyroscope
Takin' Care Of Business,Bachman-Turner Overdrive
Now That We Found Love,"Heavy D & The Boyz, Aaron Hall"
The World I Know,Collective Soul
I Wanna Be Around,Michael Bublé
I Don't Care,Fall Out Boy
Soul Kind of Feeling,Dynamic Hepnotics
Wings,Little Mix
"Say, Has Anybody Seen My Sweet Gypsy Rose (feat. Tony Orlando) - Digitally Remastered 1998","Dawn, Tony Orlando"
Solitaire,Laura Branigan
You Must Have Been a Beautiful Baby,Bobby Darin
The Shoop Shoop Song (It's in His Kiss),The Bootleg Family Band
Million Reasons,Lady Gaga
The Twist,Chubby Checker
"If You Gotta Go, Go Now - 2007 Remaster",Manfred Mann
I Was Only 19 (A Walk in the Light Green),Redgum
This I Promise You,*NSYNC
Kryptonite,3 Doors Down
Wonderful,"Ja Rule, R. Kelly, Ashanti"
Come Home with Me,Guy Sebastian
Old School Love (feat. Ed Sheeran),"Lupe Fiasco, Ed Sheeran"
fOoL fOr YoU,ZAYN
Uptown Funk,"Mark Ronson, Bruno Mars"
"Hey, Soul Sister",Train
Colors Of The Wind,Vanessa Williams
Play,Jennifer Lopez
Piece Of My Heart,Janis Joplin
Ray Of Solar,Swedish House Mafia
People Got to Be Free,The Rascals
Victory,Bond
Don't Wait Up,Shakira
Street Fighting Man - 50th Anniversary Edition,The Rolling Stones
Billie Jean,Michael Jackson
I'm Free,"The Soup Dragons, Junior Reid"
Dynamite (feat. Allday),"Asta, Allday"
Say,John Mayer
Cosmic Girl - Remastered 2013,Jamiroquai
Give You Love (feat. Jason Derulo),"Jessica Mauboy, Jason Derulo"
Love Is Strange,Mickey Baker
The Trouble with Us,"Marcus Marr, Nick Murphy"
Hello Hello I'm Back Again,Gary Glitter
Holiday,Green Day
The Logical Song,Scooter
Livin' On A Prayer,Bon Jovi
Let Me Be There,Olivia Newton-John
Mandy,Barry Manilow
Two Faces Have I,Ol' 55
Cry In Shame,Johnny Diesel & The Injectors
Islands In The Stream,"Kenny Rogers, Dolly Parton"
There You Go,P!nk
"Luv Me, Luv Me","Shaggy, Janet Jackson"
My Boy,Elvis Presley
Boogie Wonderland,"Earth\, Wind & Fire, The Emotions"
We Don't Talk Anymore (feat. Selena Gomez),"Charlie Puth, Selena Gomez"
The Nips Are Getting Bigger - Remastered,Mental As Anything
Soul Deep,The Box Tops
Someone You Loved,Lewis Capaldi
Dynamite,Taio Cruz
American Woman - 2024 Remaster,The Guess Who
Never Let You Go - 2008 Remaster,Third Eye Blind
Me and Mrs. Jones,Billy Paul
Evie Pt. 1 (Let Your Hair Hang Down),Stevie Wright
Peace of Mind,Boston
All Star,Smash Mouth
Love in California,Rooftop Heroes
Don't Stop Believin',Journey
If I'm Lucky,Jason Derulo
Blinding Lights,The Weeknd
Spectrum (Say My Name) - Calvin Harris Remix,"Florence + The Machine, Calvin Harris"
7 Years,Lukas Graham
Ready or Not,"Fugees, Ms. Lauryn Hill, Wyclef Jean, Pras"
Stingray,The Shadows
Fire and the Flood,Vance Joy
Beautiful People (feat. Khalid),"Ed Sheeran, Khalid"
One,U2
Just the Way You Are,Bruno Mars
Roll To Me,Del Amitri
Don't Speak,No Doubt
Savior,Rise Against
We Close Our Eyes,Go West
(Marie's The Name) His Latest Flame,Elvis Presley
Flavours (feat. Juai),"Charlie Sloth, Juai"
Summertime Blues,Eddie Cochran
It’s My Birthday,"will.i.am, Cody Wise"
Stranger On The Shore,Acker Bilk
Pompeii,Bastille
Silvery Moon,Sherbet
Somebody To Love - Remastered 2011,Queen
The Boys of Summer,The Ataris
All Falls Down (feat. Juliander),"Alan Walker, Noah Cyrus, Digital Farm Animals, Juliander"
Turtle Power,Partners In Kryme
Do Wah Diddy Diddy,Manfred Mann
The Reason,Hoobastank
The Middle - Acoustic Version,Jimmy Eat World
Centerfold,The J. Geils Band
Setting Fires,"The Chainsmokers, XYLØ"
Doing It (feat. Rita Ora),"Charli xcx, Rita Ora"
I've Lost You,Elvis Presley
Boom Clap,Lennon & Maisy
It's Time To Cry,Paul Anka et son orchestre
Part Of Me,Katy Perry
The Island - Radio Edit [Radio Edit],Pendulum
Always On The Run,Lenny Kravitz
Do It Like That,Ricki-Lee
Worship,Olly Alexander (Years & Years)
1981,Gyroscope
Playinwitme (feat. Kehlani),"KYLE, Kehlani"
You Ain't Seen Nothing Yet,Bachman-Turner Overdrive
Don't Dream It's Over,Crowded House
One More Time,Real McCoy
Really Don't Care,"Demi Lovato, Cher Lloyd"
Good Lord,Birds Of Tokyo
Philadelphia Freedom,Elton John
Counting The Beat,The Swingers
The Rise and Fall of Flingel Bunt,The Shadows
"They're Coming to Take Me Away, Ha-Haaa!",Napoleon XIV
Pumpkin Soup,Kate Nash
You're Nobody 'Til Somebody Loves You,James Arthur
Galway Girl,Ed Sheeran
Knock You Down,"Keri Hilson, Kanye West, Ne-Yo"
We Are Golden,MIKA
It's All Over Now - Mono Version,The Rolling Stones
You Found Me,The Fray
Junior’s Farm - 2014 Remaster,Wings
3,Britney Spears
Don't Be Cruel,Cheap Trick
When It's Over - David Kahne Main,Sugar Ray
Hello Me,Vanessa Amorosi
Together,Sia
No Lies,Noiseworks
Those Were The Days - Remastered,Mary Hopkin
It Was Always You,Maroon 5
Can't Remember to Forget You,"Shakira, Rihanna"
Mull Of Kintyre,Wings
Bust A Move,Young MC
Long Cool Woman (In a Black Dress) - 1999 Remaster,The Hollies
We Built This City,Starship
Peek a Boo,New Vaudeville Band
(Don't Fear) The Reaper,Blue Öyster Cult
Chosen Armies,Children Collide
"Paint It, Black - (Original Single Mono Version)",The Rolling Stones
Sun Goes Down (feat. Jasmine Thompson) - Radio Mix,"Robin Schulz, Jasmine Thompson"
Lay Me Down,"Sam Smith, John Legend"
Louder (feat. Sian Evans) - Radio Edit,"DJ Fresh, Sian Evans"
Love Runs Out,OneRepublic
I Got U - Radio Edit,"Duke Dumont, Jax Jones"
Breakeven,The Script
Crying,Roy Orbison
Pictures Of You,The Last Goodnight
Throw It Away,"360, Josh Pyke"
You Don't Own Me,The Ormsby Brothers
You're My World,Daryl Braithwaite
Don't You Love Me Anymore,Joe Cocker
Blow,Kesha
Don't Give Me Your Life - Radio Version,Alex Party
One Thing,Alicia Keys
I Could Make You Love Me,Wa Wa Nee
Too Big - 2017 Remaster,Suzi Quatro
True Love (feat. Lily Allen),"P!nk, Lily Allen"
American Idiot,Green Day
Peer Pressure (feat. Julia Michaels),"James Bay, Julia Michaels"
Brooklyn In The Summer,Aloe Blacc
Hold My Hand,Hootie & The Blowfish
Gasoline Alley Bred,The Hollies
These Days,Powderfinger
When Your Love Is Gone,Jimmy Barnes
Freefallin' (Radio Edit),Zoë Badwi
Walking On The Moon,The Police
6 Words,Wretch 32
If You Leave Me Now,Chicago
Deeper Water,Deadstar
Pornstar,Amy Meredith
Je T'aime,Abigail
Last Train to Trancentral (Live from the Lost Continent) [Us Version],The KLF
I'm Good (Blue),"David Guetta, Bebe Rexha"
Desperado - 2013 Remaster,Eagles
As Tears Go By - Mono Version,The Rolling Stones
Collide - Acoustic Version,Howie Day
Runaway Boys,Stray Cats
We Are The Champions - Remastered 2011,Queen
Mississippi - Single Version,John Phillips
Wrapped Up (feat. Travie McCoy),"Olly Murs, Travie McCoy"
Crocodile Rock,Elton John
Venus,Bananarama
Why Do You Lie To Me,"Topic, A7S, Lil Baby"
Chemical Heart,Grinspoon
The Chain - 2004 Remaster,Fleetwood Mac
Sugar (feat. Francesco Yates),"Robin Schulz, Francesco Yates"
Dancing In The Street,Martha Reeves & The Vandellas
Youngblood,5 Seconds of Summer
Counting Stars,OneRepublic
Oh No Not You Again - Remastered,Australian Crawl
Let Me Entertain You,Robbie Williams
Our Winter Love,Bill Pursell
Gimme Little Sign,Peter Andre
Song 2,Blur
I Love You Always Forever,Betty Who
Peggy Sue,"Buddy Holly, The Crickets"
Rich,Big Yavo
It's Not Over,Rockmelons
Superstar,Jamelia
Don't Fight It,The Panics
Hurts So Good,Astrid S
Cheap Thrills,Sia
Bend It,"Dave Dee\, Dozy\, Beaky\, Mick & Tich"
"My Heart Will Go On - Love Theme from ""Titanic""",Céline Dion
You Are The Reason - Duet Version,"Calum Scott, Leona Lewis"
Bye Bye Bye,*NSYNC
Gangsta,Bell Biv DeVoe
We Are The World,U.S.A. For Africa
Get the Party Started,P!nk
Chains,Tina Arena
Mad World,Tears For Fears
Lies,The Knickerbockers
Fools Rush In,Ricky Nelson
Right Type of Mood,HERBIE
The Power Of Love - Remix Edit,Beverlee
3,Britney Spears
History,One Direction
Better - Remastered,The Screaming Jets
Nightmare (Sinister Strings Mix),Brainbug
Would I Lie to You? - Remastered Version,"Eurythmics, Annie Lennox, Dave Stewart"
Listen to the Music,The Doobie Brothers
Manhattan,Kings of Leon
Do You Wanna Be - Single Version,I'm Talking
Right Thurr,Chingy
Shape I'm In,Jo Jo Zep and The Falcons
Joanne,"Michael Nesmith, The First National Band"
1-2-3,Gloria Estefan And Miami Sound Machine
Here It Goes Again,OK Go
On Call,Kings of Leon
Perfect,Fairground Attraction
Sexual Healing,Marvin Gaye
Calling All Hearts (feat. Robin Thicke & Jessie J),"DJ Cassidy, Robin Thicke, Jessie J"
Misery,Maroon 5
I'd Go With You Anywhere,Birds Of Tokyo
We Made You,Eminem
ILYSB,LANY
Touch Me (I Want Your Body),Samantha Fox
Wedding Ring,The Easybeats
Wiggle (feat. Snoop Dogg),"Jason Derulo, Snoop Dogg"
You've Gotta Get up and Dance,Albie Donnelly's Supercharge
Where Have You Been,Rihanna
Tennessee - Remastered 2001,Arrested Development
Sing,Ed Sheeran
Into The Great Wide Open,Tom Petty and the Heartbreakers
Beautiful Things,Benson Boone
How Do I Live,Trisha Yearwood
Morningtown Ride,The Seekers
Livin' On A Prayer,Bon Jovi
This Is What It Feels Like,"Armin van Buuren, Trevor Guthrie"
Larger Than Life,Backstreet Boys
I Can Change,LCD Soundsystem
Our Time Now,Plain White T's
White Room,Cream
Watching You,Rogue Traders
Goodnight,Roy Orbison
Set You Free - 1994 Edit,N-Trance
Good Times,Jimmy Barnes
Boys,Charli xcx
Don't Be Shy,Kulcha
Porcelain,Moby
Angie - Remastered 2009,The Rolling Stones
Take Me To The Clouds Above - LMC Vs. U2 / Radio Edit,"LMC, U2"
Cry,James Blunt
Gangsta Lovin',"Eve, Alicia Keys"
"Just the Way It Is, Baby",The Rembrandts
Remember Me - Sure Is Pure 7 Inch Edit,"Blue Boy, Sure Is Pure"
Can't Take My Eyes Off of You - (I Love You Baby),Ms. Lauryn Hill
Don't Give Up,Peter Gabriel
Never Forget You,"Zara Larsson, MNEK"
Caught Out There,Kelis
Chick-a-Boom (Don't Ya Jes Love It),Daddy Dewdrop
Fast Car,Tracy Chapman
Bang Bang,"Jessie J, Ariana Grande, Nicki Minaj"
Lose You To Love Me,Selena Gomez
Water,Tyla
All We Got (feat. KIDDO),"Robin Schulz, KIDDO"
Riverside,Sidney Samson
Sadie The Cleaning Lady,John Farnham
Skin Deep,The Stranglers
Anyone Who Had a Heart - 2003 Remaster,Cilla Black
Roll With It,Oasis
Faded,ZHU
Never Forget,Take That
Se a Vida E (That's the Way Life Is) - 2001 Remaster,Pet Shop Boys
Rather Be (feat. Jess Glynne),"Clean Bandit, Jess Glynne"
Super Freaky Girl,Nicki Minaj
Leave Me Alone (I'm Lonely),P!nk
Lover Lover,Jimmy Barnes
Too Young,Donny Osmond
Afternoon Delight,Starland Vocal Band
Lump,The Presidents Of The United States Of America
Where Them Girls At - feat. Nicki Minaj & Flo Rida,"David Guetta, Flo Rida, Nicki Minaj"
Over Now (with The Weeknd),"Calvin Harris, The Weeknd"
F**kin' Perfect,P!nk
Walk On Water,Thirty Seconds To Mars
Too Good At Goodbyes,Sam Smith
"The Good, the Bad and the Ugly - From ""The Good, the Bad and the Ugly""","Hugo Montenegro & His Orchestra, Hugo Montenegro"
Take Me to Church,Hozier
New Year's Day,U2
Lay Me Down,"Sam Smith, John Legend"
Wait for You,Elliott Yamin
"Operation Blade (7"" Radio Edit)",Public Domain
"Do You Mind (feat. Nicki Minaj, Chris Brown, August Alsina, Jeremih, Future & Rick Ross)","DJ Khaled, Nicki Minaj, Chris Brown, August Alsina, Jeremih, Future, Rick Ross"
Bust A Move,Young MC
Comfortably Numb,Pink Floyd
Jai Ho! (You Are My Destiny),"A.R. Rahman, The Pussycat Dolls, Nicole Scherzinger"
Cool Kids,Echosmith
Daddy Don't You Walk So Fast,Wayne Newton
You Don't Know Me,"Jax Jones, RAYE"
Don't Let Go (Love),En Vogue
Cheerleader (Felix Jaehn Remix) - Radio Edit,"OMI, Felix Jaehn"
If We Try,Don McLean
High - Original Mix,"Peking Duk, Nicole Millar"
Savage Love (Laxed - Siren Beat),"Jawsh 685, Jason Derulo"
Key To My Heart,Craig David
Drunk,Ed Sheeran
99 Luftballons,Nena
Hey Boys and Girls (Truth of the World Pt. 2),Evermore
1993 (No Chill),"Paces, Jess Kent"
Let's Go To Bed,The Cure
Dangerous Woman,Ariana Grande
Before I Fall in Love,CoCo Lee
"Together In Electric Dreams - Remastered 2003 / From ""Electric Dreams"" Original Motion Picture Soundtrack","Phil Oakey, Giorgio Moroder"
My Sharona,The Knack
Never Tear Us Apart,INXS
Would I Lie To You?,Charles & Eddie
Differences,Ginuwine
Juju on That Beat (TZ Anthem),"Zay Hilfigerrr, Zayion McCall"
Lifestyle (feat. Adam Levine),"Jason Derulo, Adam Levine"
Slave,James Reyne
Good Life,"Kanye West, T-Pain"
Chicken Tikka Masala,Joe Publick
Stockholm Syndrome,One Direction
Geronimo,Sheppard
Without You Here,The Goo Goo Dolls
If It Makes You Happy,Sheryl Crow
Lady Willpower,Gary Puckett & The Union Gap
Fuck You,CeeLo Green
Rollover DJ,Jet
Hide Away,Daya
This Fire,Birds Of Tokyo
Mess Is Mine,Vance Joy
I Write The Songs,Barry Manilow
Jailbreak,Back In Black
Lean On (feat. MØ & DJ Snake),"Major Lazer, MØ, DJ Snake"
Because Of You,Ne-Yo
Satisfaction - Uk Radio Edit,"Benny Benassi, The Biz"
Miracles (Someone Special),"Coldplay, Big Sean"
Runnin',"2Pac, The Notorious B.I.G."
Summer Paradise (feat. Sean Paul) - Single Version,"Simple Plan, Sean Paul"
I Will Come To You,Hanson
Elastic Heart,Sia
Super Freak,Rick James
Live Like You Were Dying,Tim McGraw
Make Me an Island - 1969 Recording,Joe Dolan
Scar,Missy Higgins
My Sacrifice,Creed
We Belong Together,Mariah Carey
If You Love Me,Brownstone
Now You're In Heaven,Julian Lennon
Emotion,"Samantha Sang, Bee Gees"
Kokomo,The Beach Boys
Two Pina Coladas,Brooks Jefferson
"1,2,3 Red Light",1910 Fruitgum Company
Bubblegum (feat. Tyga),"Jason Derulo, Tyga"
Long Road To Ruin,Foo Fighters
Save The Best For Last,Vanessa Williams
Hoops,The Rubens
Show Me,Aston Merrygold 
"Let Me Go (with Alesso, Florida Georgia Line & watt)","Hailee Steinfeld, Alesso, Florida Georgia Line, WATT"
Sunny Afternoon - Mono Version,The Kinks
In The Arms Of A Stranger - Grey Remix,"Mike Posner, Grey"
Car Wash (Shark Tale Mix),"Christina Aguilera, Missy Elliott"
What's Your Flava? - Radio Edit,Craig David
Dear One,Larry Finnegan
What Do I Have to Do,Kylie Minogue
Give In to Me,Michael Jackson
You Ruin Me,The Veronicas
All Along The Watchtower,Jimi Hendrix
Get Back - Remastered 2009,The Beatles
If I Ever Feel Better,Phoenix
Stir Fry,Migos
Hand on Heart,Olly Murs
"""The Take Over, The Breaks Over""",Fall Out Boy
Coco Jamboo - Radio Version,Mr. President
The Globe,Big Audio Dynamite
Sunny and 75,Joe Nichols
Four Walls,BROODS
Mobile,Avril Lavigne
Fox on the Run,Sweet
Gimme Three Steps,Lynyrd Skynyrd
Don't Let Me Get Me - Radio Edit,P!nk
Breakeven,The Script
Rhiannon,Fleetwood Mac
The Morning After - Single Version,Maureen McGovern
Get Up and Boogie - That's Right,Silver Convention
Band On The Run - 2010 Remaster,"Paul McCartney, Wings"
My Immortal,Evanescence
Lollipop (Candyman),Aqua
I Wanna Be Your Lover,Prince
Chances,Five For Fighting
Never Meant to Fail,Alex Lloyd
Eyes Without A Face,Billy Idol
Don't Blame the Children - 2016 Remaster,Sammy Davis Jr.
Open Your Eyes,Snow Patrol
This Feeling (feat. Kelsea Ballerini),"The Chainsmokers, Kelsea Ballerini"
Theme From Shaft,Isaac Hayes
Foundations - Edit,Kate Nash
For The Love Of Him,Bobbi Martin
Leave It Alone,Operator Please
You Don't Own Me (feat. G-Eazy),"SAYGRACE, G-Eazy"
Good Timin,Jimmy Jones
You,"Regard, Troye Sivan, Tate McRae"
"Stayin' Alive - From ""Saturday Night Fever"" Soundtrack",Bee Gees
With Or Without You - Remastered 2007,U2
"Don't Cry For Me Argentina - From ""Evita""","Julie Covington, Andrew Lloyd Webber, Tim Rice"
Love Me For A Reason,Boyzone
Best Day Of My Life,American Authors
Picture Of You,Boyzone
Breaking Up Is Hard to Do,Neil Sedaka
Shine Ya Light,Rita Ora
Beautiful Soul - Radio Edit,Jesse McCartney
How You Love Me Now,Hey Monday
lovely (with Khalid),"Billie Eilish, Khalid"
Lonely Together (feat. Rita Ora),"Avicii, Rita Ora"
Do You Wanna Make Love,Peter McCann
The Two of Us,"Jackie Trent, Tony Hatch"
Barbara Ann (Mono),The Beach Boys
Caught Up,USHER
Dilemma,"Nelly, Kelly Rowland"
Heavy Heart,You Am I
Bad Boys,Wham!
Girls on Film - 2010 Remaster,Duran Duran
Picture Frames,Georgia Fair
Blow,Kesha
Thank You,Leona Lewis
That's The Way A Woman Feels,Tina Arena
Pop Muzik - 12 Inch Version,"M, Robin Scott, Nick Launay"
Pieces Of Me,Ashlee Simpson
Hold Back The River,James Bay
She's Kinda Hot,5 Seconds of Summer
We Belong,Sheppard
Makes Me Wonder,Maroon 5
Motor's Too Fast,James Reyne
Let's Stay Together,Al Green
Turn Around (feat. Ne-Yo),"Conor Maynard, Ne-Yo"
Boyfriend,Justin Bieber
Pumped Up Kicks,Foster The People
In My Little Corner Of The World,Anita Bryant
Shine,Collective Soul
Up on the Roof,The Drifters
drivers license,Olivia Rodrigo
My Generation - Stereo Version,The Who
No Say In It,Machinations
All I Know So Far,P!nk
I Won't Let You Down,Ph.D.
Miss Divine,ICEHOUSE
I Saw Her Again - Single Version,The Mamas & The Papas
You Needed Me,Anne Murray
Lightnin' Strikes,Lou Christie
This Is Me,"Keala Settle, The Greatest Showman Ensemble"
This Is What You Came For,"Calvin Harris, Rihanna"
"A Hard Rain's A-Gonna Fall - US 7"" Version",Bryan Ferry
Rock and Roll Dreams Come Through,Jim Steinman
Surfin' Safari - Mono/Remastered 2001,The Beach Boys
Round Round,Sugababes
We've Got Tonight,"Kenny Rogers, Sheena Easton"
Bounce (feat. Kelis) - Radio Edit,"Calvin Harris, Kelis"
One,John Farnham
Bridges,BROODS
Androgyny - Remastered 2021,Garbage
My Way,Calvin Harris
If You Wanna Stay,The Griswolds
Sweet Like Chocolate (Radio Edit),Shanks & Bigfoot
Tell Me a Story,1927
Julie Anne,Kenny
I'm All Yours,"Jay Sean, Pitbull"
Paint The Town Red,Doja Cat
Anchor,Birds Of Tokyo
On The Floor - Radio Edit,"Jennifer Lopez, Pitbull"
Mockingbird,Rob Thomas
Strangers,Kenya Grace
Let's Make It Last All Night,Jimmy Barnes
Family Affair,Mary J. Blige
Roll On,J.J. Cale
This One's For The Girls,Olly Murs
Lanterns,Birds Of Tokyo
Holiday,Little Mix
It Girl,Jason Derulo
Make It To Me,Sam Smith
Poison - Radio Edit,Groove Coverage
Right in the Night (feat. Plavka) - Fall in Love with Music,"Jam & Spoon, Plavka"
All Right Now,Free
Silly Boy,Eva Simons
Kiss You,One Direction
No One,Alicia Keys
Send Me An Angel,Scorpions
By My Side,INXS
Shape of You,Ed Sheeran
"A Boy Named Sue - Live at San Quentin State Prison, San Quentin, CA - February 1969",Johnny Cash
TSOP (The Sound of Philadelphia) (feat. The Three Degrees),"MFSB, The Three Degrees"
Cheerleader - Felix Jaehn Remix Radio Edit,"OMI, Felix Jaehn"
My Life Would Suck Without You,Kelly Clarkson
Stay,Shakespears Sister
Save Tonight,Eagle-Eye Cherry
Driving Wheels,Jimmy Barnes
Southern Sun,Boy & Bear
Knock You Down,"Keri Hilson, Kanye West, Ne-Yo"
Donna the Prima Donna,Dion
Smile,Uncle Kracker
Games People Play,Joe South
Here Without You,3 Doors Down
BRING IT ON,"Tones And I, BIA, Diarra Sylla, FIFA Sound"
All Over You,Live
Endless Summer Nights,Richard Marx
Replay,Iyaz
She Kissed Me,Sananda Maitreya
Sussudio - 2016 Remaster,Phil Collins
Just Like Fire Would,The Saints
Million Years Ago,Adele
I See You Baby,"Groove Armada, Gram'ma Funk"
My Friend,Groove Armada
Take Yourself Home,Troye Sivan
The End of the World,Skeeter Davis
What's Love Got to Do with It,Tina Turner
We Are The People,Empire Of The Sun
Dance Monkey,Tones And I
Shaddap You Face,Joe Dolce
All You Need Is Love - Remastered 2009,The Beatles
Post Malone (feat. RANI),"Sam Feldt, RANI"
Purple Pills,D12
Deja Vu (feat. Jay-Z),"Beyoncé, JAY-Z"
Daddy Cool,Drummond
Getaway Car,Taylor Swift
I Feel the Earth Move,Martika
"You're Gonna Go Far, Kid",The Offspring
One of Them Ones,"Blxst, Bino Rideaux"
"Say You, Say Me",Lionel Richie
Roots,Imagine Dragons
Telephone Line,Electric Light Orchestra
Nu Flow,Big Brovaz
What Will My Mary Say,Johnny Mathis
Pray to God (feat. HAIM),"Calvin Harris, HAIM"
Filter Freak,Denzal Park
Denim & Lace,Marty Rhone
We Won't Run,Sarah Blasko
Wildflower,5 Seconds of Summer
Better Than Me,Hinder
Madder Red,Yeasayer
T.N.T.,AC/DC
A Lover's Concerto,The Toys
Live to Tell,Madonna
"Too Much, Too Little, Too Late (with Deniece Williams)","Johnny Mathis, Deniece Williams"
Ladidi Ladida,S.O.A.P.
I Know Him So Well,"Elaine Paige, Barbara Dickson"
as long as you care,Ruel
Love You Goodbye,One Direction
Lips Are Movin,Meghan Trainor
"Hey, Soul Sister",Train
Controlla,Drake
It's Raining Men - Single Version,The Weather Girls
Dream Catch Me,Newton Faulkner
Don't Let Me Be Yours,Zara Larsson
Million Voices - Radio Edit,Otto Knows
How Deep Is Your Love,Portrait
I Need to Be In Love,Dami Im
Twisted - Single Version; 2007 Remaster,Keith Sweat
The Entertainer - The Sting/Soundtrack Version/Orchestra Version,Marvin Hamlisch
Universe,Savage Garden
Run,OneRepublic
Hung Up,Hot Chelle Rae
A Groovy Kind of Love - 2016 Remaster,Phil Collins
"Hello, This Is Joannie (The Telephone Answering Machine Song)",Paul Evans
Too Much Heaven,Bee Gees
Pass Out - Radio Edit,Tinie Tempah
William Tell,Sounds Incorporated
Telephone,"Lady Gaga, Beyoncé"
Maps,Maroon 5
"Let It Go - From ""Frozen""/Soundtrack Version",Idina Menzel
Starstruck,Olly Alexander (Years & Years)
Fake A Smile,"Alan Walker, salem ilese"
Send Me on My Way,Rusted Root
Tiny Dancer,Elton John
Come Out And Play (Keep 'Em Separated) - Live,The Offspring
Throw Your Hands Up (Dancar Kuduro),"Qwote, Pitbull, Lucenzo"
The Times They Are A-Changin',Bob Dylan
People Get Ready,Human Nature
Party Girl,Tommy Roe
A Little Bit (Double M’s Radio Edit),Pandora
Total Eclipse of the Heart,Nicki French
Don't Take It Personal (Just One of Dem Days),Monica
Collide - Radio Edit,"Leona Lewis, Avicii"
I (Who Have Nothing),Normie Rowe
Cat People (Putting Out Fire) - 2018 Remaster,David Bowie
It's Now or Never,Elvis Presley
City Low,Caramel Blue
Bounce - Original Version,Sarah Connor
Jealous Guy,Roxy Music
She Has to Be Loved,Jenny Morris
Better Days,Pete Murray
Head Down,"Lost Frequencies, Bastille"
Am I Ever Gonna See Your Face Again,The Angels
Embrace,PNAU
Look What You've Done,Jet
Can't Smile Without You,Barry Manilow
Before Too Long,Paul Kelly
It Girl,Jason Derulo
19,Paul Hardcastle
Beating Heart,Birdy
"All For Love - From ""The Three Musketeers"" Soundtrack","Bryan Adams, Sting, Rod Stewart"
Troublemaker (feat. Flo Rida),"Olly Murs, Flo Rida"
House of Love,East 17
If You Can't Give Me Love - 2017 Remaster,Suzi Quatro
Good Time,"Owl City, Carly Rae Jepsen"
Message In A Bottle - Remastered 2003,The Police
What Would You Do? - Radio Edit,City High
Toxic,Britney Spears
You Pick Me Up,Pete Murray
Frozen,Madonna
My Boyfriend's Back,The Angels
This Ain't a Love Song - Radio Edit,Scouting For Girls
Down Under,Men At Work
The Middle,Jimmy Eat World
Dinosaur,Kisschasy
Bad Influence,P!nk
Thong Song,Sisqo
Rock and Roll Ain't Noise Pollution,AC/DC
So What,P!nk
Lover Please,Clyde McPhatter
Superman (It's Not Easy),Five For Fighting
This Boys In Love,The Presets
2 Hearts,Kylie Minogue
"(I've Had) The Time of My Life - From ""Dirty Dancing"" Soundtrack","Bill Medley, Jennifer Warnes"
Ray of Light,Madonna
She Cried,Jay & The Americans
Big Time Operator,"Jeff St John, The ID"
Jukebox in Siberia - 2015 Remaster,Skyhooks
When You Walk In the Room - Mono Version,The Searchers
One Crowded Hour,Augie March
Body Like A Back Road,Sam Hunt
Second Chance,38 Special
Do You See What I See?,Hunters & Collectors
Here Comes the Hotstepper,iNi Kamoze
Maria Elena,Los Indios Tabajaras
Faithfully,Journey
Can't Take My Eyes off You,Frankie Valli
Lazy Love,Ne-Yo
Can't Take My Eyes Off You,Lady A
Can't Take My Eyes Off You,Frankie Valli
Semi-Charmed Life,Third Eye Blind
Seven Nation Army,The White Stripes
Radioactive,Rita Ora
Hangover,"Taio Cruz, Flo Rida"
Tightrope,Illy
I Never Told You,Colbie Caillat
Cats In The Cradle,Ugly Kid Joe
It's Not My Time,3 Doors Down
Its Alright,Deni Hines
Cosby Sweater,Hilltop Hoods
"Folsom Prison Blues - Live at Folsom State Prison, Folsom, CA - January 1968",Johnny Cash
American Psycho,Treble Charger
Hooray! Hooray! It's A Holi-Holiday - Radio Edit,Boney M.
9 to 5,Dolly Parton
Kung Fu Fighting,"Bus Stop, Carl Douglas"
The Chain - 2004 Remaster,Fleetwood Mac
Bed Of Roses,Bon Jovi
Push The Button,Sugababes
Slice of Heaven,"Dave Dobbyn, Herbs"
Addicted,Stevie Hoang
22 Steps,Damien Leith
PILLOWTALK,ZAYN
I Don't Wanna Go On With You Like That,Elton John
Just One Look,Doris Troy
Great Southern Land,ICEHOUSE
If You Had My Love,Jennifer Lopez
Walk Me Home,P!nk
Do You Really Want To Hurt Me,Culture Club
Holiday,Madonna
Finally Found,Honeyz
Roxanne - Remastered 2003,The Police
Bloke,Chris Franklin
Someone To You,BANNERS
Better,Khalid
With Or Without You,U2
Will I Ever,Alice Deejay
Good Vibrations (Mono),The Beach Boys
Don't Turn Off The Lights,Enrique Iglesias
Undressed,Kim Cesarion
Mousetrap Heart,Thirsty Merc
Say My Name,"Peking Duk, Benjamin Joseph"
Runaway,The Corrs
Weather With You,Crowded House
Lemonade,"Internet Money, Gunna, Don Toliver, NAV"
Get Down on It,Peter Andre
Sweet Jane,Garrett Kato
I Live For You,Chynna Phillips
Early Warning,Baby Animals
Material Girl,Madonna
The Rhythm of the Night,Corona
The A Team,Ed Sheeran
Photograph,Ringo Starr
Polyester Girl,Regurgitator
Run This Town,"JAY-Z, Rihanna, Kanye West"
Shut Up & Kiss Me,Reece Mastin
Secret Love Song,"Lovey James, Daniel Seavey"
Renegade,Styx
Live Without It,Killing Heidi
Bad Blood,Bastille
22,Taylor Swift
You’ll Be Mine,"Havana Brown, R3HAB"
Hollywood,"LA Vision, Gigi D'Agostino"
San Francisco (You've Got Me),Village People
Second Chance,Shinedown
"Because I Got High - From ""Jay And Silent Bob Strike Back"" Soundtrack",Afroman
Silence (feat. Sarah McLachlan) - DJ Tiësto's In Search of Sunrise Edit,"Delerium, Sarah McLachlan, Tiësto"
Where's The Love,Hanson
Teenage Dirtbag,Wheatus
Shallow,"Lady Gaga, Bradley Cooper"
Bad Boy for Life (feat. Black Rob & Mark Curry) - 2016 Remaster,"Diddy, Black Rob, Mark Curry"
Grenade,Bruno Mars
Got My Mind Set On You - Remastered 2004,George Harrison
In The Midnight Hour,The Commitments
The Wild One - Single Version,Suzi Quatro
Jump - 2015 Remaster,Van Halen
Groove Is in the Heart,Deee-Lite
Save the Last Dance for Me,The Drifters
Can't Say No,Conor Maynard
Midlife Crisis,Faith No More
Coin Laundry,Lisa Mitchell
Ex-Girlfriend,No Doubt
Bum Like You,Robyn
Can You Feel It,Timomatic
"Take My Breath Away - Love Theme from ""Top Gun""",Berlin
Sing It Back,Moloko
Devil Inside,INXS
Read All About It,"Professor Green, Emeli Sandé"
Firework,Katy Perry
Things,Bobby Darin
Sick and Tired,Anastacia
I'm into Something Good,Herman's Hermits
Love Is,Alannah Myles
I Love You Love Me Love,Gary Glitter
Light It Up (feat. Static Revenger),"Stan Walker, Static Revenger"
When Love Comes To Town,"U2, B.B. King"
I Love You Always Forever,Donna Lewis
Homemade Dynamite - REMIX,"Lorde, Khalid, Post Malone, SZA"
When the Beat Drops Out,Marlon Roudette
Our House,Madness
Strong Enough,Cher
Don't Cha,"The Pussycat Dolls, Busta Rhymes"
Love Story,Taylor Swift
Waves - Robin Schulz Radio Edit,"Mr. Probz, Robin Schulz"
Come with Me,Ricky Martin
How I Got This Way,Taxiride
Inner Ninja (feat. Olly Murs) - Remix,"Classified, Olly Murs"
Madness,Muse
Don't Think I'm Not,Kandi
The Way You Look Tonight - Remastered,The Lettermen
Never Never Never - 2000 Remaster,Shirley Bassey
Over You,Gary Puckett & The Union Gap
Solo (feat. Demi Lovato),"Clean Bandit, Demi Lovato"
Hero Of The Day,Metallica
Keep Talking,Cyrus Villanueva
We Will Rock You - Remastered 2011,Queen
House of Fun - 2000 Remastered Version,Madness
Dancing in the Moonlight - 2001 Remix,Toploader
Yeah 3x,Chris Brown
Tired of Being Alone,Al Green
Harper Valley P.T.A.,Jeannie C. Riley
"This Is It - 7"" Version",Dannii Minogue
Mamma Mia,ABBA
Words,Missing Persons
Way Down,Elvis Presley
I Know What You Did Last Summer,"Shawn Mendes, Camila Cabello"
Young Girl,Gary Puckett & The Union Gap
DONTTRUSTME,3OH!3
Leaning on a Lamp Post - 2002 Remaster,Herman's Hermits
Loser,Beck
Last Friday Night (T.G.I.F.),Katy Perry
Swamp Thing,The Grid
Heart Of Glass - Special Mix,Blondie
Don't Go Breaking My Heart,Backstreet Boys
Bring Me Some Water,Melissa Etheridge
Wisemen,James Blunt
Under The Boardwalk - Mono,The Rolling Stones
The Candy Man - 2016 Remaster,Sammy Davis Jr.
One Time,Justin Bieber
Hold Me,P.J. Proby
Perfectly Lonely,John Mayer
They Don't Know Us,Kilter
Tequila,A.L.T. And The Lost Civilization
Footloose,Kenny Loggins
With Or Without You,U2
Faded White Dress,Amy Meredith
Teen Angel,Mark Dinning
Most Girls,Hailee Steinfeld
One,U2
Let It Be,Labrinth
Electric Feel,MGMT
21 Guns,Green Day
True Blue,John Williamson
The Lazy Song,Bruno Mars
Stars On 45 - Original Single Version,Stars On 45
Virtual Insanity - Remastered 2006,Jamiroquai
Meet Her At The Love Parade,Da Hool
Walk of Life,Dire Straits
Promised You A Miracle - Remastered 2002,Simple Minds
Gotta Be Somebody,Nickelback
Such a Night,Elvis Presley
WITHOUT YOU,The Kid LAROI
This Town,Niall Horan
HEAT,"Paul Woolford, Amber Mark"
Pretty Fly (For A White Guy),The Offspring
Paper Tiger,Sue Thompson
Shot Me Down (feat. Skylar Grey) - Radio Edit,"David Guetta, Skylar Grey"
Biding My Time,Busby Marou
As Usual,Brenda Lee
Tom Sawyer,Rush
Losing Friends over Love,Eskimo Joe
Lego House,Ed Sheeran
You Don't Own Me (feat. G-Eazy),"SAYGRACE, G-Eazy"
The Unforgiven,Metallica
Mockingbird (With Margaret McLaren),Johnny O'Keefe
Gimme Gimme - Original,Whigfield
Wildest Dreams,Taylor Swift
Light Surrounding You,Evermore
Boulevard of Broken Dreams,Green Day
The Greatest,"Sia, Kendrick Lamar"
U + Ur Hand,P!nk
Money For Nothing,Dire Straits
The Ballad Of The Green Berets,Sgt. Barry Sadler
Nothing Compares 2 U,Sinéad O'Connor
Over And Over - Album Version / Explicit,"Nelly, Tim McGraw"
Feels like the First Time - 2008 Remaster,Foreigner
747,Lady A
Neither One of Us (Wants to Be the First to Say Goodbye),Linda George
This Girl Is a Woman Now,Gary Puckett & The Union Gap
One More Night - 2016 Remaster,Phil Collins
If I Could Turn Back Time,Cher
Overdrive,Conan Gray
Run the World (Girls),Beyoncé
Levels - Radio Edit,Avicii
Lovefool,twocolors
Call On Me - Ryan Riback Remix,"Starley, Ryan Riback"
Spirit in the Sky,Doctor & The Medics
Do Ya,Electric Light Orchestra
Fighter,Christina Aguilera
The Birds and the Bees,Jewel Akens
Escape,Enrique Iglesias
Who Are You,The Who
Harlem Shuffle,The Rolling Stones
Under Pressure - Remastered 2011,"Queen, David Bowie"
What Do You Mean? - Acoustic,Justin Bieber
P.I.M.P.,50 Cent
Good Vibrations,"Marky Mark And The Funky Bunch, Loleatta Holloway"
Is It Over Now? (Taylor's Version) (From The Vault),Taylor Swift
Harlem Shake,Baauer
Too Young to Be Married - 1999 Remaster,The Hollies
Ghetto Supastar (That is What You Are) (feat. Ol' Dirty Bastard & Mýa),"Pras, Ol' Dirty Bastard, Mýa"
Smooth (feat. Rob Thomas),"Santana, Rob Thomas"
It's My Party,Lesley Gore
Uptown Girl,Billy Joel
Splish Splash,Bobby Darin
Decode - Twilight Soundtrack Version,Paramore
Gangnam Style (강남스타일),PSY
Techno Fan,The Wombats
All I Wanna Do Is Make Love To You,Heart
Lady Rose,Mungo Jerry
Daddy's Home - 2003 Remaster,Cliff Richard
Myself,Bazzi
Say Goodbye,Chris Brown
Don't You Worry,Madasun
I Like Me Better,Lauv
Love Letters,Ketty Lester
It's Like That,Mariah Carey
Hello,"Stafford Brothers, Lil Wayne, Christina Milian"
Talking to the Moon,Bruno Mars
I Wanna Rock,Twisted Sister
Bones,Imagine Dragons
My Name Is Prince,Prince
Convoy,C.W. McCall
Can't Stop the Music,Village People
The Distance,CAKE
Let The Night Roll On,The Angels
Honest,Kodaline
Where Have You Been,Rihanna
Burn Your Name,Powderfinger
no tears left to cry,Ariana Grande
Welcome Home,Peters & Lee
Two For My Seconds,Operator Please
Play That Song,Train
'Til You Do Me Right,After 7
To the Door of the Sun,Al Martino
Chocolate,The 1975
Don't Call Me Up,Mabel
Turn Me On,Norah Jones
"Girls Talk Boys - From ""Ghostbusters"" Original Motion Picture Soundtrack",5 Seconds of Summer
I Only Wanna Be with You,Jessica Andersson
With Or Without You,U2
Best of You,Foo Fighters
"Taller, Stronger, Better - Radio Mix",Guy Sebastian
Sweet December,Short Stack
Swalla (feat. Nicki Minaj & Ty Dolla $ign),"Jason Derulo, Nicki Minaj, Ty Dolla $ign"
Wild World,"Maxi Priest, John Gallen"
The War Song - Remastered 2003,Culture Club
Pony Time,Chubby Checker
Stop Callin' Me,Shakaya
Something I Need,OneRepublic
New Americana,Halsey
Rasputin,"Majestic, Boney M."
Careful,Paramore
Small Town,John Mellencamp
Me Against the Music (feat. Madonna) - LP Version / Video Mix,"Britney Spears, Madonna"
Ooh La La,Normie Rowe
Skeleton Dance,Children Collide
Pick You Up,Powderfinger
My Kind of Girl,Michael Bublé
Beautiful,"Akon, Colby O'Donis, Kardinal Offishall"
All I Ever Need,Austin Mahone
She's My Baby,Johnny O'Keefe
We Are All Made Of Stars,Moby
It's Four in the Morning,Faron Young
The Other Side (from Trolls World Tour),"SZA, Justin Timberlake"
I'm Still Standing,Elton John
Ringo,Lorne Greene
Black Betty - Edit,Spiderbait
Ring Ring - English Version,ABBA
I Want You,Savage Garden
Walkin' On The Sun,Smash Mouth
Mashed Potato,Billy Thorpe & The Aztecs
Puppy Love,Donny Osmond
Natalie Don't,RAYE
Would You Ever,"Skrillex, Poo Bear"
Your Song Saved My Life - From Sing 2,U2
Let Me Love You,"DJ Snake, Justin Bieber"
Lucky,"Jason Mraz, Colbie Caillat"
California Girls,David Lee Roth
Monster - Transformers Soundtrack Version,Paramore
Lightning Crashes,Live
Heartbeat Song,Kelly Clarkson
Calm Down,Killing Heidi
(Everything I Do) I Do It For You,Bryan Adams
Feel The Love,Cut Copy
What's Up?,4 Non Blondes
Turn Me On (feat. Vula),"Riton, Oliver Heldens, Vula"
Lonely,Akon
What's My Age Again?,blink-182
We Are Young (feat. Janelle Monáe),"fun., Janelle Monáe"
"Feels (feat. Pharrell Williams, Katy Perry & Big Sean)","Calvin Harris, Pharrell Williams, Katy Perry, Big Sean"
Smooth Criminal,Alien Ant Farm
Creep,TLC
Business,Eminem
I Can't Wait,Nu Shooz
Up/Down,Jessica Mauboy
How Do You Do!,Roxette
Tik Tok (Parody),The Midnight Beast
The Sky's the Limit,Jason Derulo
Son Of A Preacher Man,Dusty Springfield
Whip It! (feat. Chloe Angelides),"LunchMoney Lewis, Chloe Angelides"
My Kind of Girl,Matt Monro
Horses,"Teddy Cream, Szabo"
Heal the World,Michael Jackson
Take a Walk,Passion Pit
Fight Song,Rachel Platten
Everything Is Beautiful - 1970 #1 Billboard chart hit,Ray Stevens
Our Lips Are Sealed,The Go-Go's
(I Can't Help) Falling In Love With You,UB40
9 PM (Till I Come) - Radio Edit,ATB
Evidence,Faith No More
Learn To Let Go,Kesha
Tip Of My Tongue,Diesel
The Lion Sleeps Tonight,Tight Fit
All That She Wants,Ace of Base
Carrie Anne - 1998 Remaster,The Hollies
Freak,Silverchair
Just The Two Of Us,Will Smith
S&M,Rihanna
Negative Things,Selwyn
Brandy (You're a Fine Girl),Looking Glass
Dark Horse,"Katy Perry, Juicy J"
Weak,AJR
Underneath the Radar,Underworld
Carry On,fun.
On My Mind,Ellie Goulding
"Let's Hear It for the Boy - From ""Footloose"" Soundtrack",Deniece Williams
Mony Mony - Live,Billy Idol
Dance Off (feat. Idris Elba & Anderson .Paak),"Macklemore & Ryan Lewis, Macklemore, Ryan Lewis, IDRIS, Anderson .Paak"
Lust For Life (with The Weeknd),"Lana Del Rey, The Weeknd"
You Keep Me Hangin' On,Vanilla Fudge
Locked out of Heaven,Bruno Mars
Needles and Pins - Mono,The Searchers
stayinit,"Fred again.., Lil Yachty, Overmono"
Juice,Lizzo
Into the Blue,Kylie Minogue
Hi Honey Ho,Daddy Cool
You Ain't Thinking (About Me),"D. Pritzker, Sonia Dada"
Whisper Your Name,Human Nature
Grenade,Bruno Mars
Bounce (feat. N.O.R.E.) - Radio Version,"MSTRKRFT, N.O.R.E."
Year of the Cat - 2001 Remaster,Al Stewart
The Ballroom Blitz,Sweet
Le Freak,CHIC
Sail,AWOLNATION
Heartbreaker,Dionne Warwick
Soldier,Samantha Jade
Burn so Bright,The Sundance Kids
Laid,James
"Danger Zone - From ""Top Gun"" Original Soundtrack",Kenny Loggins
Sunshine Of Your Love,Cream
Brand New Day,Alex Lloyd
Marea (we’ve lost dancing),"Fred again.., The Blessed Madonna"
Keep Your Head Up,Andy Grammer
Somebody to Love - Main Club Mix,Boogie Pimps
Don’t Feel Like Crying,Sigrid
Wasted,Peking Duk
Fever for the Flava,Hot Action Cop
You'll Never Know,1927
Treaty - Radio Mix,Yothu Yindi
Lolita,The Veronicas
Versace on the Floor,Bruno Mars
Technologic,Daft Punk
Kiss The Bride,Elton John
100 Years,Five For Fighting
If I Ever Fall In Love,"Shai, Bill Appleberry"
Hold On Tight,Electric Light Orchestra
Twilight Time,Billy Thorpe & The Aztecs
Free,Mýa
Lovesong,Amiel
Sorrento Moon (I Remember),Tina Arena
Just The Thing,"Paul Mac, Peta Morris"
Live Your Life,"T.I., Rihanna"
Colors Of The Wind - End Title,Vanessa Williams
How Deep Is Your Love,Bee Gees
Hurt Somebody (With Julia Michaels),"Noah Kahan, Julia Michaels"
Treaty - Radio Mix,Yothu Yindi
Spaceman,Nick Jonas
Mother-in-Law - 2002 Remaster,Ernie K-Doe
Something Happened On The Way To Heaven,Phil Collins
Cotton Fields,The Highwaymen
Lovelight,Robbie Williams
Funky Cold Medina,Tone-Loc
Kansas City,Sneaky Sound System
Bored To Death,blink-182
Drive,Shannon Noll
Dirrty,"Christina Aguilera, Redman"
Enemy (with JID) - from the series Arcane League of Legends,"Imagine Dragons, JID, Arcane, League of Legends"
Another Day - 2012 Remaster,"Paul McCartney, Linda McCartney"
Come Undone,Duran Duran
Does Your Chewing Gum Lose It's Flavour (On The Bedpost Overnight)?,Lonnie Donegan
Girls on the Avenue,Richard Clapton
Waka Waka (This Time for Africa) [The Official 2010 FIFA World Cup (TM) Song] (feat. Freshlyground),"Shakira, Freshlyground"
Gettin' Over You (feat. Fergie & LMFAO),"David Guetta, Chris Willis, Fergie, LMFAO"
Buffalo Stance,Neneh Cherry
Laugh Now Cry Later (feat. Lil Durk),"Drake, Lil Durk"
Stairway to Heaven - 1990 Remaster,Led Zeppelin
Drown (feat. Clinton Kane),"Martin Garrix, Clinton Kane"
Second Hand Rose,Barbra Streisand
Along Came Jones,Ray Stevens
Yummy,Justin Bieber
Sucker,Jonas Brothers
Ebony Eyes,Bob Welch
You Say,Lauren Daigle
Bonfire Heart,James Blunt
Eloise,Barry Ryan
Sure Be Cool If You Did,Blake Shelton
Love Don't Cost a Thing,Jennifer Lopez
Baby,Madison Beer
In The Air - Axwell Radio Edit,"TV Rock, Rudy, Axwell"
My Hero,Foo Fighters
A Pub With No Beer - 1979 Version,Slim Dusty
"Lose Yourself - From ""8 Mile"" Soundtrack",Eminem
Already Gone,Powderfinger
Owner of a Lonely Heart,Yes
Smile,Lily Allen
If Looks Could Kill,Timomatic
Summer Of '69,Bryan Adams
Do You Want Me,Salt-N-Pepa
One Life Stand,Hot Chip
Forever (feat. Post Malone & Clever),"Justin Bieber, Post Malone, Clever"
When I'm Gone,Simple Plan
rockstar,"Post Malone, 21 Savage"
Freefall,"POOLCLVB, DOOLIE"
Tonight Again,Guy Sebastian
The Girls - Radio Edit,Calvin Harris
I’m Still Hot - Original,Luciana
Come As You Are,Nirvana
Every Little Thing She Does Is Magic - Remastered 2003,The Police
The Boxer,Simon & Garfunkel
My House,Kids Of 88
Moon River,Henry Mancini
Supersoaker,Kings of Leon
Calcutta,Lawrence Welk
I'm Yours,Jason Mraz
Dammit,blink-182
Alive,Pearl Jam
Earthquake feat. Tinie Tempah,Labrinth feat. Tinie Tempah
All I Want Is You,U2
Magic Carpet Ride,Steppenwolf
One Last Time,Ariana Grande
10:35,"Tiësto, Tate McRae"
I Made It (Cash Money Heroes),"Kevin Rudolf, Birdman, Jay Sean, Lil Wayne"
Tobacco Road,The Nashville Teens
Bop Girl,Pat Wilson
California Love - Original Version,"2Pac, Roger, Dr. Dre"
Life Goes On,LeAnn Rimes
Who Can It Be Now?,Men At Work
Don't Bring Me Down,Electric Light Orchestra
West End Riot,The Living End
Pride (In The Name Of Love),U2
Angel,Madonna
"Just Like Fire (From the Original Motion Picture ""Alice Through The Looking Glass"")",P!nk
"Hey, Soul Sister",Train
Breakeven,The Script
Half of My Heart,John Mayer
Sunny Came Home,Shawn Colvin
It's My Life,Bon Jovi
Shoop,Salt-N-Pepa
"Love Rollercoaster (From ""Beavis and Butthead Do America"")",The Funky Groove Connection
Push Th' Little Daisies,Ween
Moonshadow,Yusuf / Cat Stevens
Young Love,Donny Osmond
Dream Lover,Glenn Shorrock
Somebody's Crying,Chris Isaak
A Little Bitty Tear,Burl Ives
The Last Farewell,Roger Whittaker
GIRL LIKE ME,"Black Eyed Peas, Shakira"
Everyday Is A Winding Road,Sheryl Crow
All Day and All of the Night,The Kinks
Clarity,"Zedd, Foxes"
Cheap Thrills,Sia
Under The Milky Way,The Church
Amazing,George Michael
(Lover) You Don't Treat Me No Good,"D. Pritzker, Sonia Dada"
"Endless Love - From ""The Endless Love"" Soundtrack","Lionel Richie, Diana Ross"
Live Louder,Nathaniel
Butter,BTS
Everybody Hurts,R.E.M.
"Gonna Fly Now - Theme From ""Rocky""",Bill Conti
Don't Know Much (with Aaron Neville),"Linda Ronstadt, Aaron Neville"
rockstar (feat. 21 Savage),"Post Malone, 21 Savage"
Desire,U2
It Must Have Been Love,Roxette
I'll Show You,Justin Bieber
Good Without,Mimi Webb
Trick Me,Kelis
Moody River,Pat Boone
Don't You Wanna Feel,Rogue Traders
Time After Time,Cyndi Lauper
Remedy,The Black Crowes
I Can't Stay Mad at You,Skeeter Davis
Breathe (feat. Sean Paul) - Rap Version,"Blu Cantrell, Sean Paul"
Let Me Blow Ya Mind,"Eve, Gwen Stefani"
So Am I,Ava Max
Perfect,Vanessa Amorosi
Love Foolosophy - Radio Edit,Jamiroquai
Finally,CeCe Peniston
Gimme! Gimme! Gimme! - Sgt Slick's Melbourne Recut - Edit,Sgt Slick
Hollaback Girl,Gwen Stefani
I Like Love (I Love Love) - Radio,Solitaire
We like to Party! (The Vengabus),Vengaboys
Should've Been Me,"Naughty Boy, Kyla, Popcaan"
Sweet Lullaby,Deep Forest
Bailamos,Enrique Iglesias
One More Night,Maroon 5
I Want It All - Single Version,Queen
Mambo No. 5 (A Little Bit of...),Lou Bega
I'm Coming Home - Single Version,Tom Jones
Love Not Lovers,The Script
Boppin' the Blues,Blackfeather
Headlights (feat. Ilsey),"Robin Schulz, Ilsey"
Blood on the Dance Floor,Michael Jackson
Rule The World - Radio Edit,Take That
I've Got a Little Something for You,MN8
"Another Brick in the Wall, Pt. 2",Pink Floyd
A Hundred Pounds Of Clay - 1995 Digital Remaster,Gene McDaniels
Never Be Amazing,David Franj
God Gave Rock 'N' Roll To You II,KISS
Acceptable in the 80's,Calvin Harris
Sand in My Shoes,Dido
Only the Lonely,Roy Orbison
A World Without Love - 2002 Remaster,Peter And Gordon
Missing Piece,Vance Joy
If I Ain’t Got You - Live,Maroon 5
Proud Mary,Creedence Clearwater Revival
Stand By You,Marlisa
The Reeling,Passion Pit
Never Say Never,"Justin Bieber, Jaden"
Sometimes,Alex Lloyd
Why,Frankie Avalon
"The Island, Pt. II (Dusk)",Pendulum
Place Your Hands,Reef
"Tom's Diner - 7"" Version","DNA, Suzanne Vega, Neal Slateford, Nick Batt"
Believer,Guy Sebastian
The Magic Friend,2 Unlimited
Silver Lady,David Soul
I Dig Rock and Roll Music - 2004 Remaster,"Peter\, Paul and Mary"
Burning Love,Elvis Presley
Scars,Papa Roach
My Home Town,Paul Anka
Ghost Town,Adam Lambert
Radio Mix,F.C.B
Feel This Moment (feat. Christina Aguilera),"Pitbull, Christina Aguilera"
Wind Of Change,Scorpions
The Boys Are Back In Town,Thin Lizzy
Forever In Blue Jeans,Neil Diamond
All Stars,Grafton Primary
Run To Me,Bee Gees
Passenger,Powderfinger
Touch Me,Starley
Magic - Live,Olivia Newton-John
Dare Me,The Pointer Sisters
Waves,Dean Lewis
I'm on My Way,The Proclaimers
Sweet Disposition,The Temper Trap
Bad Romance,Lady Gaga
She Looks So Perfect,5 Seconds of Summer
Kiss The Dirt (Falling Down The Mountain),INXS
Heaven,Avicii
Trains and Boats and Planes,"Billy J. Kramer, The Dakotas"
Angel of Mine,Monica
Everlong,Foo Fighters
Father And Son - New Steve Mac with Strings,"Ronan Keating, Yusuf"
Naughty Girl - Radio Edit,Mr G
We Don't Need Another Hero (Thunderdome),Tina Turner
Wild Thing,Tone-Loc
I Can't Dance - Remastered 2007,Genesis
I'll Be There,Jess Glynne
Un-Break My Heart,Toni Braxton
Smokin',Boston
Walking On A Dream,Empire Of The Sun
All The Man That I Need,Whitney Houston
All Your Reasons,Matchbox Twenty
Turn Around (feat. Ne-Yo),"Conor Maynard, Ne-Yo"
Jalebi Baby (Tesher x Jason Derulo),"Tesher, Jason Derulo"
Everything You Need - Original Mix - Edit,Madison Avenue
We Run The Night,"Havana Brown, Pitbull"
One Touch,"Jess Glynne, Jax Jones"
American Boy,"Estelle, Kanye West"
Roll Over Lay Down,Status Quo
Shout It Out,Reece Mastin
Pack Up,Eliza Doolittle
Shapes of Things,The Yardbirds
Can't Help Myself,Flowers
Ghost,Ella Henderson
Put A Little Love In Your Heart,Jackie DeShannon
Song For Guy,Elton John
Australia,Gyroscope
Some Type of Love,Charlie Puth
Fire,Ohio Players
Babe,Styx
Who Dat Girl (feat. Akon),"Flo Rida, Akon"
Mad About You,Belinda Carlisle
Running,Evermore
"Shout, Pts. 1 & 2",The Isley Brothers
Black Widow,"Iggy Azalea, Rita Ora"
Meant to Be (feat. Florida Georgia Line),"Bebe Rexha, Florida Georgia Line"
Sorry,Justin Bieber
Wolves,"Selena Gomez, Marshmello"
Magnets,"Disclosure, Lorde"
Animals - Radio Edit,Martin Garrix
Rain Over Me (feat. Marc Anthony),"Pitbull, Marc Anthony"
03' Bonnie & Clyde,"JAY-Z, Beyoncé"
Stay With Me,Sam Smith
When Will I Be Famous?,Bros
Shake Your Bon-Bon,Ricky Martin
One,U2
True Blue,Madonna
U R The Best Thing,D:Ream
Affirmation,Savage Garden
San Franciscan Nights,Eric Burdon & the Animals
Blow Your Mind (Mwah),Dua Lipa
Holly Holy - Single Version,Neil Diamond
Don't Tell Me The Time,Martha Davis
Get Off Of My Cloud - Mono Version,The Rolling Stones
Hey Baby (Drop It to the Floor) (feat. T-Pain),"Pitbull, T-Pain"
'74-'75,The Connells
Little Wonders - Radio Version,Rob Thomas
Sos,Nils Landgren Funk Unit
Air Balloon,Lily Allen
Around the World - Radio Edit [Radio Edit],Daft Punk
With Or Without You - Remastered,U2
Best Song Ever,One Direction
Hips Don't Lie (feat. Wyclef Jean),"Shakira, Wyclef Jean"
You'll Lose A Good Thing,Barbara Lynn
The Greatest (feat. Kendrick Lamar),"Sia, Kendrick Lamar"
Looking for a Better Thing,Ruby Velle & The Soulphonics
All You Wanted,Michelle Branch
Armstrong,Reg Lindsay
Everything About You,Ugly Kid Joe
Little Wonders,Rob Thomas
Blue On Blue,Bobby Vinton
Don't Let Me Down,"The Chainsmokers, Daya"
Do It Now - Radio Edit,Mashd N Kutcher
Whip My Hair,WILLOW
Brown Eyed Girl,Van Morrison
All Day and Night - Jax Jones & Martin Solveig Present Europa,"Jax Jones, Martin Solveig, Madison Beer, Europa"
Breathe Life,Jack Garratt
The Village of St. Bernadette,Andy Williams
All We Know,"The Chainsmokers, Phoebe Ryan"
Angel,Amanda Perez
Do You Remember,"Jay Sean, Sean Paul, Lil Jon"
"Holding Out for a Hero - From ""Footloose"" Soundtrack",Bonnie Tyler
Sucker DJ - Radio Edit,"Dimples D., Ben Liebrand"
Take Me Home Tonight,Eddie Money
Another Saturday Night,Yusuf / Cat Stevens
Rockabilly Rebel,Matchbox
Flash Delirium,MGMT
When Will I Be Famous?,Bros
Jack and Jill,"Ray Parker Jr., Raydio"
Never Again,Kelly Clarkson
Higher,Creed
Quarter To Three,Gary U.S. Bonds
Guantanamera,The Sandpipers
You Give Love A Bad Name,Bon Jovi
Yo (Excuse Me Miss),Chris Brown
Jellyhead,Crush
Blind Faith,"Chase & Status, Liam Bailey"
Some Girls,Racey
Mother & Father,BROODS
Going On,Gnarls Barkley
What You're On,Rogue Traders
Into the Night (feat. Chad Kroeger),"Santana, Chad Kroeger"
Out of Time (Stereo Version),Chris Farlowe
Friday on My Mind,The Easybeats
Little Arrows,Leapy Lee
she's all i wanna be,Tate McRae
What Took You So Long?,Emma Bunton
Where Are You Now,"Lost Frequencies, Calum Scott"
Everyday,Slade
Bad Girls,M.I.A.
We're Going Home,Vance Joy
Fast Car,"Jonas Blue, Dakota"
I'll Be Your Baby Tonight (feat. UB40),Robert Palmer
The Reason,Hoobastank
Wand'rin' Star,Lee Marvin
Stitches,Shawn Mendes
Renegades,X Ambassadors
Feel Like Makin' Love,Roberta Flack
Adore You,Miley Cyrus
Sweat - Remix,"Snoop Dogg, David Guetta"
I Have Nothing,Whitney Houston
Break on Through (To the Other Side),The Doors
Love the One You're With,"Crosby\, Stills & Nash"
NO BAD DAYS (feat. Collett),"Macklemore, Collett"
Take Good Care of Her,Adam Wade
Dr. Heckyll & Mr. Jive,Men At Work
Evie (Part One),Stevie Wright
My Friends,Red Hot Chili Peppers
Johnny Angel,Shelley Fabares
If You Could Read My Mind,Stars On 54
Hello Mary Lou,Creedence Clearwater Revival
Sex (Cheat Codes X Kris Kross Amsterdam),"Cheat Codes, Kris Kross Amsterdam"
Hands To Myself,Selena Gomez
I Don't Belong In This Club,"Why Don't We, Macklemore"
You Make My Dreams (Come True),Daryl Hall & John Oates
5.7.0.5,City Boy
Banana Boat (Day-O),Harry Belafonte
The Scientist,Coldplay
Bleeding Love,Leona Lewis
Motivation,Normani
Crazy for You,Madonna
Can't Help Myself,Flowers
Lot to Learn,Luke Christopher
Like I'm Gonna Lose You,Jasmine Thompson
"December, 1963 (Oh What a Night!)",Frankie Valli & The Four Seasons
Isn't It Time,The Babys
Heat Waves,Glass Animals
Love Generation - Radio Edit,Bob Sinclar
2step (feat. Leto),"Ed Sheeran, Leto"
Say My Name,Destiny's Child
Creep,Radiohead
Hello,Adele
That's When I Think of You,1927
Shackles,Mary Mary
Bootylicious,Destiny's Child
If You're Not The One,Daniel Bedingfield
Put A Little Love In Your Heart,"Al Green, Annie Lennox"
Oh Yeah,Yello
The Mess I Made,Parachute
Push,Matchbox Twenty
Cornflake Girl - 2015 Remaster,Tori Amos
Let Me Love the Lonely,James Arthur
One Way Or Another,Blondie
Intentions (feat. Quavo),"Justin Bieber, Quavo"
Don't Wait,The Beautiful Girls
A Life To Remember,"Zephyr Alabama, Abishi Taylor"
Just A Feeling,Maroon 5
Malibu,Hole
Lights Down Low,Jessie James Decker
Opinions Won't Keep You Warm At Night,Kisschasy
Achy Breaky Heart,Billy Ray Cyrus
Dangerous Woman,Ariana Grande
Burnin' for You,Blue Öyster Cult
All the Way,"Marcus Santoro, The Potbelleez"
Hold Me Tight,Johnny Nash
Heroes (we could be),Alesso
It's All Coming Back to Me Now,Céline Dion
Jumpin' Jack Flash - (Original Single Mono Version),The Rolling Stones
Every Morning - Remastered,Sugar Ray
Judas,Lady Gaga
positions,Ariana Grande
Everyone's at It,Lily Allen
I Like That,"Houston, Chingy, Nate Dogg, I-20"
You're The One That I Want - From “Grease”,"John Travolta, Olivia Newton-John"
You Are The Reason - Duet Version,"Calum Scott, Leona Lewis"
Heather,Conan Gray
Wild Wild West - Album Version - No Intro,"Will Smith, Dru Hill, Kool Moe Dee"
The Night Out,Martin Solveig
Lay Me Down,"Sam Smith, John Legend"
Funhouse - Main Version - Clean,P!nk
Born Free,Matt Monro
Waking Up In Vegas,Katy Perry
One Day At A Time,"Thierry Von Der Warth, Jay Mason"
Call My Name,Cheryl
Cruel Summer,Taylor Swift
Love Sex Magic (feat. Justin Timberlake) (Manon Dave Remix),"Ciara, Manon Dave"
Last Friday Night (T.G.I.F.),Katy Perry
Ambling Alp,Yeasayer
One More Time - Radio Edit [Short Radio Edit],Daft Punk
Slice of Heaven,"Dave Dobbyn, Herbs"
Last Night,The Mar-Keys
No Limit,2 Unlimited
In The Summertime,"Shaggy, Rayvon"
Streets Of Your Town,The Go-Betweens
Peg,Steely Dan
One Said To The Other,The Living End
The Other Woman,Ray Parker Jr.
Carrie Anne,The Hollies
Complicated,Avril Lavigne
Reelin' and Rockin' - 2019 - Remaster,The Dave Clark Five
When I Get There,P!nk
Jump - 2004 Remaster,Van Halen
Crash & Burn,Rebecca Levy
Alone Again (Naturally),Gilbert O'Sullivan
Sympathy For The Devil,The Rolling Stones
For Your Love,The Yardbirds
Relax,Frankie Goes To Hollywood
Naked,"Jonas Blue, MAX"
Photograph,Nickelback
Crying In the Chapel,Elvis Presley
Dear Lady Twist,Gary U.S. Bonds
I Like It,"Enrique Iglesias feat. Pitbull, Jason Nevins"
(If You're Not In It For Love) I'm Outta Here!,Shania Twain
Making Your Mind Up,Bucks Fizz
Pretty Blue Eyes,Steve Lawrence
Sweetest Thing - The Single Mix,U2
Hold On Loosely,38 Special
The Good Life,The Collective
View From a Bridge,Kim Wilde
Love Don't Live Here Anymore,Rose Royce
The Rain The Park And Other Things,The Cowsills
bad guy,Billie Eilish
Only You,Yazoo
Fraction Too Much Friction,Tim Finn
Like Only A Woman Can,Brian McFadden
(Baby I've Got You) On My Mind,Powderfinger
Mercy,Shawn Mendes
Can You Feel the Love Tonight - End Title,Elton John
Burnin' Up,Jonas Brothers
Oh! Hark!,Lisa Mitchell
Stay Another Day,East 17
Kiss Me More (feat. SZA),"Doja Cat, SZA"
All Shook Up,Elvis Presley
You Can Depend On Me,Brenda Lee
The Rhythm of the Jungle,The Quick
Steal My Sunshine - Single Version,LEN
The Happening,The Supremes
Somewhere Only We Know,Keane
Wake Me Up Before You Go-Go,Wham!
Real Love,"Clean Bandit, Jess Glynne"
I Got You Babe,Sonny & Cher
Chanson d'Amour,The Manhattan Transfer
I Need A Lover,John Mellencamp
Honey Come Back,Glen Campbell
Euphoria,Loreen
Lego House,Ed Sheeran
Shake It Off,Mariah Carey
I Miss You,blink-182
You Light Up My Life,Debby Boone
Just Like a Pill,P!nk
Have You Ever,Brandy
Feels Like I'm in Love,Kelly Marie
Uptown Girl - Radio Edit,Westlife
World Where You Live,Crowded House
Multiplication,Bobby Darin
People Everyday - Metamorphosis Mix,Arrested Development
All We Have,Natalie Bassingthwaighte
Cocaine,J.J. Cale
Beautiful Girls,Sean Kingston
Watermelon Sugar,Harry Styles
If the World Was Ending (feat. Julia Michaels),"JP Saxe, Julia Michaels"
Leave a Light On,Tom Walker
Where Do You Go To (My Lovely),Peter Sarstedt
Are 'Friends' Electric?,Tubeway Army
Loose Ends (feat. G Flip),"Illy, G Flip"
A Moment Like This,Leona Lewis
Jungle Love,Steve Miller Band
Every You Every Me,Placebo
Janie's Got A Gun,Aerosmith
Doo Wop (That Thing),Ms. Lauryn Hill
Fly Me To The Moon,"Frank Sinatra, Count Basie"
Not Afraid,Eminem
Help Me Make It Through The Night,Sammi Smith
Orchard Road,Leo Sayer
Route 66,Chuck Berry
Evie Part 1 Let Your Hair Hang Down,Stevie Wright
Animal,Neon Trees
Live And Let Die,Wings
Like a Rolling Stone,Bob Dylan
Hollywood Seven,Jon English
Just A Little,Liberty X
Boys In Town,Divinyls
Ready for the Weekend,Calvin Harris
TiK ToK,Kesha
What Happened to Us (feat. Jay Sean),"Jessica Mauboy, Jay Sean"
Ain't That A Shame,Fats Domino
Questions I Can't Answer,Heinz
I Alone,Live
"My Heart Will Go On - Love Theme from ""Titanic""",Céline Dion
Suffocate - Superclean,J. Holiday
Dare You To Move,Switchfoot
Dancing In The Storm,Boom Crash Opera
Pray,Sam Smith
I Wanna Sex You Up,Color Me Badd
Valentine,5 Seconds of Summer
Everything,Michael Bublé
Spoonman,Soundgarden
I Hate This Part,The Pussycat Dolls
Infinity,Guru Josh
She Will Be Loved,Maroon 5
#Beautiful,"Mariah Carey, Miguel"
Don't Stop Me Now - Remastered 2011,Queen
Starstruck (with Kylie Minogue),"Olly Alexander (Years & Years), Kylie Minogue"
Closer,Travis
King Of The Mountain - Remastered,Midnight Oil
Not Pretty Enough,Kasey Chambers
Blurred Lines,"Robin Thicke, T.I., Pharrell Williams"
A Simple Life,John Farnham
Closer,Ne-Yo
Heathens,Twenty One Pilots
Blowin' in the Wind,"Peter\, Paul and Mary"
I Only Wanna Be with You,Bay City Rollers
Before the Worst,The Script
Fairground,Simply Red
Louie Louie,The Kingsmen
Hooked On Classics (Parts 1 & 2),Royal Philharmonic Orchestra conducted by Louis Clark
What You've Done to Me,Samantha Jade
No Diggity,"Blackstreet, Dr. Dre, Queen Pen"
Enter Sandman,Metallica
Roar,Katy Perry
She's My Winona,Fall Out Boy
Viva Forever,Spice Girls
Shake It Out,Florence + The Machine
I Only Want to Be with You,The Tourists
Boom Boom (Let's Go Back to My Room) - Rerecorded,Paul Lekakis
Because They’re Young,Duane Eddy
Smooth (feat. Rob Thomas),"Santana, Rob Thomas"
International Smile,Katy Perry
Stay - Original Single Edit,"Sash!, La Trec"
Wrecking Ball,Miley Cyrus
Into You (feat. Tamia),"Fabolous, Tamia"
Waiting for Superman,Daughtry
Ain't It Fun,Paramore
Back In Black,AC/DC
It's Five O'Clock Somewhere,"Alan Jackson, Jimmy Buffett"
Real Wild Child (Wild One),Iggy Pop
Love in This Club (feat. Young Jeezy),"USHER, Jeezy"
Cinderella Rockefella,Esther and Abi Ofarim
"Home (with Machine Gun Kelly, X Ambassadors & Bebe Rexha)","mgk, X Ambassadors, Bebe Rexha"
Something,Lasgo
I Get Around (Mono),The Beach Boys
With You,Jessica Simpson
Solitude Is Bliss,Tame Impala
Last Night,Good Charlotte
What Do You Mean?,Justin Bieber
The Way You Make Me Feel - 2012 Remaster,Michael Jackson
Never on the Day You Leave,John Mayer
Same Old Girl,Darryl Cotton
Scream,"Michael Jackson, Janet Jackson"
Way Down Yonder In New Orleans,Freddy Cannon
Little Secrets,Passion Pit
If I Could Change Your Mind,HAIM
Harley & Rose,The Black Sorrows
Manic Monday,The Bangles
End Of The Line,Traveling Wilburys
Love on the Weekend,John Mayer
SoulMate,Justin Timberlake
I'm Too Sexy,Right Said Fred
Slow Twistin',Chubby Checker
Take Me Out,Franz Ferdinand
Shakedown,Bob Seger
London Still - Original,The Waifs
I'm Yours,Elvis Presley
Take Cover,Jordie Ireland
Together Again,Janet Jackson
I've Never Been To Me,Charlene
Wake up,Benedict
Beep Beep Beep,Tiga
Streets Of Your Town,The Go-Betweens
Never Gonna Fall in Love Again - Live,Mark Holden
Trust Fund Baby,Why Don't We
Echo Beach,Martha and the Muffins
Only Want You (feat. 6LACK),"Rita Ora, 6LACK"
Lonely Boy,The Black Keys
Change in Mood,Kids In The Kitchen
I Wanna Sex You Up - Single Mix,Color Me Badd
Last Song,Edward Bear
Anywhere For You,John Martin
If I Could,1927
Believe,Cher
Don't Be Stupid (You Know I Love You),Shania Twain
Talk Like That,The Presets
Where I'm Going,Cut Copy
Absolute Beginners - 2002 Remaster,David Bowie
Let's Hang On,Barry Manilow
21,Hunter Hayes
Hey Girl,"Lady Gaga, Florence Welch"
This Is Me (From the Greatest Showman),Kesha
Praise You,Fatboy Slim
What Do You Mean?,Justin Bieber
When I'm With You,Sparks
Black and Blue,Chain
Monster (Shawn Mendes & Justin Bieber),"Shawn Mendes, Justin Bieber"
Thinking out Loud,Ed Sheeran
Sign of the Times,Harry Styles
Bust Your Windows,Jazmine Sullivan
"Still Falling For You - From ""Bridget Jones's Baby""",Ellie Goulding
You Were Right,RÜFÜS DU SOL
Have I the Right,The Honeycombs
First Of May,Bee Gees
Wide Awake,Katy Perry
I Kissed A Girl,Katy Perry
It's a Long Way to the Top,Highway to Hell
Linger,The Cranberries
Always On Time,"Ja Rule, Ashanti"
Calling Occupants Of Interplanetary Craft (The Recognized Anthem Of World Contact Day),Carpenters
You Make Me Feel... (feat. Sabi),"Cobra Starship, Sabi"
Latch,"Disclosure, Sam Smith"
Invincible (feat. Kelly Rowland),"Tinie Tempah, Kelly Rowland"
Jailhouse Rock,Elvis Presley
Last Nite,The Strokes
Happiness,Alexis Jordan
Bring It All Back,S Club
I'm Like A Bird,Nelly Furtado
Another Love Song,Ne-Yo
Why Don't You,Gramophonedzie
Innocent Eyes,Delta Goodrem
Days Go By - Radio Edit,Dirty Vegas
Run to Paradise,Choirboys
Down Under,Men At Work
Head over Feet - 2015 Remaster,Alanis Morissette
Search My Heaven,Aleesha Rome
You Took The Words Right Out of My Mouth (Hot Summer Night),Meat Loaf
Oh Na Na,"Camila Cabello, Myke Towers, Tainy"
Careless Whisper,George Michael
Hey Mama,Black Eyed Peas
Bizarre Love Triangle,New Order
"Swan Song - From the Motion Picture ""Alita: Battle Angel""",Dua Lipa
It Hurts To Be In Love,Gene Pitney
One's On The Way - Single Version,Loretta Lynn
Early Warning,Baby Animals
Bent - 2007 Remaster,Matchbox Twenty
This City - Luca Schreiner Remix,"Sam Fischer, Luca Schreiner"
Cool for the Summer,Demi Lovato
Firestarter,Samantha Jade
Never Say Never,The Fray
Young And Beautiful [Lana Del Rey vs. Cedric Gervais] - Cedric Gervais Remix Radio Edit,"Lana Del Rey, Cedric Gervais, Carlos Cid"
Price Tag,"Jessie J, B.o.B"
It Just Won't Do - Radio Edit,"Tim Deluxe, Sam Obernik"
Jet Lag (feat. Natasha Bedingfield),"Simple Plan, Natasha Bedingfield"
Shut Up,Black Eyed Peas
Unholy (feat. Kim Petras),"Sam Smith, Kim Petras"
When I Look At You,Alex Edmonds
Pills N Potions,Nicki Minaj
Someone New,Hozier
Kokomo,The Beach Boys
Take Me Home,Phil Collins
Water Song/Janie's Got A Gun,Aerosmith
Treat You Better,Shawn Mendes
Yesterday Once More,Carpenters
"Girl, You'll Be a Woman Soon",Urge Overkill
Round Round,Sugababes
Mess Her Up,Amy Shark
The Sound of Silence - Electric Version,Simon & Garfunkel
"Sitting, Waiting, Wishing",Jack Johnson
A Well Respected Man - Mono Mix,The Kinks
The King of Wishful Thinking,Go West
Mack the Knife,Bobby Darin
Wind Beneath My Wings,Bette Midler
"I See Fire - From ""The Hobbit - The Desolation Of Smaug""",Ed Sheeran
What It's Like,Everlast
Stan,"Eminem, Dido"
She's A Lady,Tom Jones
When I'm Gone,Eminem
Showing Out (Get Fresh At the Weekend) [7''Version],Mel & Kim
Far Away,Cut Copy
Stickwitu - Avant Mix,"The Pussycat Dolls, Avant"
Shake It Off,Taylor Swift
On Top,Johnny Ruffo
Happy Now,"Zedd, Elley Duhé"
Good Golly Miss Molly,Creedence Clearwater Revival
Thunderstruck,AC/DC
It's Hard to Be Humble,Mac Davis
Are You Gonna Be My Girl?,Jet
Please Forgive Me,Bryan Adams
Bad Memories,"MEDUZA, James Carter, Elley Duhé, FAST BOY"
human,Christina Perri
Breakaway,Kelly Clarkson
Modern Girl - 2014 Remastered Version,James Freud
Lovefool,The Cardigans
Let Me Love You (Until You Learn To Love Yourself),Ne-Yo
Candida,"The Dawn, Tony Orlando & Dawn"
"Eh, Eh (Nothing Else I Can Say)",Lady Gaga
Rip It Up,28 Days
GDFR (feat. Sage the Gemini & Lookas),"Flo Rida, Sage The Gemini, Lookas"
All Star,Smash Mouth
Beautiful to Me,Little Birdy
(Remember The Days Of The) Old Schoolyard,Yusuf / Cat Stevens
Rise & Fall,Justice Crew
Superheroes,The Script
Insensitive,Jann Arden
The Happiest Girl in the Whole U.S.A.,Donna Fargo
Brimful of Asha,Cornershop
That Don't Impress Me Much,Shania Twain
Anywhere,Passenger
All Night Long (All Night) - Single Version,Lionel Richie
Softly Whispering I Love You,Mike Curb Congregation
Walk Of Life,Dire Straits
TV In The Morning,DNCE
Regulate,"Warren G, Nate Dogg"
One (Remastered),Metallica
Everybody Loves Me But You,Brenda Lee
Purple Hat,Sofi Tukker
Too Close,Alex Clare
Into The Galaxy,Midnight Juggernauts
Boogie Woogie Bugle Boy,Bette Midler
Promiscuous,"Nelly Furtado, Timbaland"
Popcorn,Crazy Frog
Joy You Bring,Shaggy
When You Know,Robbie Williams
I Don't Care (with Justin Bieber),"Ed Sheeran, Justin Bieber"
Goodbye,Spice Girls
In the Year 2525 (Exordium & Terminus),Zager & Evans
Faded,Alan Walker
my ex's best friend (with blackbear),"mgk, blackbear"
,
You're My World (Il Mio Mondo) - Mono,Cilla Black
It's All Been Done,"Barenaked Ladies, Tom Lord-Alge"
King Of The Road,Roger Miller
Somebody To Love - Remastered 2011,Queen
Bodies,Robbie Williams
I'm a Mess,Bebe Rexha
Little Red Rooster,Sam Cooke
Chariots Of Fire,Vangelis
Wired for Sound - 2001 Remaster,Cliff Richard
Shine,Shannon Noll
Who Are You,The Who
Paradise,Bazzi
Spicks and Specks - 2012 Remaster,Bee Gees
Rock DJ,Robbie Williams
To Be With You,Mr. Big
When We Were Young,Adele
"Hello Muddah, Hello Fadduh! (A Letter from Camp)",Allan Sherman
Come Out and Play,The Offspring
Belfast Child - Remastered 2002,Simple Minds
Beast of Burden,Bette Midler
El Paso,Marty Robbins
Charlie Brown,Coldplay
Big Me,Foo Fighters
Every Time I Think of You,The Babys
Kissin' in the Back Row of the Movies,The Drifters
Long Live the Summer,Shannon Noll
Grace Kelly,MIKA
Take Back The City,Snow Patrol
"Right Here, Right Now",Fatboy Slim
Children Of The Revolution,T. Rex
You Raise Me Up,Westlife
You Give Love A Bad Name,Bon Jovi
Sky High,Jigsaw
Around the World (La La La La La) - Radio Version,"A Touch Of Class, Pete Konemann"
Pride and Joy,Normie Rowe
Hush Hush; Hush Hush,The Pussycat Dolls
Can't You See,The Marshall Tucker Band
Cigarettes Will Kill You,Ben Lee
Made You Look,Meghan Trainor
And I Love Her - Remastered,The Beatles
"Believe It or Not (Theme from ""Greatest American Hero"")",Joey Scarbury
Candle,Guy Sebastian
Alone,Alan Walker
Killing Me Softly With His Song,Fugees
The Way,Fastball
Boogie Wonderland (with The Emotions),"Earth\, Wind & Fire, The Emotions"
Oh (feat. Ludacris),"Ciara, Ludacris"
Addicted To Love - Remix,"Robert Palmer, Eric 'ET' Thorngren"
Never Be The Same Again - Single Mix,"Melanie C, Lisa ""Left Eye"" Lopes"
Love Will Never Do (Without You),Janet Jackson
Farewell Rocketship,Children Collide
Pretty Flamingo,Manfred Mann
Wake Me Up - Radio Edit,Avicii
Spin That Wheel - First Feel Mix,"Hi Tek 3, Ya Kid K"
What's Your Flava? - Radio Edit,Craig David
We Are Done,The Madden Brothers
No Particular Place To Go,Chuck Berry
Just A Little Bit Of Your Heart,Ariana Grande
I Don't Think So,Kelis
Streets,Doja Cat
My First Kiss (feat. Ke$ha),"3OH!3, Kesha"
Harlem Shake,Baauer
Gonna Make You a Star,David Essex
Touch,Noiseworks
Stop Me (feat. Daniel Merriweather),"Mark Ronson, Daniel Merriweather"
The Horses - 2017 Remastered,Daryl Braithwaite
"Tonight My Love, Tonight",Paul Anka
Play,"DR., Kaelo Mula, Big Steppa"
Lookin' Out My Back Door,Creedence Clearwater Revival
Without Me,Eminem
Give Me One Reason - 2015 Remaster,Tracy Chapman
Clark Griswold,"Hilltop Hoods, Adrian Eagle"
Champagne Showers,"LMFAO, Natalia Kills"
Jump Around,House Of Pain
California King Bed,Rihanna
Maneater,Daryl Hall & John Oates
Straight Lines,Silverchair
Unwell - 2007 Remaster,Matchbox Twenty
Wonderful Life,Black
Some Nights,fun.
Grenade - Acoustic,Bruno Mars
Do It With Madonna,The Androids
I Love You Always Forever,Betty Who
Best of You,Foo Fighters
Free Fallin',Tom Petty
Red Roses for a Blue Lady (Rerecorded),Vic Dana
Under The Water,Merril Bainbridge
She's The One,Robbie Williams
Don't You Know Who I Am? - Remastered,Small Mercies
Blue (Da Ba Dee) - DJ Ponte Ice Pop Radio,Eiffel 65
E.T.,"Katy Perry, Kanye West"
Brown Sugar - Remastered 2009,The Rolling Stones
Flowers,Miley Cyrus
Lay Back in the Arms of Someone,Smokie
Letter,Marques Houston
Chase the Sun,Planet Funk
The Real Thing,Russell Morris
"For All We Know - From ""Lovers And Other Strangers"" Soundtrack",Carpenters
New Sensation,INXS
Mad World,Tears For Fears
Skyfall,Adele
It Wasn't Me,"Shaggy, Rik Rok"
Nobody's Fool,Cinderella
Level of Concern,Twenty One Pilots
Bad Influence,P!nk
Lay Down Your Guns,Jimmy Barnes
A Swingin' Safari,Billy Vaughn
Jackie Chan,"Tiësto, Dzeko, Preme, Post Malone"
Jack & Diane,John Mellencamp
Don't Stop (Color on the Walls),Foster The People
Don't Stop Movin' - Radio Mix,"Livin' Joy, A. Manetta"
Rock On,David Essex
Reeling In The Years,Steely Dan
I'm Not Alone - Radio Edit,Calvin Harris
Love Is Like Oxygen,Sweet
imagine,Ariana Grande
Wheels,Foo Fighters
Theme from S-Express,S'Express
Damn I Wish I Was Your Lover,Sophie B. Hawkins
Down Again,The Superjesus
Kings & Queens,Ava Max
Ruby,Kaiser Chiefs
willow - dancing witch version (Elvira remix),"Taylor Swift, ELVIRA"
Georgia,Vance Joy
I'll Take You Home Again Kathleen,Lieutenant Pigeon
If I Were a Boy,Beyoncé
Slow,Kylie Minogue
Heaven & Hell - US Single Version,The Easybeats
Tightrope,WALK THE MOON
Omen,"Disclosure, Sam Smith"
Have You Ever Been in Love - 2010 Remastered Version,Leo Sayer
Don't Trust Me,3OH!3
One Chance To Dance,"Naughty Boy, Joe Jonas"
Ca plane pour moi,Plastic Bertrand
Lost It All,Birdy
Love Story,Taylor Swift
Heart-Shaped Box,Nirvana
Doctor Jones - Original Version,Aqua
Beatnik Fly,"Johnny & The Hurricanes, Johnny Paris"
Thunderstruck,Highway to Hell
Hold Me,Fleetwood Mac
Single Ladies (Put a Ring on It),Beyoncé
Never Gonna Give You Up,Rick Astley
Will You Be There (In The Morning),Heart
Beautiful Day,U2
What Lovers Do (feat. SZA),"Maroon 5, SZA"
Hit 'Em Up Style (Oops!),Blu Cantrell
Calypso,Spiderbait
Turn Me Loose (feat. Savage),"Young Divas, Savage"
Don't Cry - Remastered,Human Nature
I'm Real,Jennifer Lopez
Malibu Nights,LANY
Fools Gold - Remastered 2009,The Stone Roses
I Get a Kick Out of You,Gary Shearston
Abuse Me,Silverchair
Break Up Song,Little Mix
Ice Ice Baby,Vanilla Ice
The Ballad of Mona Lisa,Panic! At The Disco
Day 'N' Nite,"Kid Cudi, Crookers"
Riptide,Vance Joy
Devil Inside,INXS
Royals,Lorde
The Special Two,Missy Higgins
The Longest Time,Billy Joel
Heartbreaker (feat. Jay-Z),"Mariah Carey, JAY-Z"
Circus - Remastered,Britney Spears
Down,"Jay Sean, Lil Wayne"
Listen With Your Heart,Casey Donovan
No Rain,Blind Melon
Tell Her About It,Billy Joel
I Like It Like That (feat. New Boyz),"Hot Chelle Rae, New Boyz"
Love Sex Magic (feat. Justin Timberlake),"Ciara, Justin Timberlake"
Touch It,Monifah
Everytime,Britney Spears
Can I Get A Witness,"Sam Brown, Pete Brown"
Wooden Heart,Joe Dowell
You Keep Me Hangin' On,The Supremes
Tutti Frutti,Little Richard
Everybody's Fool,Evanescence
Sunroof,"Nicky Youre, dazy"
Be Alright,Ariana Grande
Never Let You Go,Evermore
That's the Way It Is,Céline Dion
Jerk It Out,Caesars
We Belong,Pat Benatar
Mr Mysterious - Single Version,"Vanessa Amorosi, Seany B"
Escaping,Margaret Urlich
Time of Our Lives,"Pitbull, Ne-Yo"
Kentucky Rain,Elvis Presley
If I Ain't Got You,Alicia Keys
One,Harry Nilsson
Magic,Ladyhawke
Said I Loved You...But I Lied,Michael Bolton
Fly Me To The Moon,"Frank Sinatra, Count Basie"
Two of Hearts,Stacey Q
Give Me Everything (feat. Nayer),"Pitbull, AFROJACK, Ne-Yo, Nayer"
All For You,Keith Urban
Planets,Short Stack
We Don't Talk Anymore - 2001 Remaster,Cliff Richard
Hideaway,Kiesza
See the Day,Dee C. Lee
Come to Me (feat. Nicole Scherzinger),"Diddy, Nicole Scherzinger"
Breaking Up the Girl - Remastered 2021,Garbage
"Puff, the Magic Dragon","Peter\, Paul and Mary"
Stimulation,Wa Wa Nee
Ladies Night - Single Version,Kool & The Gang
Straight Back Down,Dean Lewis
Where Do Broken Hearts Go,Whitney Houston
Don't Be so Hard on Yourself,Jess Glynne
The Star,Ross D. Wylie
Logic,Operator Please
OK Not To Be OK,"Marshmello, Demi Lovato"
Mo Money Mo Problems,"The Notorious B.I.G., Mase, Diddy"
Save Your Kisses For Me,Brotherhood of Man
Teardrop,"Massive Attack, Elizabeth Fraser"
I Feel Love,Donna Summer
How Do You Sleep?,Sam Smith
Sucker DJ (I Will Survive),Dimples D.
So Good (feat. Ty Dolla $ign),"Zara Larsson, Ty Dolla $ign"
(Everything I Do) I Do It For You,Bryan Adams
Your Love Still Brings Me To My Knees,Marcia Hines
Girl On Fire (feat. Nicki Minaj) - Inferno Version,"Alicia Keys, Nicki Minaj"
"I'm Not a Girl, Not Yet a Woman",Britney Spears
Despacito - Remix,"Luis Fonsi, Daddy Yankee, Justin Bieber"
Something New,"Axwell /\ Ingrosso, Axwell, Sebastian Ingrosso"
drivers license,Olivia Rodrigo
She Wolf (Falling to Pieces) [feat. Sia],"David Guetta, Sia"
This Girl - Kungs Vs. Cookin' On 3 Burners,"Kungs, Cookin' On 3 Burners"
Part 3 Into Paper Walls,Russell Morris
It's Like That,"Run–D.M.C., Jason Nevins"
Soldier Boy,The Shirelles
Travelin' Man - Remastered,Ricky Nelson
Have A Nice Day,Bon Jovi
California Blue,Roy Orbison
Back Street Pick Up,The Angels
Why Can't This Be Love,Van Halen
Falling Up,Dean Lewis
I Love You More and More Every Day - Remastered,Al Martino
Midnight Memories,One Direction
The Reason,Hoobastank
Time (Clock Of The Heart) - Remastered 2003,Culture Club
See You Again (feat. Charlie Puth),"Wiz Khalifa, Charlie Puth"
Price Tag,"Jessie J, B.o.B"
Eyes Closed,Ed Sheeran
How To Be Lonely,Rita Ora
Beating Heart,Ellie Goulding
Let The Four Winds Blow - Remastered 2002,Fats Domino
How Do You Do It? - Mono,Gerry & The Pacemakers
BED,"Joel Corry, RAYE, David Guetta"
Escape (The Pina Colada Song),Rupert Holmes
Hurts So Good,Astrid S
bury a friend,Billie Eilish
Prisoner of Society,Freedom Under XRay
A-Punk,Vampire Weekend
Mission Bell,Donnie Brooks
Saturday Night at the Movies,The Drifters
Bad Medicine,Bon Jovi
Daydream Believer,The Monkees
Living In A Child's Dream,The Master's Apprentices
Love An Adventure,Pseudo Echo
Kissin' Cousins - 2003 Sony Remaster,"Elvis Presley, The Jordanaires"
Unbelievable,EMF
Run to You,Whitney Houston
Hell No!,Ricki-Lee
"I Can't Help Myself (Sugar Pie, Honey Bunch)",Four Tops
Reuben James,Kenny Rogers & The First Edition
"Flashlight - From ""Pitch Perfect 2"" Soundtrack",Jessie J
I Wanna Be the Only One (feat. Bebe Winans),"Eternal, Bebe Winans"
Hungry Like the Wolf - 2009 Remaster,Duran Duran
Coz I Luv You,Slade
Somebody Dance with Me,DJ BoBo
Blame It on Me,George Ezra
Apeman - 2014 Remastered Version,The Kinks
Lily Was Here (feat. Candy Dulfer),"Dave Stewart, Candy Dulfer"
Turn Me On (feat. Nicki Minaj),"David Guetta, Nicki Minaj"
Where Or When,Dion & The Belmonts
My Own Way - 2009 Remaster,Duran Duran
I Miss You (feat. Julia Michaels),"Clean Bandit, Julia Michaels"
Rock & Roll I Gave You The Best Years Of My Life,Kevin Johnson
Because I Love You (The Postman Song),Stevie B
Let Go,Brian Cadd
Sealed with a Kiss,Bobby Vinton
Omen - Radio Edit,"Disclosure, Sam Smith"
The Loco-Motion,Little Eva
edamame,"bbno$, Rich Brian"
Redbone,Childish Gambino
Ben - Single Version,Michael Jackson
The Zephyr Song,Red Hot Chili Peppers
Under Pressure - Remastered 2011,"Queen, David Bowie"
The Buzz (feat. Mataya & Young Tapz),"Hermitude, Mataya, TAPZ GALLANTINO"
Mustang Sally,"The Commitments, Andrew Strong"
"Me, Myself & I","G-Eazy, Bebe Rexha"
Hurricane,Parachute
Body II Body,Samantha Mumba
Centuries,Fall Out Boy
Señorita,Justin Timberlake
Love & Pride,King
Original Sin,INXS
Body,"Loud Luxury, Brando"
The Business,Tiësto
You Ain't Seen Nothing Yet,Bachman-Turner Overdrive
Dakota,Stereophonics
Blackout,Breathe Carolina
The Sound Of Breaking Up,Paul Mac
Thrift Shop (feat. Wanz),"Macklemore & Ryan Lewis, Macklemore, Ryan Lewis, Wanz"
Gold,Kiiara
Paris,The Chainsmokers
Tragedy,Steps
The Show,Lenka
Psycho,Mia Rodriguez
One Perfect Day,The Little Heroes
Hey Joe,Jimi Hendrix
Nobody but Me,Michael Bublé
The Power Of Love,Huey Lewis & The News
Say So,Doja Cat
The Best We Got,The Rubens
Higher Ground,Stevie Wonder
Glory Days,Bruce Springsteen
Ring My Bell,Collette
Try to Remember,New World
Can't You See That She's Mine - 2019 - Remaster,The Dave Clark Five
I Wanna Love You Forever,Jessica Simpson
"Shout, Pts. 1 & 2",The Isley Brothers
Hey There Lonely Girl,Shaun Cassidy
Mr. Know It All,Kelly Clarkson
Harder to Breathe,"Love\, Marco"
If I Were A Carpenter,Swanee
It's a Heartache,Bonnie Tyler
This Ole House,Shakin' Stevens
I'd Do Anything For Love (But I Won't Do That) - Single Edit,Meat Loaf
Always,"Waze & Odyssey, George Michael, Mary J. Blige, Tommy Theo"
Love Again,Dua Lipa
With Ur Love (feat. Mike Posner),"Cher Lloyd, Mike Posner"
Only for Sheep,The Bureau
You Can't Always Get What You Want,The Rolling Stones
Breakaway,Kelly Clarkson
Style,WickedStranger
Instruction,"Jax Jones, Demi Lovato, Stefflon Don"
Fast Fuse,Kasabian
Fast Car,Luke Combs
Sweet Surrender,Wet Wet Wet
Poison & Wine,The Civil Wars
"Lemonade (feat. Gunna, Don Toliver & NAV)","Internet Money, Gunna, Don Toliver, NAV"
Blue (Da Ba Dee),Eiffel 65
Light My Fire,Amii Stewart
Flashing Lights,Havana Brown
From a Distance,Bette Midler
Ring Of Fire,Eric Burdon & the Animals
Hello Mary Lou (Goodbye Heart),Ricky Nelson
I Remember You,Skid Row
Post Malone (feat. RANI),"Sam Feldt, RANI"
If U Seek Amy,Britney Spears
He Ain't Heavy He's My Brother,The Hollies
Breaking up Is Hard to Do,The Partridge Family
Baby Blue,The Echoes
Bang Bang,"Rita Ora, Imanbek"
On & On,Illy
Mouldy Old Dough,Lieutenant Pigeon
You Found Me,The Fray
Clocks,Coldplay
Only Girl (In The World),Rihanna
What's New Pussycat?,Tom Jones
Officially Missing You,Tamia
Love Shack,The B-52's
If You Don't Mean It,Dean Geyer
Stay Awake - Radio Edit,Example
We Connect,Stacey Q
"Back in Time - featured in ""Men In Black 3""",Pitbull
Back for Good - Radio Mix,Take That
Radioactive,Imagine Dragons
Tribal Dance,2 Unlimited
Let's Go,The Cars
Down Among The Dead Men,Flash and the Pan
Peppermint Twist,Sweet
If I Knew,Bruno Mars
The Flame,Cheap Trick
Check On It (feat. Bun B & Slim Thug),"Beyoncé, Bun B, Slim Thug"
Almost Is Never Enough,"Ariana Grande, Nathan Sykes"
You're An Ocean,Fastball
True - Single Edit,Spandau Ballet
Wild Thing,The Troggs
Party Girl,StaySolidRocky
Raining In My Heart,"Buddy Holly, The Crickets"
Right Round (feat. Ke$ha),"Flo Rida, Kesha"
Mr. Perfectly Fine (Taylor’s Version) (From The Vault),Taylor Swift
Dirty Deeds Done Dirt Cheap,AC/DC
Attracting Flies,AlunaGeorge
Solo Dance,Martin Jensen
Superheroes,The Script
Sunday Morning Coming Down - Live,Johnny Cash
(Glad I'm Not) a Kennedy,Shona Laing
No One Knows,Queens of the Stone Age
Call on Me - Radio Mix,Eric Prydz
Do to You,Machinations
Rock Me Amadeus,Falco
Quicksand - Standard Version,La Roux
Rude,MAGIC!
I Shot The Sheriff,Eric Clapton
Let's Kiss (Like Angels Do),Wendy Matthews
And I Am Telling You (with Nicole Scherzinger),"Sam Bailey, Nicole Scherzinger"
Hold Me Now,Thompson Twins
Sheila,Tommy Roe
Long As I Live,Toni Braxton
Blame (feat. John Newman),"Calvin Harris, John Newman"
She Is,Lady A
Give It Up,Cut 'N' Move
Global Concepts,Robert DeLong
When You're Gone,Avril Lavigne
Nothin' But A Good Time - Remastered 2006,Poison
Sweet Dreams,La Bouche
Mr. Jones,Counting Crows
The Sign,Ace of Base
Can't Buy Me Love - Remastered 2009,The Beatles
Good For You,"Selena Gomez, A$AP Rocky"
Don't Miss You,Amy Pearson
Peace Train,Yusuf / Cat Stevens
You're the Voice,John Farnham
Who's Gonna Save Us?,The Living End
Fade To Grey,Visage
Keep Searchin' (We'll Follow the Sun),Del Shannon
Sukiyaki,4 P.M.
Hard Times,Paramore
More Than We Know,Alicia Keys
Shut Up!,Simple Plan
I Want It That Way,Backstreet Boys
Purpose,Justin Bieber
Psycho,Puddle Of Mudd
My Baby Loves Lovin',White Plains
Only Love Can Hurt Like This,Paloma Faith
Working Class Man,Jimmy Barnes
Hot Chilli Woman,Noiseworks
To All the Girls I've Loved Before (with Willie Nelson),"Julio Iglesias, Willie Nelson"
Busted,Claes Janson
You Beat Me To The Punch - Stereo Version,Mary Wells
2 Become 1,Spice Girls
Rock and Roll (Part 1),Gary Glitter
Eye of the Tiger,Survivor
The Day You Went Away,Wendy Matthews
"Boom, Boom, Boom, Boom! !",Vengaboys
Slide,The Goo Goo Dolls
Wherever I Go,OneRepublic
Hey St. Peter,Flash and the Pan
You Got It (The Right Stuff),New Kids On The Block
1973,James Blunt
Symphonies feat Kid Cudi,Dan Black
Angels,Robbie Williams
You've Made Me So Very Happy,"Blood\, Sweat & Tears"
Play That Funky Music,Vanilla Ice
Dueling Banjos,"Eric Weissberg, Steve Mandell"
And I Love You So,Perry Como
Surfin' U.S.A. - Remastered 2001,The Beach Boys
Bohemian Like You,The Dandy Warhols
The Hustle,Van McCoy & The Soul City Symphony
Slave To The Music,Twenty 4 Seven
Almost Persuaded,George Jones
Two Of Us,Birds Of Tokyo
Theme from Rush,Brian May & The ABC Showband
How Long Will I Love You - Bonus Track,Ellie Goulding
Surfin' Bird,The Trashmen
TiK ToK,Kesha
Rehab,Amy Winehouse
Style,Taylor Swift
Its A Miracle - Remastered 2012,Culture Club
Sealed with a Kiss,Jason Donovan
Whistle (While You Work It),Katy Tiz
Don't Start Now,Dua Lipa
NO,Meghan Trainor
All at Once,Whitney Houston
You should be sad,Halsey
Viva Las Vegas,Elvis Presley
Masterpiece,Jessie J
Sail,AWOLNATION
+1 (Radio Edit) [feat. Sam White],"Martin Solveig, SAM WHITE"
Don't Forget About Us,Mariah Carey
Chase That Feeling,Hilltop Hoods
Shut Up and Dance,WALK THE MOON
Forever Young,Youth Group
I Love To Love,La Bouche
Boys In Town,Divinyls
All I Have (feat. LL Cool J),"Jennifer Lopez, LL COOL J"
Never Tear Us Apart,INXS
Disturbia,Rihanna
I Am...I Said - Single Version,Neil Diamond
The Power of Love,Gabrielle Aplin
Live And Let Die,Guns N' Roses
Don't Leave Me This Way,Thelma Houston
"Take Me Home, Country Roads - Rerecorded",John Denver
Mr. Bojangles - Remastered 2001,Nitty Gritty Dirt Band
I Cry,Flo Rida
I Know,Barbara George
Build Me up Buttercup (Re-Recorded),The Foundations
Hate That I Love You,"Rihanna, Ne-Yo"
24K Magic,Bruno Mars
Real World,Matchbox Twenty
Ain't No Doubt,Jimmy Nail
Money (That's What I Want) - Single Version / Mono,Barrett Strong
The Fear,Lily Allen
(I Just) Died In Your Arms,Cutting Crew
NDA,Billie Eilish
It Should Have Been Me,Yvonne Fair
deja vu,Olivia Rodrigo
Blue Jeans - 2015 Remaster,Skyhooks
Ashes to Ashes,Faith No More
That Ain't Bad,Ratcat
She Makes My Day,Robert Palmer
Burning Up,Madonna
Into The Night,Benny Mardones
Drag Me Down,One Direction
"Can You Feel It - 7"" Version",The Jacksons
The Ballad of Bonnie & Clyde,Georgie Fame
On The Floor - Radio Edit,"Jennifer Lopez, Pitbull"
Lean On (feat. MØ & DJ Snake),"Major Lazer, MØ, DJ Snake"
Some Nights,fun.
Upside Down,Diana Ross
Thrift Shop (feat. Wanz),"Macklemore & Ryan Lewis, Wanz"
Savage,Megan Thee Stallion
DARE,Gorillaz
I Want To Hold Your Hand - Remastered 2015,The Beatles
Call Me When You're Sober,Evanescence
Amigo,Caramel Blue
Go Crazy,"Chris Brown, Young Thug"
Star Wars Theme/Cantina Band,Meco
One Last Cry,Brian McKnight
Feel Like Making Love,Bad Company
Burn For You,INXS
Mountain Sound,Of Monsters and Men
How We Do (Party),Rita Ora
He's so Shy,The Pointer Sisters
The Wedding,Julie Rogers
All I Am,Jess Glynne
Love My Way,The Psychedelic Furs
Build Me Up Buttercup,The Foundations
We Run The Night,Havana Brown
You Are Not Alone - Single Version,Michael Jackson
Change the World - 2015 Remaster,Eric Clapton
You Are The Reason,Calum Scott
Hurt,Timi Yuro
Shackles (Praise You),Mary Mary
Astronaut In The Ocean,Masked Wolf
I Won't Give Up,Jason Mraz
You Are Everything,"The Stylistics, Russell Thompkins\, Jr."
Puppet On A String,Sandie Shaw
Flaws,Bastille
If I Can't Have You,Kim Wilde
Loud Like Love,Placebo
Right Here - Human Nature Radio Mix,SWV
Make Me Lose Control,Eric Carmen
Eat It,"""Weird Al"" Yankovic"
"That Sunday, That Summer",Nat King Cole
Stone Cold Sober,Paloma Faith
Nothing's Gonna Change My Love for You,Glenn Medeiros
Where's Your Head At,Basement Jaxx
The Cave,Mumford & Sons
She's Like A Comet,Jebediah
Never Ending Song of Love,Delaney & Bonnie
Beds Are Burning - Remastered,Midnight Oil
Don't Wanna Go to Bed Now,Gabriella Cilmi
Shot Through The Heart,Bon Jovi
Mowgli's Road,MARINA
Anyone Who Had a Heart,Dionne Warwick
Superstar (feat. Matthew Santos),"Lupe Fiasco, Matthew Santos"
Get Up Offa That Thing,James Brown
a thousand years,Christina Perri
Rubberneckin' - Paul Oakenfold Remix / Radio Edit,Elvis Presley
Annie's Song,John Denver
Bless You,Tony Orlando
Chicken Fried,Zac Brown Band
Big Yellow Taxi,"Counting Crows, Vanessa Carlton"
We've Got Tonight,"Lulu, Ronan Keating"
All the Wrong Places - Radio Edit,Example
Heaven Is A Place On Earth,Belinda Carlisle
80s Mercedes,Maren Morris
Everybody Talks,Neon Trees
One Week,Barenaked Ladies
Angel Eyes,Paulini
If You're Not The One,Daniel Bedingfield
You're So Strong,Mental As Anything
(I Can't Get No) Satisfaction - Mono Version / Remastered 2002,The Rolling Stones
Promises (with Sam Smith),"Calvin Harris, Sam Smith, Jessie Reyez"
Somethin' Stupid,"Frank Sinatra, Nancy Sinatra"
Never Tear Us Apart,INXS
Make Me (Cry),"Noah Cyrus, Labrinth"
Stay Awake,Dean Lewis
Before Too Long,"Paul Kelly, The Messengers"
Bon appétit,"Katy Perry, Migos"
He Walks Like A Man,Jody Miller
O Yeah,End Of Fashion
Should I Stay or Should I Go - Remastered,The Clash
O.P.P.,Naughty By Nature
Runaway Train (2022 Remaster),Soul Asylum
Blow Up The Pokies,The Whitlams
Sad Movies Make Me Cry,Sue Thompson
IDGAF,Dua Lipa
Mr. Big Stuff,Jean Knight
Happy Ending,MIKA
The Feeling,"Justin Bieber, Halsey"
"Hey Baby (Uhh, ahh)","Anton, DJ Ötzi"
Sunday Bloody Sunday,U2
2 Be Loved (Am I Ready),Lizzo
Stop,Spice Girls
Bitter Sweet Symphony,The Verve
Candy Shop,"50 Cent, Olivia"
Mrs Brown You've Got a Lovely Daughter - 1997 Remaster,Herman's Hermits
Believe,Lenny Kravitz
Poison Ivy,Billy Thorpe & The Aztecs
Next To Me,Emeli Sandé
Talk Dirty (feat. 2 Chainz),"Jason Derulo, 2 Chainz"
Somebody That I Used To Know,"Gotye, Kimbra"
Sweet Sweet Love - Radio Edit,Russell Morris
I Hear Motion,Models
Own This Club,Marvin Priest
I Love Rock 'N Roll,Joan Jett & the Blackhearts
Fool in Love,Jeff St John
The Crusher,The Atlantics
Lost Cause,Billie Eilish
Raise Your Glass,P!nk
You've Never Been This Far Before,Conway Twitty
Right On Track,Breakfast Club
The Safety Dance,Men Without Hats
Younger Now,Miley Cyrus
After All These Years,Silverchair
"Downtown (feat. Melle Mel, Grandmaster Caz, Kool Moe Dee & Eric Nally)","Macklemore & Ryan Lewis, Macklemore, Ryan Lewis, Grandmaster Melle Mel, Grandmaster Caz, Kool Moe Dee, Eric Nally"
Hallelujah,Alicia Keys
Read About It - Remastered Version,Midnight Oil
Be the One,Dua Lipa
Slow Hand,The Pointer Sisters
Slipping Away,"Max Merritt, The Meteors"
Up All Night,Khalid
Black & Gold - Radio Edit,Sam Sparro
Knockin' On Heaven's Door,Guns N' Roses
Supalonely,"BENEE, Gus Dapperton"
I Want To Know What Love Is - Single Edit,Tina Arena
The Belle of St. Mark,Sheila E.
Sweet Soul Music,Arthur Conley
Church Of The Poison Mind - Remastered 2002,Culture Club
Sugar Man,"Yolanda Be Cool, DCup"
Close,"Nick Jonas, Tove Lo"
Maggie May,Rod Stewart
In the Midnight Hour,Ray Brown And The Whispers
Sorry,The Easybeats
Rise & Fall (feat. Sting),"Craig David, Sting"
More Money for You and Me - Medley,The Four Preps
On Top Of The World,Imagine Dragons
Lay Low,Tiësto
Need You Now,Lady A
Karma Chameleon - Remastered 2002,Culture Club
Get Down (feat. Stush & Red Rat) - Radio Edit,"Groove Armada, Stush, Red Rat"
Burning Bridges,Jack Scott
Something Good,Utah Saints
Uprising,Muse
Eastside (with Halsey & Khalid),"benny blanco, Halsey, Khalid"
Islands In The Stream,Kenny Rogers with Dolly Parton
When We Were Young,"Andy Black, Juliet Simms"
I Like That,"Houston, Chingy, I-20, Nate Dogg"
Battlefield,Jordin Sparks
Touch The Fire,ICEHOUSE
What Lovers Do (feat. SZA),"Maroon 5, SZA"
Notion,Kings of Leon
Al di là,Emilio Pericoli
Higher,"Taio Cruz, Kylie Minogue"
Don't Let the Sun Go Down on Me,"George Michael, Elton John"
All Stars,"Martin Solveig, ALMA"
From the Inside,Marcia Hines
Stuck In The Middle With You,Stealers Wheel
Hit Me With Your Rhythm Stick,"Ian Dury, The Blockheads"
Mad About You,Bruce Ruffin
Seasons,Olly Murs
Friends & Lovers,"Gloria Loring, Carl Anderson"
Shivers,The Screaming Jets
Thong Song,Sisqo
The Tide Is High - Radio Mix,Atomic Kitten
Green Tambourine,The Lemon Pipers
Now That We Found Love,"Heavy D & The Boyz, Aaron Hall"
"No More ""I Love You's""",Annie Lennox
Need You Tonight,INXS
Everything Has Changed,"Taylor Swift, Ed Sheeran"
Feelings,Morris Albert
Learning To Fly,Tom Petty and the Heartbreakers
When We Were Young,Adele
Wide Open Road,The Triffids
Hearts On Fire,Cut Copy
Is This How You Feel?,The Preatures
I Won't Tell a Soul,Charlie Puth
Sunsets,Powderfinger
Nobody I Know - Mono; 2002 Remaster,Peter And Gordon
Burn It Down,Ricki-Lee
Let Me Drink (feat. The Hamiltones & Wale),"Guy Sebastian, The HamilTones, Wale"
Randy Scouse Git,The Monkees
Rivers of Babylon,Boney M.
Touch,Shift K3Y
This One's for You (feat. Zara Larsson) (Official Song UEFA EURO 2016),"David Guetta, Zara Larsson"
In The Hall Of The Mountain King,The Offspring
Whole Lotta Love - 1990 Remaster,Led Zeppelin
Find You (feat. Jake Reese),"Topic, Jake Reese"
20 Good Reasons,Thirsty Merc
You Promised Me,In-Grid
Moonlight Shadow - Remastered,Mike Oldfield
Mickey,Toni Basil
Stone Cold,Jimmy Barnes
Georgia On My Mind,Ray Charles
Hot In Herre,Nelly
One,Ed Sheeran
Remember the Time,Michael Jackson
Stand by Me,Otis Redding
It's Probably Me,"Sting, Eric Clapton"
You Needed Me,Boyzone
Rubber Ball - (1990 - Remastered),Bobby Vee
Heaven Knows,Rick Price
Mother,Charlie Puth
I Wanna Know,"Alesso, Nico & Vinz"
Treatment,Labrinth
Physical,Dua Lipa
Spiderwebs,No Doubt
Bam Bam (feat. Ed Sheeran),"Camila Cabello, Ed Sheeran"
Prisoner (feat. Dua Lipa),"Miley Cyrus, Dua Lipa"
I Send A Message,INXS
Fallin' For You,Colbie Caillat
MONTERO (Call Me By Your Name),Lil Nas X
What Do You Mean?,Justin Bieber
Something Just Like This,"The Chainsmokers, Coldplay"
Stop And Stare,OneRepublic
It Ain't Me,"Kygo, Selena Gomez"
Somebody to Love,Jefferson Airplane
Shadows,Midnight Juggernauts
"1, 2 Step (feat. Missy Elliott)","Ciara, Missy Elliott"
Lean On (feat. MØ & DJ Snake),"Major Lazer, MØ, DJ Snake"
The High Road,Broken Bells
Legs - 2008 Remaster,ZZ Top
Scarborough Fair/Canticle - Original,Sergio Mendes & Brasil '66
Paperback Writer - Remastered 2009,The Beatles
Show No Mercy,Mark Williams
Him & I (with Halsey),"G-Eazy, Halsey"
You Don't Know Me (feat. Duane Harden) - Radio Edit,"Armand Van Helden, Duane Harden"
Heavensent,Killing Heidi
Throw Your Arms Around Me,Hunters & Collectors
Kernkraft 400,Zombie Nation
Run It!,"Chris Brown, Juelz Santana"
My Delirium,Ladyhawke
Joyride - Single Version,Roxette
"Hello, Dolly!",Louis Armstrong
Superstar,"Tim Rice, Andrew Lloyd Webber, Murray Head, The Trinidad Singers"
Follow You,Imagine Dragons
Hey Now,"Martin Solveig, The Cataracs, KYLE"
Sisters Are Doin' It for Themselves - Remastered Version,"Eurythmics, Annie Lennox, Dave Stewart, Aretha Franklin"
Cradle of Love,Billy Idol
A Million to One,Jimmy Charles
Stronger,Britney Spears
Killing Me Softly With His Song,"Fugees, Ms. Lauryn Hill, Wyclef Jean, Pras"
Green Green Grass Of Home,Tom Jones
I've Gotta Get A Message To You,Bee Gees
Bom Bom - Radio Edit,Sam And The Womp
Around The World,Aqua
Born Slippy (Nuxx) - Radio Edit,Underworld
All Along the Watchtower,Jimi Hendrix
Have A Little Faith In Me,John Hiatt
All Torn Down,The Living End
Leaving Your Keys,Fakebitcheshero
Big When I Was Little,Eliza Doolittle
My True Story,The Jive Five
My Best Friend's Girl,The Cars
Wonderful Life,Hurts
Make Me Smile (Come up and See Me) - 2014 Remaster,"Steve Harley, Steve Harley & Cockney Rebel"
Already Gone,Powderfinger
I'm Your Man,Wham!
Old Time Rock & Roll,Bob Seger
Better Now,Post Malone
The Only Thing That Looks Good On Me Is You,Bryan Adams
Break My Heart,Dua Lipa
Skippin',Mario
Push It,Salt-N-Pepa
Stronger (What Doesn't Kill You),Kelly Clarkson
You Are The Reason,Calum Scott
Not Afraid,Eminem
You - Remastered,Marcia Hines
"Yester-Me, Yester-You, Yesterday",Stevie Wonder
Run To The Water,Live
Inside Outside,Sophie Monk
Pash,Kate Ceberano
Times Like These,Foo Fighters
My Place - Album Version / Explicit,"Nelly, Jaheim"
Never Be Like You,"Flume, kai"
Love At First Night,Kim Hart
Russians,Sting
Bumble Bee - Mono Version,The Searchers
Riders on the Storm,The Doors
All of Me,John Legend
Too Young For Promises,Koo De Tah
(I Just) Died In Your Arms,Cutting Crew
Never Give Up,Sia
Sylvia's Mother,Dr. Hook
Lanterns - Single Version,Birds Of Tokyo
Dreamworld,Midnight Oil
Twilight Zone,Golden Earring
Put Your Hands Up For Detroit,Fedde Le Grand
To Love Somebody,Michael Bolton
Sorry,Toni Braxton
Baby Sittin' Boogie - Radio Version,Buzz Clifford
Zebra,John Butler Trio
Everything I Own,Boy George
Walls,Flowers
Waterfalls,TLC
Lose Control (feat. Ciara & Fat Man Scoop),"Missy Elliott, Ciara, Fatman Scoop"
Let It Hurt,Rascal Flatts
Too Funky - Remastered 2006,George Michael
Savage Love (Laxed - Siren Beat),"Jawsh 685, Jason Derulo"
All In My Head (Flex) (feat. Fetty Wap),"Fifth Harmony, Fetty Wap"
Hero (feat. Josey Scott),"Chad Kroeger, Josey Scott"
Spinning Around,Kylie Minogue
No Love,"Eminem, Lil Wayne"
A Sky Full of Stars,Coldplay
Give Me the Night,George Benson
Hundred Miles,"YALL, Gabriela Richardson"
Sad Girl Summer,Maisie Peters
The Other,Lauv
all the good girls go to hell,Billie Eilish
Summer Love,Sherbet
vampire,Olivia Rodrigo
Keep Your Hands Off My Girl,Good Charlotte
Free Ride,The Edgar Winter Group
Wedding Song - There Is Love,Petula Clark
Strong,London Grammar
Better Than Me,Hinder
Dance The Night - From Barbie The Album,Dua Lipa
Not Afraid,Eminem
Ramblin' Rose,Nat King Cole
God's Plan,Drake
Do The Bartman,The Simpsons
Start Again,Conrad Sewell
Umbrella,"Rihanna, JAY-Z"
Our Way Home,Optacure
The Pretender,Foo Fighters
Twistin' the Night Away,Sam Cooke
Thank God I'm A Country Boy,Hampton The Hampster
Sink the Bismark,Johnny Horton
"Doin' The Do - 7"" Radio Mix",Betty Boo
Some Kind of Bliss - Radio Edit,Kylie Minogue
UFO (Radio Edit),Sneaky Sound System
DONTTRUSTME,3OH!3
Side Effects,"Becky Hill, Lewis Thompson"
I Want Your Love,Transvision Vamp
Pink Cadillac,Natalie Cole
Starlight,Muse
Alive,Dami Im
Breakout,Swing Out Sister
Ma Belle Amie - US Version,Tee-Set
Grace Kelly,MIKA
Things Can Only Get Better,D:Ream
I'm Gonna Miss You,Milli Vanilli
Escapee,Architecture In Helsinki
"Fallin' - Original Song from the TV Series ""The Secret Daughter""",Jessica Mauboy
Should've Known Better,"Richard Marx, David Cole"
Delta Dawn,Helen Reddy
You Make Me,Avicii
Time Is Tight,Booker T. & the M.G.'s
So Into You,Tamia
Let Me Love You,Mario
Whatcha Say,Jason Derulo
You Belong With Me,Taylor Swift
No Shame,5 Seconds of Summer
No Surprises,Radiohead
On the Beach - 1998 Remaster,Cliff Richard & The Shadows
16,Sneaky Sound System
Payphone,"Maroon 5, Wiz Khalifa"
Who Knew,P!nk
That'll Be The Day - Decca Version,Buddy Holly
Single Soon,Selena Gomez
Take Five,The Dave Brubeck Quartet
September,"Earth\, Wind & Fire"
More Than A Woman,Bee Gees
Holy (feat. Chance The Rapper),"Justin Bieber, Chance the Rapper"
Good Life (with G-Eazy & Kehlani),"G-Eazy, Kehlani"
Ass Back Home (feat. Neon Hitch),"Gym Class Heroes, Neon Hitch"
(I Can't Help) Falling In Love With You,UB40
Holiday,Vampire Weekend
Universally Speaking,Red Hot Chili Peppers
I Want That Man,Debbie Harry
Change Your Life,Little Mix
UP!,Samantha Jade
Almost Here (Duet with Brian McFadden) (with Brian McFadden),"Delta Goodrem, Brian McFadden"
"Painted, Tainted Rose",Al Martino
Doctor Jones,Aqua
Without Me,Eminem
Look at Me,Geri Halliwell
FWMGAB,French Montana
Don't Go Now,Ratcat
I Love Your Smile,Shanice
Mr. America,Russell Morris
Butterfly,Crazy Town
Come And Get These Memories - Single Version (Mono),Martha Reeves & The Vandellas
We Are Never Ever Getting Back Together,Taylor Swift
Get 'Em Girls (feat. Snoop Dogg),"Jessica Mauboy, Snoop Dogg"
Radio Ga Ga - Remastered 2011,Queen
Rockin' Robin,The Henchmen
Music Sounds Better With You,"Stardust, Benjamin Diamond, Alan Braxe, Thomas Bangalter"
Tainted Love,Soft Cell
The Greatest View,Silverchair
Fallin' in Love - Live,Rocky Burnette
Titanium (feat. Sia),"David Guetta, Sia"
Bohemian Like You,The Dandy Warhols
What Is Truth,Johnny Cash
All I Wanna Do,Dannii Minogue
Take A Long Line,The Angels
Treat You Better,Shawn Mendes
Like a Killer,Sammi Elston
Don't Look Back in Anger - Remastered,Oasis
Prada,"cassö, RAYE, D-Block Europe"
Anyone,Justin Bieber
Pasadena,John Paul Young
Mr. Bojangles,Neil Diamond
Listen to the Man,George Ezra
Your Love,The Outfield
Hands Of Love,Miley Cyrus
21 Questions,"50 Cent, Nate Dogg"
Young World - Remastered 2005,Ricky Nelson
Ride It,Regard
Somebody Like You,Keith Urban
Stay With Me - Darkchild Version,Sam Smith
Stuck With You,Huey Lewis & The News
Black Suits Comin' (Nod Ya Head),"Will Smith, Traknox"
Hold Me Close,David Essex
Magical Mystery Tour - Remastered 2009,The Beatles
Because,Jessica Mauboy
I Want You Back - Radio Edit,*NSYNC
Radio - Remastered,The Members
Stand Tall,Burton Cummings
Can the Can,Suzi Quatro
Without You,Johnny Tillotson
Always,Bon Jovi
I'll Be Missing You (feat. Faith Evans & 112) - 2014 Remaster,"Diddy, 112, Faith Evans"
Don’t Stop The Party,Black Eyed Peas
I Believe I Can Fly,R. Kelly
Don't Go,Yazoo
Witchcraft,Pendulum
You've Lost That Lovin' Feelin' - 2006 Digital Remaster,Long John Baldry
House of the Rising Sun,The Animals
The Best Things in Life Are Free,Superstar
Give It To Me - Radio Edit,"Timbaland, Justin Timberlake, Nelly Furtado"
Somethin' 4 Da Honeyz,Montell Jordan
How to Dance,Bingoboys
"10,000 Hours (with Justin Bieber)","Dan + Shay, Justin Bieber"
Kiss The World Goodbye,Jesse McCartney
Paparazzi,Lady Gaga
Sunset,Marques Houston
Vincent,Don McLean
Long Cool Woman (In a Black Dress) - 1999 Remaster,The Hollies
! (The Song Formerly Known As),Regurgitator
Say I Love You,Renee Geyer
Don't Forget To Remember,Bee Gees
This Is Tomorrow,Bryan Ferry
Beautiful People (feat. Benny Benassi),"Chris Brown, Benny Benassi"
Monkey Wrench,Foo Fighters
Mean To Me,Crowded House
In The Still Of The Nite (I'll Remember),Boyz II Men
Issues,Julia Michaels
Too Much,The Easybeats
Take a Picture,Filter
Ode To Billie Joe,Bobbie Gentry
Story of My Life,One Direction
Regular Touch,Vera Blue
This Is How We Do It,Montell Jordan
Swear It Again - Radio Edit,Westlife
Club Can't Handle Me (feat. David Guetta),"Flo Rida, David Guetta"
Spaceman,The Killers
Killing Me Softly,C. J. Johnson
Welcome to Paradise,Green Day
Thunderball,Tom Jones
A Whole New World (Aladdin's Theme),"Peabo Bryson, Regina Belle, Disney"
Heat Waves,Glass Animals
All My Lovin,Johnny Young & Kompany
Heart Skips a Beat (feat. Rizzle Kicks),"Olly Murs, Rizzle Kicks"
Slow Dancing in a Burning Room,John Mayer
Back from the Edge,James Arthur
Rock Hard,Suzi Quatro
Neopolitan Dreams,Lisa Mitchell
Shake It Up,The Cars
3 Nights,Dominic Fike
Electric Blue,ICEHOUSE
Secret Garden,Bruce Springsteen
Come & Go (with Marshmello),"Juice WRLD, Marshmello"
Nasty Girl - Main,Nitty
Life Goes On,LeAnn Rimes
Say It,"Flume, Tove Lo"
Alright,Supergrass
Time of the Season - Mono Version,The Zombies
Everybody's Free (To Feel Good),Rozalla
Take Me Over (feat. Safia)),Peking Duk
Does Your Mother Know,ABBA
Ring My Bell,Anita Ward
Where Did You Go? (feat. MNEK),"Jax Jones, MNEK"
Too Bad,Nickelback
Around the Bend,The Asteroids Galaxy Tour
Devotion,Bingo Players
Firework,Katy Perry
Magic Fountain,Art vs Science
Wonderful World,Sam Cooke
Chained To The Rhythm,"Katy Perry, Skip Marley"
Come Fly With Me - Remastered 1998,Frank Sinatra
Cinderella Rockefella,Anne & Johnny Hawker
Phoenix,James Arthur
M.O.B.,Tkay Maidza
It's a Sin - 2001 Remaster,Pet Shop Boys
Great Southern Land,ICEHOUSE
Especially for You (duet with Jason Donovan),"Kylie Minogue, Jason Donovan"
The Wild Colonial Boy,Dr. Hook
All Apologies,Nirvana
Stuck On You,Paul Norton
Everything (feat. John Legend),"Ella Mai, John Legend"
Another Life,The Collective
Edge of Reality,Elvis Presley
One,Johnny Farnham
Jailbreak,AC/DC
Cheerleader - Felix Jaehn Remix Radio Edit,"OMI, Felix Jaehn"
Room Full of Roses,Mickey Gilley
You're Makin' Me High,Toni Braxton
Clarity,Vance Joy
Blue Bayou,Roy Orbison
Lovers Who Wander,Dion
Too Shy,Kajagoogoo
Done For Me (feat. Kehlani),"Charlie Puth, Kehlani"
West End Girls - Faces on Posters Mix,"East 17, Mixed By: Mykaell Riley & Jeremy Allom"
Dancing To The Same Song,Elen Levon
My Prerogative - Remastered,Britney Spears
Hooked On A Feeling,"Blue Swede, Björn Skifs"
Break Free,"Ariana Grande, Zedd"
Of The Night,Bastille
My Baby Just Cares for Me,Michael Bublé
Only Love Can Hurt Like This,Paloma Faith
Just A Dream,Nelly
In Love By Now,Jamie Foxx
Princess of China - Radio Edit,"Coldplay, Rihanna"
Her Diamonds,Rob Thomas
"Ob-La-Di, Ob-La-Da - Remastered 2009",The Beatles
Boss Bitch,Doja Cat
Aussie As,Matt Scullion
Girls Like (feat. Zara Larsson),"Tinie Tempah, Zara Larsson"
I'm Not In Love,10cc
Feel,Robbie Williams
Bedroom Eyes,Kate Ceberano
Father And Son,Boyzone
Return of the Mack,Mark Morrison
All Along the Watchtower,Jimi Hendrix
At This Moment,Billy Vera & The Beaters
Calm Down (with Selena Gomez),"Rema, Selena Gomez"
Cold Water (feat. Justin Bieber & MØ),"Major Lazer, Justin Bieber, MØ"
Everybody Get Up - Radio Edit,Five
Right Place Right Time,Olly Murs
Lights & Music,Cut Copy
Poison,Alice Cooper
I Love You's,Hailee Steinfeld
It Ain't Over 'Til It's Over,Lenny Kravitz
Duncan,Slim Dusty
Middle,"DJ Snake, Bipolar Sunshine"
What I've Done,Linkin Park
Accidently Kelly Street,Frente!
Mama Do The Hump,Rizzle Kicks
Foreign Land,Eskimo Joe
You Are Not Alone,Michael Jackson
Go Now!,The Moody Blues
I’ll Make Love To You,Boyz II Men
Since U Been Gone,Kelly Clarkson
"Let's Dance - Single Version, 2014 Remaster",David Bowie
Hello - Edited Version,"Stafford Brothers, Lil Wayne, Christina Milian"
Need You Tonight,INXS
Surrender,Cheap Trick
The Boys Of Summer,Don Henley
Bills,LunchMoney Lewis
My House,Flo Rida
The Man,Aloe Blacc
Young Guns (Go for It!),Wham!
Seemed Like a Good Idea (At the Time),John Farnham
Price Tag,"Jessie J, B.o.B"
You Know I'm No Good,Amy Winehouse
She Wolf,Shakira
Bonnie Please Don't Go (She's Leavin'),Kevin Johnson
Stickwitu,The Pussycat Dolls
Centuries - Remix,"Fall Out Boy, Juicy J, Jonathan ""JR"" Rotem"
Everywhere,Michelle Branch
Baby Jane - 2008 Remaster,Rod Stewart
Born A Woman,Sandy Posey
If I Never See Your Face Again - Featuring Rihanna,"Maroon 5, Rihanna"
ily (i love you baby) (feat. Emilee),"Surf Mesa, Emilee"
Rock and Roll - 1990 Remaster,Led Zeppelin
Sometimes When We Touch,Dan Hill
That's My Girl,Fifth Harmony
Be Alright,Dean Lewis
I Know Where It's At,All Saints
You've Got What It Takes,Marv Johnson
Last One Standing,Girl Thing
Don't Leave Me This Way (with Sarah Jane Morris),"The Communards, Sarah Jane Morris"
Operaa House!,Malcolm McLaren
Anything,Culture Beat
Break My Heart,Dua Lipa
Happy Birthday Helen,Things Of Stone and Wood
Do Somethin',Britney Spears
Greatest Love of All,Whitney Houston
Are You Magnetic?,Faker
Got 2 Luv U (feat. Alexis Jordan),"Sean Paul, Alexis Jordan"
Just Dance,"Lady Gaga, Colby O'Donis"
Atomic - Remastered/2001,Blondie
Picking Up Pebbles,Matt Flinders
Boys from the Bush - Remastered 2017,Lee Kernaghan
The Letter,"Hoobastank, Vanessa Amorosi"
Pray,MC Hammer
Undercover Angel,Alan O'Day
B with Me,Mis-Teeq
Seven Nation Army,The White Stripes
The Best - Edit,Tina Turner
Chasing Fire,Lauv
Until I Found You (with Em Beihold) - Em Beihold Version,"Stephen Sanchez, Em Beihold"
I Wanna Be With You,Mandy Moore
Summer (The First Time),Bobby Goldsboro
Trembling Hands,The Temper Trap
Cruel Summer,Ace of Base
Last Hurrah,Bebe Rexha
The Most Beautiful Girl,Charlie Rich
Two Hearts - 2016 Remaster,Phil Collins
Gasolina,Daddy Yankee
Please Mr. Postman,Carpenters
Demons,Imagine Dragons
TiK ToK,Kesha
Do It To It,"ACRAZE, Cherish"
Zoom,Fat Larry's Band
Shake It Off,Taylor Swift
Rapunzel,Drapht
React,The Pussycat Dolls
SNAP,Rosa Linn
Purple Hat,Sofi Tukker
Love Someone,Jason Mraz
Desire,"Olly Alexander (Years & Years), Tove Lo"
Sitting on Top of the World,Delta Goodrem
Dancing in the Moonlight,Toploader
Free,BROODS
Give It Away,Red Hot Chili Peppers
Still into You,Paramore
Shape of You,Ed Sheeran
Wild At Heart,Birds Of Tokyo
I Don't Want You Back,Eamon
Train Wreck,James Arthur
Girl From Rio,Anitta
Love and Other Bruises,Air Supply
Lil' Red Riding Hood,Sam The Sham & The Pharaohs
Back in Black,Back In Black
Bring It Back - Original Mix,"Will Sparks, Joel Fletcher"
Circle,Marques Houston
The Lighthouse,Amity Dry
One Way Or Another,Blondie
Impossible,James Arthur
Paris,The Chainsmokers
Drop the Boy,Bros
Communication Breakdown - Remastered 2015,"Roy Orbison, Alex Orbison, Chuck Turner"
Shine a Little Love,Electric Light Orchestra
Ashes to Ashes - 2017 Remaster,David Bowie
Why Don't You Get A Job,The Offspring
Holy Moses,Meg Washington
Cinema (feat. Gary Go),Benny Benassi
You Wear It Well,Rod Stewart
Kickstart My Heart,Mötley Crüe
Not Too Late,Ricki-Lee
Light It Up (feat. Nyla & Fuse ODG) - Remix,"Major Lazer, Nyla, Fuse ODG"
Shilo,Neil Diamond
I Will Return,Springwater
Patience,Take That
HUMBLE.,Kendrick Lamar
You (with Marshmello & Vance Joy),"benny blanco, Marshmello, Vance Joy"
"Aquarius/Let The Sunshine In (The Flesh Failures) - From the Musical ""Hair""",The 5th Dimension
Big Girl (You Are Beautiful),MIKA
The Knight in Rusty Armour - Stereo; 2011 Remaster,Peter And Gordon
Woman,Neneh Cherry
I Go To Rio,Peter Allen
Dancing Queen,ABBA
Let's Get Ridiculous,Redfoo
The Best,Tina Turner
Down Under,Men At Work
GAW - Zaheer Remix,"Mickie James, Chapel Hart, Zaheer"
Pride (In The Name Of Love) - Remastered 2009,U2
Out Of Reach,GABRIELLE
Elle fuit,Myglö
Linger (feat. Lupe Fiasco),"Guy Sebastian, Lupe Fiasco"
Who's Laughing Now,Ava Max
The Wanderer,Donna Summer
It's A Sin To Tell A Lie,Gerry Monroe
Down from Dover,Dolly Parton
In Too Deep,Sum 41
Just Ace,Grinspoon
No Such Thing,John Mayer
Sailing,Rod Stewart
(There's Gotta Be) More To Life,Stacie Orrico
Addicted To You,Avicii
"Baby, I'm Jealous (feat. Doja Cat)","Bebe Rexha, Doja Cat"
Sway,Bic Runga
(I've Had) The Time of My Life,"Bill Medley, Jennifer Warnes"
Sugar Sugar,The Archies
Land of 1000 Dances,Wilson Pickett
Hi-De-Ho,"Blood\, Sweat & Tears"
Here You Come Again,Dolly Parton
Stop Stop Stop - Mono; 1999 Remaster,The Hollies
The Anthem,Good Charlotte
I Want You Back,The Jackson 5
I Should Have Known Better - Remastered 2009,The Beatles
Rumour Mill (feat. Anne-Marie & Will Heard),"Rudimental, Anne-Marie, Will Heard"
Montego Bay,The Allniters
Beggin',Måneskin
Eloise - Single Version,The Damned
Shooting Stars,Bag Raiders
Hey There Delilah,Plain White T's
Sing It Back - Boris Dlugosch Mix,"Moloko, Boris Dlugosch, Michael Lange"
Escapade,Janet Jackson
7 Days,Craig David
Better Than Ever,"Flight Facilities, Aloe Blacc"
The Wanderer,Dion
Step Back In Time,Kylie Minogue
Rainy Days and Mondays,Dami Im
A Little Bit More,Dr. Hook
My Prerogative,Bobby Brown
Everybody Rise,Amy Shark
Mood (feat. iann dior),"24kGoldn, iann dior"
A Little More Love,Olivia Newton-John
Starships,Nicki Minaj
Be Together (feat. Wild Belle),"Major Lazer, Wild Belle"
Little Bit of Love,Tom Grennan
Listen to Your Heart (feat. Edmée) - Furious F. Radio Edit,"DHT, Edmee, Furious F."
Make Love to Me,Kelly Marie
Soak Up The Sun,Sheryl Crow
Better Get A Lawyer,The Cruel Sea
Rabbit Heart (Raise It Up),Florence + The Machine
Asia Minor (Rerecorded),Kokomo
Too Close,Blue
This Is War,Thirty Seconds To Mars
Closer to Free,Bodeans
Congratulations,"Post Malone, Quavo"
Guitar Band,Stevie Wright
Broken Arrows,Avicii
Jessie's Girl,Rick Springfield
New York Mining Disaster 1941,Bee Gees
Song 4 Mutya (Out Of Control) - Radio Edit,Groove Armada
Emotion Sickness,Silverchair
Bad Romance,Lady Gaga
SexyBack (feat. Timbaland),"Justin Timberlake, Timbaland"
Pretty Paper,Roy Orbison
Walk on the Wild Side,Lou Reed
In The City,"Charli xcx, Sam Smith"
Turnaround,Kisschasy
American Pie,Don McLean
I’m Ready (with Demi Lovato),"Sam Smith, Demi Lovato"
Even Flow,Pearl Jam
Rain On Me (with Ariana Grande),"Lady Gaga, Ariana Grande"
Mr. Jones,Counting Crows
Timber,"Pitbull, Kesha"
Every Time You Go Away - Radio Edit,Paul Young
Lean on Me,Club Nouveau
Boom! Shake the Room,DJ Jazzy Jeff & The Fresh Prince
She Bop,Cyndi Lauper
Part Of The Union,Strawbs
The Boll Weevil Song,Brook Benton
Regardless,"Jarryd James, Julia Stone"
2U (feat. Justin Bieber),"David Guetta, Justin Bieber"
My Body,Young the Giant
Never Can Say Goodbye,The Communards
You Belong To Me - JX Mix,JX
I Was Only 19 (A Walk in the Light Green) - Live Version,Redgum
We've Only Just Begun,Dami Im
On Directing,Tegan and Sara
Here's Johnny!,Hocus Pocus
Only Wanna Be With You - Pokémon 25 Version,Post Malone
In Love Again,Rogue Traders
Hit That Perfect Beat,Bronski Beat
Danny's Song,Loggins & Messina
Murder Reigns,Ja Rule
Sowing The Seeds Of Love,Tears For Fears
The Hucklebuck,Brendan Bowyer & The Royal Showband
"Axel F - From ""Beverly Hills Cop"" Soundtrack",Harold Faltermeyer
A Mean Pair of Jeans,Marty Rhone
Before I Go,Guy Sebastian
Run Alone,360
Moral of the Story,Ashe
This Heart Attack,Faker
Mama,Connie Francis
The One Thing,INXS
Words - Original Version 1983,F.R. David
Give Me One Reason,Tracy Chapman
The Worlds Greatest Mum,Johnny Chester
Rewrite The Stars,"James Arthur, Anne-Marie"
Celebration - Single Version,Kool & The Gang
Right Back Where We Started From,Sinitta
History,Groove Armada
Hot In Herre,Nelly
What In The World’s Come Over You,Jack Scott
Whoomp! (There It Is),Tag Team
Genie in a Bottle,Christina Aguilera
Before the Worst,The Script
Good Times Bad Times - 1993 Remaster,Led Zeppelin
Two Princes,Spin Doctors
Vienna,Ultravox
Summer,Calvin Harris
Longfellow Serenade,Neil Diamond
Don't Say Nothin' Bad (About My Baby),The Cookies
Memphis T-Shirt,Melanie Dyer
"I Don't Like It, I Love It (feat. Robin Thicke & Verdine White)","Flo Rida, Robin Thicke, Verdine White"
All Night,"The Vamps, Matoma"
Where the Wild Roses Grow,"Nick Cave & The Bad Seeds, Kylie Minogue"
Song Sung Blue - Single Version,Neil Diamond
Make You Feel My Love,Adele
Shakin' All Over - Live,The Who
HUMBLE.,Kendrick Lamar
Seven Wonders - 2017 Remaster,Fleetwood Mac
The Only Way Is Up,Yazz
Bring Me To Life,Evanescence
Congratulations,Cliff Richard
Cross Me (feat. Chance the Rapper & PnB Rock),"Ed Sheeran, Chance the Rapper, PnB Rock"
Unwritten,Natasha Bedingfield
Back At One,Brian McKnight
Suck My Kiss,Red Hot Chili Peppers
We Made You,Eminem
Soul Revival,Johnny Diesel & The Injectors
Me and Bobby McGee,Janis Joplin
Love Don't Cost a Thing,Jennifer Lopez
Dance Hall Days,Wang Chung
The Middle,Jimmy Eat World
Down Down,Status Quo
100 Years,Five For Fighting
Have You Ever Seen The Rain?,Creedence Clearwater Revival
Strangers In The Night,Frank Sinatra
Cool For Cats,Squeeze
Sweetest Devotion,Adele
O-o-h Child,The Five Stairsteps
"Gone, Gone, Gone",Phillip Phillips
When Julie Comes Around,The Cuff Links
Dancing On The Ceiling,Lionel Richie
Hungry Eyes,Eric Carmen
David's Song,Robbie Williams
Casino Royale,Herb Alpert & The Tijuana Brass
You're The One That I Want,"John Travolta, Olivia Newton-John"
Fever,Kylie Minogue
Just Hold On,"Steve Aoki, Louis Tomlinson"
Colour My World,Petula Clark
Malibu,Miley Cyrus
Dum Dum - Single Version,Brenda Lee
1-2-3 - Single Version,Gloria Estefan
Life in Technicolor ii,Coldplay
Sweet Child O' Mine,Guns N' Roses
I Send A Message,INXS
Try Me Out,Corona
Happier,Ed Sheeran
Ferry Cross the Mersey - Mono; 2002 Remaster,Gerry & The Pacemakers
We're Good,Dua Lipa
Department of Youth,Alice Cooper
Taylor,Jack Johnson
All Day and All of the Night,The Kinks
That's The Way Love Goes,Janet Jackson
Boys Like You (feat. Gossling),"360, Gossling"
Fancy,"Iggy Azalea, Charli xcx"
Breathe,The Prodigy
One Way Ticket,Eruption
It's Gotta Be You,Isaiah Firebrace
Give Me the Meltdown,Rob Thomas
I Don't Like Mondays,The Boomtown Rats
In the Navy - Original Version 1979,Village People
Maybe It’s My First Time,Meg Mac
Send in the Clowns,Judy Collins
Who Am I (What's My Name)?,Snoop Dogg
Heartbreaker (feat. John Legend),"MSTRKRFT, John Legend"
Blue Velvet,Bobby Vinton
"Bump, Bump, Bump (feat. P. Diddy)","B2K, Diddy"
Me Too,Meghan Trainor
My Life Would Suck Without You,Kelly Clarkson
Are You Gonna Be My Girl,Jet
Tired of Toein' the Line,Rocky Burnette
(It Goes Like) Nanana - Edit,Peggy Gou
In a Different Light,Daneka Nation
C U When U Get There (feat. 40 thevz),"Coolio, 40 Thevz"
Among My Souvenirs,Connie Francis
I Want It All - Remastered 2011,Queen
Wide Boy,Nik Kershaw
22,Lily Allen
Buy U a Drank (Shawty Snappin') (feat. Yung Joc),"T-Pain, Yung Joc"
Boys Like You,"360, Gossling"
First Time,"Kygo, Ellie Goulding"
Dreadlock Holiday,10cc
Can't Feel My Face,The Weeknd
Fred Astaire,San Cisco
Take My Breath Away,Jessica Simpson
One Step At a Time,Jordin Sparks
Something Big,Shawn Mendes
Cambodia - Single Version,Kim Wilde
Candy Paint,Post Malone
Lost In France,Bonnie Tyler
Cotton Fields (The Cotton Song) - Remastered 2001,The Beach Boys
Everlovin' Man,The Loved Ones
It's My Life,The Animals
More Than a Feeling,Boston
Fallin’ (Adrenaline),Why Don't We
Lonely No More,Rob Thomas
California Love - Original Version (Explicit),"2Pac, Roger, Dr. Dre"
Feel the Beat,Darude
Heaven Is A Place On Earth,Belinda Carlisle
All My Friends (feat. Tinashe & Chance the Rapper),"Snakehips, Tinashe, Chance the Rapper"
"Hey, Soul Sister",Train
Ladies & Gentlemen,Short Stack
Orange Crush,R.E.M.
Alley Oop,The Hollywood Argyles
Ticket To Ride - Remastered 2009,The Beatles
Nobody's Love,Maroon 5
Bow Wow (That's My Name) - Radio Edit,Bow Wow
Oh Carol,Smokie
Personality,Lloyd Price
The Sweet Escape,"Gwen Stefani, Akon"
Run Baby Run,Deadstar
Lemonade,"Internet Money, Gunna, Don Toliver, NAV"
It's Your Life,Smokie
Big Yellow Taxi,Joni Mitchell
"Mama Do (Uh Oh, Uh Oh)",Pixie Lott
Living For Love,Madonna
Need You Tonight,INXS
Hocus Pocus - Original Single Version,Focus
Dance The Night Away,The Mavericks
Wherever You Will Go,The Calling
Little Children,"Billy J. Kramer, The Dakotas"
Substitute,The Who
"A Little Bit Me, a Little Bit You",The Monkees
Holdin On,Flume
Set Adrift On Memory Bliss,P.M. Dawn
On A Plain,Nirvana
Reet Petite,Jackie Wilson
aNYway,Duck Sauce
All Of The Dreamers,Powderfinger
Don't It Make You Want To Go Home - Remastered 2002,Joe South
Wild Wild Life - 2005 Remaster,"Talking Heads, Jerry Harrison"
I Need to Know,Marc Anthony
Freedom,Pharrell Williams
Ego (Is Not a Dirty Word) - 1994 Remaster,Skyhooks
Some Kind Of Wonderful,Grand Funk Railroad
Ass Like That,Eminem
I Want Love,Jessie J
Mistake,Stephanie McIntosh
We Are Family - 1995 Remaster,Sister Sledge
The Hampsterdance Song,Hampton The Hampster
Ain't No Other Man,Christina Aguilera
Red Red Wine,UB40
Painless,Baby Animals
Minority,Green Day
Close To You,Maxi Priest
Don't Phunk With My Heart,Black Eyed Peas
Nightshift,Commodores
Stay with Me Till Dawn,Judie Tzuke
Pop Singer,John Mellencamp
I Eat Cannibals - Pt. 1,Toto Coelo
In My Mind (feat. Georgi Kay) - Axwell Radio Edit,"Ivan Gough, Feenixpawl, Georgi Kay, Axwell"
Wanna Be Startin' Somethin' (2008 with Akon) (with Akon) - Thriller 25th Anniversary Remix,"Michael Jackson, Akon, Mark ""Exit"" Goodchild, Aliaune ""Akon"" Thiam"
My Little Corner of the World,Yo La Tengo
The Band Played the Boogie,C.C.S.
Walk Alone (feat. Tom Walker),"Rudimental, Tom Walker"
Memories (feat. Kid Cudi),"David Guetta, Kid Cudi"
I Know What You Want (feat. Flipmode Squad),"Busta Rhymes, Mariah Carey, Flipmode Squad"
The Show Goes On,Lupe Fiasco
With You,Chris Brown
Come to This,Natalie Taylor
Love Takes Time,Mariah Carey
Runnin' Down A Dream,Tom Petty and the Heartbreakers
Pure Massacre,Silverchair
Please Don't Go,K.W.S.
Shed a Light,"Robin Schulz, David Guetta, Cheat Codes"
Talk That Talk - Album Version (Edited),"Rihanna, JAY-Z"
No Milk Today - Mono Version,Herman's Hermits
Follow Me,Uncle Kracker
I Want To Be Straight,Ian Dury & The Blockheads
Sail The Wildest Stretch,Powderfinger
Snakeskin,Gyroscope
Praying,Kesha
Follow You Down,Gin Blossoms
Soldier (feat. T.I. & Lil' Wayne),"Destiny's Child, T.I., Lil Wayne"
I Gotcha,Jimmy Barnes
Just What I Needed,The Cars
Fingers Crossed,Lauren Spencer Smith
Ms. Jackson,Outkast
Again,Lenny Kravitz
New Moon Rising,Wolfmother
Sucker for You,Matt Terry
Talk It Over,Grayson Hugh
Nothing Like Us,Justin Bieber
Curiosity Killed The Cat - 2002 Digital Remaster,Little River Band
Drive By,Train
Talkin' Bout a Revolution,Tracy Chapman
Another Funny Honeymoon,David Dundas
Don't Leave Me Alone (feat. Anne-Marie),"David Guetta, Anne-Marie"
That's Rock 'N' Roll,Shaun Cassidy
I Wish I Was a Punk Rocker (with Flowers in My Hair),Sandi Thom
Satisfied (feat. MAX),"Galantis, MAX"
Love to Love You,The Corrs
Shed a Light,"Robin Schulz, David Guetta, Cheat Codes"
Take It Easy - 2013 Remaster,Eagles
Hip Hop Hooray,Naughty By Nature
Be Alright,Dean Lewis
good 4 u,Olivia Rodrigo
Lonely,Shannon Noll
I Love The Nightlife (Disco 'Round),Alicia Bridges
Money,Abz Winter
Dancing In The Storm,Boom Crash Opera
500 Miles Away from Home,Bobby Bare
Right By Your Side - Remastered Version,"Eurythmics, Annie Lennox, Dave Stewart"
I Walk the Line,Johnny Cash
Magic (feat. Rivers Cuomo),"B.o.B, Rivers Cuomo"
South of the Border (feat. Camila Cabello & Cardi B),"Ed Sheeran, Camila Cabello, Cardi B"
Payphone,"Maroon 5, Wiz Khalifa"
Gotta Pull Myself Together,The Nolans
Revelry,Kings of Leon
Precious to Me,Phil Seymour
Growin' Up and Gettin' Old,Luke Combs
Perfect,The Veronicas
The Rose,Bette Midler
For You I Will (Confidence),Teddy Geiger
Mo Money Mo Problems (feat. Puff Daddy & Mase) - 2014 Remaster,"The Notorious B.I.G., Mase, Diddy"
Runaway,Janet Jackson
(Down At) Papa Joe's,"Dixie Belles, Cornbread & Jerry"
Burn Your Name,Powderfinger
Mama Said,Metallica
Fuel,Metallica
I Found Someone,Cher
Flashdance...What a Feeling - Radio Edit,Irene Cara
Whole Again,Atomic Kitten
I Woke Up In Love This Morning,"David Cassidy, The Partridge Family"
Rock with You - Single Version,Michael Jackson
Hearts on Fire,John Farnham
Middle,"DJ Snake, Bipolar Sunshine"
God Put a Smile upon Your Face,Coldplay
Bad Liar,Selena Gomez
Trap Queen,Fetty Wap
Jump in My Car,Ted Mulry Gang
On And On And On,ABBA
Fight For Your Right,Beastie Boys
Child,360
Ready to Go (Get Me Out of My Mind),Panic! At The Disco
Move Away,Culture Club
Reunited,"Toni Braxton, Babyface"
Dream A Little Dream Of Me,Louis Armstrong
Kill Em With Kindness,Selena Gomez
We R Who We R,Kesha
My Heart Is Open,"Maroon 5, Gwen Stefani"
Let Me In,The Sensations
Smoky Places,The Corsairs
The Sound of Silence,Disturbed
More Than You Know,Axwell /\ Ingrosso
That's Not My Name,The Ting Tings
16 Candles,"Johnny Maestro, The Crests"
Against All Odds (Take A Look At Me Now),Phil Collins
Better Man,Pearl Jam
I Know What You Want (feat. Flipmode Squad),"Busta Rhymes, Mariah Carey, Flipmode Squad"
Shy Away,Twenty One Pilots
I Want to Know What Love Is - 1999 Remaster,Foreigner
I'll Show You,Justin Bieber
Have You Ever Really Loved A Woman?,Bryan Adams
I Love It,"Icona Pop, Charli xcx"
Bigger,Stan Walker
Music Box Dancer,Frank Mills
I Wish That We Were Married,Ronnie And The Hi-Lites
Catch 22 (feat. Anne-Marie),"Illy, Anne-Marie"
Big Bad John,Jimmy Dean
To Love Somebody,Bee Gees
Sick Cycle Carousel,Lifehouse
Can't Stop Loving You - 2016 Remaster,Phil Collins
Lucid Dreams,Juice WRLD
Jeremy,Pearl Jam
B-52,Near Mrs
In Da Club - Single Version / Edit,50 Cent
Born This Way,Lady Gaga
That's How You Know (feat. Kid Ink & Bebe Rexha),"Nico & Vinz, Kid Ink, Bebe Rexha"
Dancing in the Moonlight,Toploader
Till the World Stops Turning,Kaleb Jones
Hummingbird Heartbeat,Katy Perry
Heat Wave,Martha Reeves & The Vandellas
Clothes Off!!,Gym Class Heroes
Roses Are Red (My Love) - Single Version,Bobby Vinton
I Am Australian,The Seekers
Rapture (feat.Nadia Ali),"iio, Nadia Ali"
Love On Top,Beyoncé
Hey Lover,"LL COOL J, Boyz II Men"
Peggy Sue,"Buddy Holly, The Crickets"
Suspicious Minds,Elvis Presley
End Of The Road,Boyz II Men
Music Won't Break Your Heart,Stan Walker
Like a Prayer,Madonna
Cherish - remastered,David Cassidy
All I Have to Give,Backstreet Boys
Inside Out (feat. Charlee),"The Chainsmokers, Charlee"
Scars,James Bay
Heartless,Kanye West
Heart of Gold - 2009 Remaster,Neil Young
Kung Fu Fighting,Carl Douglas
Let's Dance - Radio Edit,Five
You Don't Know How It Feels,Tom Petty
Cheyenne,Jason Derulo
She Wears My Ring,Johnny O'Keefe
"Someday, One Day",The Seekers
Overkill,Men At Work
Stuck In A Moment You Can't Get Out Of,U2
Fever,"Dua Lipa, Angèle"
FRIENDS,"Marshmello, Anne-Marie"
Crying In The Chapel,Peter Blakeley
Livin' On A Prayer,Bon Jovi
Light My Fire,José Feliciano
Having a Party,Sam Cooke
Lady Godiva - Mono; 2003 Remaster,Peter And Gordon
Itsy Bitsy Teenie Weenie Yellow Polkadot Bikini,Brian Hyland
Levels,Nick Jonas
Emma,Hot Chocolate
Forget You,CeeLo Green
Aeroplane,Red Hot Chili Peppers
Take Me Bak 'Ome,Slade
Burn,Ellie Goulding
Let's Talk About Sex,Salt-N-Pepa
I Don't Remember,Powderfinger
Crying at the Discoteque - Radio Edit,Alcazar
Your Love Is My Drug,Kesha
Can't Fight This Feeling,REO Speedwagon
Dream Girl,David Jones
Bruises,Lewis Capaldi
Give Me All Your Luvin',"Madonna, Nicki Minaj, M.I.A."
Ghostbusters,Ray Parker Jr.
Lovers in Japan,Coldplay
Catch My Disease,Ben Lee
Hustle,P!nk
In My Head,Jason Derulo
This Love,Maroon 5
Helena Beat,Foster The People
"Tonight, I Celebrate My Love",Peabo Bryson with Roberta Flack
She's The One,The Cockroaches
Concrete And Clay,Mental As Anything
Where Them Girls At (feat. Nicki Minaj & Flo Rida),"David Guetta, Flo Rida, Nicki Minaj"
Superwoman,Alicia Keys
"Danger Zone - From ""Top Gun"" Original Soundtrack",Kenny Loggins
Long Road To Ruin,Foo Fighters
"Burning Heart - From ""Rocky IV"" Soundtrack",Survivor
A Thousand Miles,Vanessa Carlton
Peaceful Easy Feeling - 2013 Remaster,Eagles
Kiss and Say Goodbye,The Manhattans
AFTERGLOW,Taxiride
Great Balls Of Fire,Jerry Lee Lewis
Boys Will Be Boys,Choirboys
Message to My Girl,Split Enz
Summertime Sadness (Lana Del Rey Vs. Cedric Gervais) - Cedric Gervais Remix,"Lana Del Rey, Cedric Gervais"
The Story,Brandi Carlile
Secret Love Song (feat. Jason Derulo),"Little Mix, Jason Derulo"
Always,Bon Jovi
I Need Somebody,Bardot
Know Your Worth,"Khalid, Disclosure"
I Wanna Be a Cowboy,Boys Don't Cry
Mockingbird,Eminem
Feel like Makin' Love - 2015 Remaster,Bad Company
Up There Cazaly,"Two Man Band\, The"
I Got You (I Feel Good),James Brown
How Deep Is Your Love,Bee Gees
Until It Sleeps,Metallica
Under the Bridge,Red Hot Chili Peppers
Left Outside Alone,Anastacia
God Only Knows,MKTO
Good Girls Go Bad (feat. Leighton Meester),"Cobra Starship, Leighton Meester"
Drinking from the Bottle (feat. Tinie Tempah),"Calvin Harris, Tinie Tempah"
Hair (Rerecorded),The Cowsills
Lonely Blue Boy,Conway Twitty
Runnin' (Dying To Live),"2Pac, The Notorious B.I.G."
Mine,Bazzi
17,MK
Passerby,Grinspoon
Dreaming of You,The Coral
R U Crazy - Radio Edit,Conor Maynard
Honey To The Bee - Single Version,Billie Piper
The Clapping Song,The Belle Stars
Falling,Harry Styles
This Time I Know It's For Real,Young Divas
wish you were gay,Billie Eilish
Torn,Natalie Imbruglia
One More Chance,Bloc Party
One Headlight,The Wallflowers
Start Me Up - 2009 Re-Mastered Digital Version,The Rolling Stones
I Knew You Were Trouble,Taylor Swift
Eagle Rock - 2011 Remaster,Daddy Cool
I Don't Want to Talk About It - 2008 Remaster,Rod Stewart
Ain't That Loving You Baby,Elvis Presley
Everyday,"Buddy Holly, The Crickets"
Shout To The Top - Full Version,The Style Council
Moments (feat. Gavin James),"Bliss n Eso, Gavin James"
Part-Time Lover,Stevie Wonder
Strawberry Kisses,Nikki Webster
Close To You,John Butler Trio
Mmm Yeah (feat. Pitbull),"Austin Mahone, Pitbull"
Afterglow,Ed Sheeran
Say My Name,Tove Styrke
Spray On Pants,Kisschasy
Sober,Childish Gambino
This Is Love,"will.i.am, Eva Simons"
Big Girl (You Are Beautiful),MIKA
Tattoo,Jordin Sparks
Love Long Distance,Gossip
See See Rider,Eric Burdon & the Animals
Into the Groove,Madonna
Whenever You Need Somebody,Rick Astley
Out Of Mind Out Of Sight,Models
You Really Got Me,Van Halen
Keep Me Crazy,Sheppard
Home,"Naughty Boy, RØMANS"
Head over Feet - 2015 Remaster,Alanis Morissette
Looking for an Echo,Ol' 55
Mother's Daughter,Miley Cyrus
Heavy Cross,Gossip
Family Affair,Mary J. Blige
Put Your Hands Up,Matchbox Twenty
Thunder,Jessie J
Coming Home,Sheppard
Cake By The Ocean,DNCE
Everywhere I Go,"QED, Jenny Morris"
Not An Addict,K's Choice
Cash in My Pocket (feat. Daniel Merriweather),"Wiley, Daniel Merriweather"
Tusk - 2015 Remaster,Fleetwood Mac
500 Miles Away from Home,Bobby Bare
Seventeen Forever,Metro Station
How You Remind Me,Nickelback
Be Somebody,Kings of Leon
Wasabi,Lee Harding
SOS,Rihanna
You Da One - Album Version (Edited),Rihanna
"Hello, You Beautiful Thing",Jason Mraz
(Baby I've Got You) On My Mind,Powderfinger
Down Under (feat. Colin Hay),"Luude, Colin Hay"
The Power of Love,Jennifer Rush
When Love Takes Over (feat. Kelly Rowland),"David Guetta, Kelly Rowland"
"Never, Never Gonna Give Ya Up - Long Version",Barry White
LIKE I WOULD,ZAYN
Don't Start Now - Purple Disco Machine Remix,"Dua Lipa, Purple Disco Machine"
Like an Animal,RÜFÜS DU SOL
Ooh-Wakka-Doo-Wakka-Day,Gilbert O'Sullivan
Moving on Up,M People
Houdini,Dua Lipa
"Beauty and the Beast - From ""Beauty and the Beast""","Ariana Grande, John Legend"
Fight Song,Rachel Platten
Devil Or Angel,Bobby Vee
Til Death - Denzal Park Radio Edit,Wynter Gordon
I Wish,Stevie Wonder
Most Girls,P!nk
I Want to Be Wanted,Brenda Lee
Popcorn,Hot Butter
Don’t Be So Shy - Filatov & Karas Remix,"Imany, Filatov, Karas"
We Built This City,Starship
Mirror (feat. Wrabel),"Illy, Wrabel"
Accidents Happen,Zoë Badwi
Good Grief,Bastille
Can't Hold Us Down (feat. Lil' Kim),"Christina Aguilera, Lil' Kim"
I Remember You,Skid Row
What Have They Done To My Song Ma?,The New Seekers
Party In The U.S.A.,Miley Cyrus
If I Were A Carpenter,Four Tops
Helping Hand,The Screaming Jets
Dancing in the City,Marshall Hain
I'll Never Fall In Love Again,Bobbie Gentry
Call Me Maybe,Carly Rae Jepsen
The Man Who Can't Be Moved,The Script
I Like It,"Cardi B, Bad Bunny, J Balvin"
Marry You,Bruno Mars
Love You Goodbye,One Direction
No Aphrodisiac - Original,The Whitlams
working,"Tate McRae, Khalid"
Mystify,INXS
1-2-3-4 (Sumpin' New),Coolio
Don't Throw Your Love Away - Mono,The Searchers
When You're Not Near,Rob E.G.
Sirens,Pearl Jam
Doctor Pressure - Dirty Radio Edit,"Mylo, Miami Sound Machine"
"Girl, You'll Be A Woman Soon",Neil Diamond
Bad Medicine,Bon Jovi
How You Gonna See Me Now,Alice Cooper
I Wanna Dance with Somebody (Who Loves Me),Whitney Houston
Don't Tell Me,Ruel
The Fox (What Does the Fox Say?),Ylvis
Blame It on the Boogie,The Jacksons
Smooth Criminal - 2012 Remaster,Michael Jackson
Baby Don't Forget My Number,Milli Vanilli
Get Over You,Sophie Ellis-Bextor
I Miss You,blink-182
Remedy,Little Boots
Thank You,Dido
Iko Iko,The Belle Stars
Bye Bye Baby,Bay City Rollers
"Yummy, Yummy, Yummy",Ohio Express
D.W. Washburn - 1968 Stereo Mix,The Monkees
You Don't Scare Me,Josh Pyke
"Nasty Girl (feat. Diddy, Nelly, Jagged Edge & Avery Storm) - 2005 Remaster","The Notorious B.I.G., Avery Storm, Diddy, Jagged Edge, Nelly"
I Like To Move It (feat. The Mad Stuntman) - Radio Mix,"Reel 2 Real, The Mad Stuntman, Alex Natale DJ, Visnadi"
Players,Coi Leray
Hello Stranger,Barbara Lewis
Sunflower - Spider-Man: Into the Spider-Verse,"Post Malone, Swae Lee"
Hurdy Gurdy Man,Donovan
For One Day,Evermore
Half Mast,Empire Of The Sun
Please Don't Go,No Mercy
Susie Darlin,Barry Crocker
Gitarzan,Ray Stevens
WHATS POPPIN,Jack Harlow
Brave,Sara Bareilles
I'd Die To Be With You Tonight - Remastered,Jimmy Barnes
If It Ain't Love,Jason Derulo
Going in with my eyes open,David Soul
Say It,"Flume, Tove Lo"
"Schnappi, das kleine Krokodil - Kids-Version",Das singende Krokodil vom Nil
Set Adrift on Memory Bliss (Re-Recorded),P.M. Dawn
Kiss Me,Ed Sheeran
Don't Need Love,Johnny Diesel & The Injectors
One Of Us,Joan Osborne
Sara,Fleetwood Mac
Love Hurts - Single Edit,Nazareth
Pictures Of Lily,The Who
Shot Me Down (feat. Skylar Grey) - Radio Edit,"David Guetta, Skylar Grey"
Before You Go,Lewis Capaldi
Holidae In,"Chingy, Ludacris, Snoop Dogg"
Can't Hold Us (feat. Ray Dalton),"Macklemore, Ryan Lewis, Macklemore & Ryan Lewis, Ray Dalton"
I Will Never Let You Down,Rita Ora
Mother,Meghan Trainor
The Name Of The Game,ABBA
Miss Freelove '69,Hoodoo Gurus
Not Many - Remix,"Scribe, Savage, Con-Psy"
I'm Your Baby Tonight,Whitney Houston
Beautiful In My Eyes,Joshua Kadison
Women (make You Feel Alright),The Easybeats
Blow Me (One Last Kiss),P!nk
Left Hand Free,alt-J
Clarity,"Zedd, Foxes"
Sweet Sixteen,Billy Idol
Love Is Only a Feeling,The Darkness
Shut It Down (feat. Akon),"Pitbull, Akon"
Falling,Trevor Daniel
You Give Me Something,Jamiroquai
I Love to Love (But My Baby Loves to Dance),Tina Charles
Rewrite The Stars,"Zac Efron, Zendaya"
A Walk In The Black Forest,Horst Jankowski
Gangsta's Paradise,"Coolio, L.V."
STAR WALKIN' (League of Legends Worlds Anthem),Lil Nas X
We'll Be Coming Back (feat. Example),"Calvin Harris, Example"
Signs,"Snoop Dogg, Charlie Wilson, Justin Timberlake"
I Was Made for Dancin',Leif Garrett
Love Will Never Do (Without You) - Single Version,Janet Jackson
I Love You,Matt B
I Fall Apart,Post Malone
Another Day In Paradise,Phil Collins
Beautiful Mistakes (feat. Megan Thee Stallion),"Maroon 5, Megan Thee Stallion"
Summer Wine,"Nancy Sinatra, Lee Hazlewood"
Counting Stars,OneRepublic
Always Come Back To Your Love,Samantha Mumba
Act Yr Age,Bluejuice
Another Place,"Bastille, Alessia Cara"
Causing a Commotion,Madonna
Don't Change,INXS
For A Better Day,Avicii
Sunlight,Bag Raiders
Not a Day Goes By,Rick Price
867-5309 / Jenny,Tommy Tutone
Marry The Night,Lady Gaga
Stole the Show,Parson James
All In It,Justin Bieber
Sunglasses At Night,Corey Hart
Dream Lover - 2006 Remaster,Bobby Darin
Another One Bites The Dust - Remastered 2011,Queen
Last Night,Morgan Wallen
"Hey Mama (feat. Nicki Minaj, Bebe Rexha & Afrojack)","David Guetta, AFROJACK, Bebe Rexha, Nicki Minaj"
Upgrade,Kelly Rose
Take Me Away (Into The Night) - Vocal Radio Mix,4 Strings
Jive Talkin',Bee Gees
Feel,Robbie Williams
Don't Hold Your Breath,Nicole Scherzinger
My Completeness,Thirsty Merc
"Risk It - Original Song from the TV Series ""The Secret Daughter""",Jessica Mauboy
Stop The Music,"P-Money, Scribe"
Jump,Kris Kross
Thug Lovin',"Ja Rule, Bobby Brown"
Sugar,Maroon 5
Mule Skinner Blues,The Fendermen
Smiley,Ronnie Burns
Forever Young,Alphaville
Whataya Want from Me,Adam Lambert
Dreamin' - 2001 Remaster,Cliff Richard
Wherever You Will Go,The Calling
Killing In the Name,Rage Against The Machine
Crazy Little Thing Called Love - Remastered 2011,Queen
Put Your Hand in the Hand,Ocean
No More Lonely Nights (Ballad),Paul McCartney
Murder On The Dancefloor,Sophie Ellis-Bextor
Sleepwalking,Elderbrook
When the Weather Is Fine,Thirsty Merc
Hot N Cold,Katy Perry
Gravity,The Superjesus
In For The Kill,La Roux
Working My Way Back to You,The Spinners
Girl,Destiny's Child
Wanted Dead Or Alive,Bon Jovi
Hey Ya!,Outkast
Poison Arrow,ABC
This Boys In Love,The Presets
Crazy,Gnarls Barkley
Too Much Time Together,San Cisco
Let's Dance,Chris Montez
As The Days Go By,Daryl Braithwaite
Pump It Up,Endor
Days Of Wine And Roses - REMASTERED,Henry Mancini
Loud,Stan Walker
Warning,Green Day
Mr. Jones,Counting Crows
What I've Done,Linkin Park
If You Could Only See,Tonic
Sweet Nothin's,Brenda Lee
History Never Repeats,Split Enz
Love Really Hurts Without You,Billy Ocean
Love In An Elevator - Single Version,Aerosmith
Something's Got A Hold On Me,Jessica Mauboy
Shout,Tears For Fears
Rock It,Little Red
Call Me,Blondie
Down,"Jay Sean, Lil Wayne"
All My Friends Are Getting Married - 1994 Remaster,Skyhooks
The Streak,Ray Stevens
Smalltown Boy,Bronski Beat
I'm Kissing You,Des'ree
"Young, Wild & Free (feat. Bruno Mars)","Snoop Dogg, Wiz Khalifa, Bruno Mars"
Salvation,The Cranberries
Fancy,"Iggy Azalea, Charli xcx"
Military Madness,Graham Nash
Feel the Love (feat. John Newman),"Rudimental, John Newman"
Beautiful,"Snoop Dogg, Pharrell Williams, Uncle Charlie Wilson"
Just A Song About Ping Pong,Operator Please
Boogie Shoes,KC & The Sunshine Band
Remedy,Seether
Righteous liar,Pryma
Superstition - Single Version,Stevie Wonder
Dear Life,Delta Goodrem
Let You Love Me,Rita Ora
Remind Me to Forget,"Kygo, Miguel"
Mr Wendal - Remastered 2002,Arrested Development
Puppy Love - Remix,Paul Anka
Blue,LeAnn Rimes
Can We Still Be Friends?,Todd Rundgren
Bow Chicka Wow Wow,Mike Posner
"What Is Love - 7"" Mix",Haddaway
Billionaire (feat. Bruno Mars) - Radio Edit,"Travie McCoy, Bruno Mars"
Mr. Natural,Bee Gees
Let's Stay Together,Craig David
Life Of The Party,Shawn Mendes
What About Us?,Brandy
Sexy Eyes,Whigfield
Doop - Sidney Berlin Ragtime Band,Doop
You & Me,"Marc E. Bassy, G-Eazy"
The Weekend - Radio Edit,Michael Gray
Tease Me,Chaka Demus & Pliers
Never Be Like You,"Flume, kai"
Pony,Kasey Chambers
Havana (feat. Young Thug),"Camila Cabello, Young Thug"
First Class,Jack Harlow
Stereo Hearts (feat. Adam Levine),"Gym Class Heroes, Adam Levine"
Listen to the Band - Single Version,The Monkees
Remember Me - Original Mix,Blue Boy
Domino - 1999 Remaster,Van Morrison
Suicide Blonde,INXS
Endless Road,Time Bandits
Funny Way Of Laughin’,Burl Ives
How Do I Say Goodbye,Dean Lewis
Get A Life,Freestylers
Find Me,"Sigma, Birdy"
Rocket,Def Leppard
I'm a Slave 4 U,Britney Spears
I Can Love You Like That,All-4-One
If,Bread
Stuck On You,Lionel Richie
Body on Me (feat. Chris Brown),"Rita Ora, Chris Brown"
What Have You Done For Me Lately,Janet Jackson
Fly Too High - Remastered,Janis Ian
Move,Little Mix
Falling in Love Again,Ted Mulry
The Pied Piper,Crispian St. Peters
Givin' Up,The Darkness
The Power Of Love - Radio Edit,Céline Dion
Daisies,Katy Perry
Adventure of a Lifetime,Coldplay
Ferrari,"James Hype, Miggy Dela Rosa"
Abergavenny,Marty Wilde
Mona,Craig McLachlan;Check 1-2
There for You,"Martin Garrix, Troye Sivan"
Five More Hours,"Deorro, Chris Brown"
Cruisin' - Single Edit,"Huey Lewis, Gwyneth Paltrow"
Saturday Night,Cold Chisel
One Great Mystery,Lady A
When The War Is Over,Cold Chisel
Music,Madonna
Rain,Anthony Callea
Not Many,Scribe
Cherry Lips (Go Baby Go),Garbage
See You Again (feat. Charlie Puth),"Wiz Khalifa, Charlie Puth"
HEAVEN,"Troye Sivan, Betty Who"
Are You The One?,The Presets
Scream & Shout,"will.i.am, Britney Spears"
Confidence,Ocean Alley
Jack & Diane,John Mellencamp
Absolutely (Story of a Girl) - Radio Mix,Nine Days
Worth It (feat. Kid Ink),"Fifth Harmony, Kid Ink"
When You Were Mine,Taylor Henderson
Bow River,Cold Chisel
It Will Rain,Bruno Mars
The Edge Of Glory,Lady Gaga
Anything Could Happen,Ellie Goulding
Girls Like That (Don't Go for Guys Like Us),Custard
Lola,The Kinks
I Don't Need A Man,The Pussycat Dolls
One Mint Julep,"Ray Charles, Rudolph Toombs"
Sister,Sister2sister
Better,Khalid
It Ain't Necessarily So - 2015 Remaster,Normie Rowe & The Playboys
TALK ME DOWN,Troye Sivan
Groove,Eurogliders
At Last - Single Version,Etta James
Love Me,Yvonne Elliman
Chasing The Sun,The Wanted
Listening,Pseudo Echo
Boogie Fever,The Sylvers
Dreams - 2004 Remaster,Fleetwood Mac
Come Together - Remastered 2009,The Beatles
Ten Feet Tall,"AFROJACK, Wrabel"
Uptown Funk (feat. Bruno Mars),"Mark Ronson, Bruno Mars"
Falling,Julee Cruise
You Make Me Feel Brand New,"The Stylistics, Airrion Love, Russell Thompkins\, Jr."
Wild Horses - Rerecorded,Gino Vannelli
Wig Wam Bam,Sweet
Rock And Roll Music - Remastered 2009,The Beatles
Long Live The Weekend,The Living End
One,Metallica
He Wasn't,Avril Lavigne
Fun (feat. Chris Brown),"Pitbull, Chris Brown"
It's Only Make Believe,Glen Campbell
One Moment in Time,Whitney Houston
Push Up - Main Edit,Creeds
Afire Love,Ed Sheeran
Memories,Dean Lewis
I Thought About You,The Beautiful Girls
Young Emotions - Remastered,"Ricky Nelson, Bob Fisher"
Medicine,James Arthur
Talking Like I'm Falling Down Stairs,Sparkadia
Informer,Snow
Run to the Hills,Iron Maiden
Don't Stop,Tim & Jean
Love's Theme,The Love Unlimited Orchestra
La Grange - 2005 Remaster,ZZ Top
Copperhead Road,Steve Earle
Shoot Me Down - Radio Edit,Zoë Badwi
Peppermint Twist,Joey Dee & The Starliters
I Drove All Night,Cyndi Lauper
Diane,The Bachelors
Endless Love,"Lionel Richie, Diana Ross"
We Can't Stop,Miley Cyrus
You're Still The One,Shania Twain
Missing You,Ray Peterson
If You're Not the One,Nicholas McDonald
Make You Happy,Josh Pyke
Hey Ya! - Radio Mix / Club Mix,Outkast
Mesmerize,"Ja Rule, Ashanti"
Believe Me,Navos
Gotcha,Jessica Mauboy
In the Summertime,Mungo Jerry
Lonely,Akon
Still,Bill Anderson
Sometimes When We Touch - Radio Edit,"Newton, StarLab"
(What A) Wonderful World - Remastered,Sam Cooke
Three Little Pigs,Green Jelly
This Is How We Do It,Montell Jordan
Some Like It Hot - 2005 Remaster,The Power Station
Company,Justin Bieber
That Day,Natalie Imbruglia
The Best of My Love - 2013 Remaster,Eagles
Better Than Love - Radio Edit,Hurts
Real Men,Joe Jackson
Without You (feat. Usher),"David Guetta, USHER"
That's the Way (I Like It) - 2004 Remaster,KC & The Sunshine Band
Kernkraft 400 (A Better Day),"Topic, A7S"
Freeze-Frame,The J. Geils Band
I Told the Brook,Billy Thorpe & The Aztecs
The Boy Does Nothing,Alesha Dixon
Dead And Gone,"T.I., Justin Timberlake"
Interstate Love Song,Stone Temple Pilots
She Hates Me,Puddle Of Mudd
Fishin' in the Dark,Nitty Gritty Dirt Band
Here Comes the Hotstepper,iNi Kamoze
Emancipate Myself,Thirsty Merc
Lose My Mind,Dean Lewis
For You,John Denver
Looking for Me,"Paul Woolford, Diplo, Kareen Lomax"
Lover,Taylor Swift
Wild Strawberries,PNAU
Streets of Philadelphia - Single Edit,Bruce Springsteen
Where The Streets Have No Name,U2
Crying for No Reason,Katy B
"Burning Bridges - From ""Kelly's Heroes""",Mike Curb Congregation
Can'T Touch It,Ricki-Lee
Mississippi,Pussycat
"Don't Let Me Be Misunderstood / Esmeralda Suite - 7"" Edit","Santa Esmeralda, Leroy Gomez"
What About Us,P!nk
Ain't Been Done,Jessie J
Cracklin' Rosie - Single Version,Neil Diamond
Love Songs Ain't for Us (feat. Keith Urban),"Amy Shark, Keith Urban"
One Last Song,Sam Smith
Bohemian Rhapsody - Remastered 2011,Queen
Don't You (Forget About Me) - Remastered,Simple Minds
Chasing Highs,ALMA
In the End,Linkin Park
Ignition - Remix,R. Kelly
Capsize,"FRENSHIP, Emily Warren"
Borderline,Madonna
"1, 2 Step (feat. Missy Elliott) - Main","Ciara, Missy Elliott"
Short Skirt / Long Jacket,CAKE
Love Her Madly,The Doors
Talk,"Khalid, Disclosure"
Gives You Hell,The All-American Rejects
Good as Hell,Lizzo
Show Me Love - Radio Version,Robyn
Wasted,"Tiësto, Matthew Koma"
Don't Wake Me Up,Chris Brown
Bangarang (feat. Sirah),"Skrillex, Sirah"
Rasputin,Boney M.
When You Were Young,The Killers
Man's Not Hot,Big Shaq
I Was Made For Loving You,"Tori Kelly, Ed Sheeran"
Uptown Girl,Billy Joel
Dancing Queen,ABBA
Jona Vark,GATC
Right Back Where We Started From - 1994 Remaster,Maxine Nightingale
Rainy Days And Mondays,Carpenters
Dirrty (feat. Redman),"Christina Aguilera, Redman"
1979 - Remastered 2012,The Smashing Pumpkins
One Day / Reckoning Song (Wankelmut Remix) [Radio Edit],"Asaf Avidan & the Mojos, Wankelmut"
Just What I Needed,The Cars
Down On The Border,Little River Band
In the Ayer (feat. will.I.am),"Flo Rida, will.i.am"
Just Dance,"Lady Gaga, Colby O'Donis"
Rock It,Little Red
Born This Way,Lady Gaga
Try,Nelly Furtado
Don't Tell Me,Madonna
One Thing Right,"Marshmello, Kane Brown"
I Would Like,Zara Larsson
1 Thing,Amerie
Sunsets,Powderfinger
I'll Never Dance Again,Bobby Rydell
Apologize,OneRepublic
Candydrunk,Zeek Power
The Weight (with Jimmy Barnes),"The Badloves, Jimmy Barnes"
Another Day in Paradise - R&B-Version,"Brandy, Ray J"
Castles,Freya Ridings
Jesus Walks,Kanye West
Aussie As,Matt Scullion
Here We Are,Gloria Estefan
I Gotta Feeling,Black Eyed Peas
As It Was,Harry Styles
Sexy And I Know It,LMFAO
I'm Gonna Be Strong,Gene Pitney
I Just Wanna Live,Good Charlotte
Breakfast At Sweethearts,Cold Chisel
Cry,The Mavis's
Maniac,Conan Gray
Fuck It (I Don't Want You Back),Eamon
Low (feat. T-Pain),"Flo Rida, T-Pain"
"Seasons of Change, Pt. 1",Blackfeather
Thieves in the Temple,Prince
Bang Bang (My Baby Shot Me Down),Cher
Black Dog - Remaster,Led Zeppelin
You're Moving out Today,Carole Bayer Sager
DÁKITI,"Bad Bunny, JHAYCO"
Mysterious Girl - Radio Edit,Peter Andre
Djapana - Radio Mix,Yothu Yindi
Looking For Clues,Robert Palmer
Come Back,Londonbeat
Love Has No Pride - 2017 Remastered,Daryl Braithwaite
Sandy,Larry Hall
A Rockin' Good Way (To Mess Around And Fall In Love),"Dinah Washington, Brook Benton"
I Will Follow Him,Peggy March
Waterfall,"Stargate, P!nk, Sia"
Sexy (Is The Word),Melissa Tkautz
Crazy Train,Ozzy Osbourne
Airplanes (feat. Hayley Williams of Paramore),"B.o.B, Hayley Williams"
Jealous,Nick Jonas
Poison,Rita Ora
Glory of Love,Peter Cetera
Havana (feat. Young Thug),"Camila Cabello, Young Thug"
Yesterday Man,Chris Andrews
Let Me Down Easy,Sheppard
"(Shake, Shake, Shake) Shake Your Booty",KC & The Sunshine Band
Rich Girl,Selwyn
It's Raining Men,Geri Halliwell
From the Bottom of My Broken Heart,Britney Spears
High Sheriff of Calhoun Parrish,Tony Joe White
This Love of Mine,Michael Bublé
"Black Fingernails, Red Wine",Eskimo Joe
No Second Prize,Jimmy Barnes
Young Dumb & Broke,Khalid
The Middle,Jimmy Eat World
We Hold On,Kaz James
Changing,"Sigma, Paloma Faith"
Lose Control,Teddy Swims
San Francisco (Be Sure to Wear Flowers in Your Hair),Scott McKenzie
4 Minutes (feat. Justin Timberlake & Timbaland),"Madonna, Justin Timberlake, Timbaland"
Your Love,The Outfield
Enter Sandman,Metallica
Maria Maria (feat. The Product G&B),"Santana, The Product G&B"
Without Me,Halsey
Ghosts 'N' Stuff - Radio Edit,"deadmau5, Rob Swire"
Wish You The Best,Lewis Capaldi
Here With Me,Dido
Sweet Home Alabama,Lynyrd Skynyrd
Ruby Don't Take Your Love to Town,Kenny Rogers & The First Edition
Take A Look Around,Limp Bizkit
Black Friday,Grinspoon
I'm Leaving It up to You,Dale & Grace
Let It Rock,"Kevin Rudolf, Lil Wayne"
Shallow - Radio Edit,"Lady Gaga, Bradley Cooper"
Summer Rain - Remastered,Johnny Rivers
"Footloose - From ""Footloose"" Soundtrack",Kenny Loggins
I Heard It Through The Grapevine - Single Version (Mono),Marvin Gaye
Who You Are,Pearl Jam
Rapture,Blondie
Paper Roses,Marie Osmond
Sometimes Love Just Ain't Enough,"Patty Smyth, Don Henley"
Gangnam Style (강남스타일),PSY
Don't Stop The Music,Rihanna
Fight For Your Right,Beastie Boys
This Is a Call,Foo Fighters
Someday,Sugar Ray
Every Teardrop Is a Waterfall,Coldplay
Smile Like You Mean It,The Killers
Celebration,Dragon
Rush Rush,Paula Abdul
Life Is Good (feat. Drake),"Future, Drake"
He's Gonna Step On You Again - 2014 Remastered Version,John Kongos
On Top,"Flume, T-Shirt"
Right Here Right Now,Jesus Jones
willow,Taylor Swift
Scar,Missy Higgins
Underdog,Kasabian
Big (feat. Gunna),"Rita Ora, David Guetta, Imanbek, Gunna"
Worry About Me (feat. blackbear),"Ellie Goulding, blackbear"
Leave (Get Out),JoJo
Hot,Avril Lavigne
Not Fair,Lily Allen
No Problem (feat. Lil Wayne & 2 Chainz),"Chance the Rapper, Lil Wayne, 2 Chainz"
Black Betty - Edit,Spiderbait
Little Shocks,Kaiser Chiefs
Roxanne,The Police
Timber,"Pitbull, Kesha"
Leave Out All The Rest,Linkin Park
These Words,Natasha Bedingfield
Graveyard,Halsey
She's a Mystery to Me,Roy Orbison
A Million Dreams,P!nk
Barbra Streisand - Radio Edit,Duck Sauce
Your Song,Elton John
(Keep Feeling) Fascination,The Human League
It's Gonna Work Out Fine,Ike & Tina Turner
The Bad Touch,Bloodhound Gang
Don't You Worry Child,"Swedish House Mafia, John Martin"
Another Night,Real McCoy
You Know You Like It,"DJ Snake, AlunaGeorge"
Home,Teddy Cream
Wouldn't It Be Good,Nik Kershaw
Sympathy For The Devil,The Rolling Stones
Life in a Northern Town,The Dream Academy
This Is Heaven,Nick Jonas
With Or Without You - Remastered,U2
Pray,Tina Cousins
What You Got - What U Got,Abs Breen
Sun Comes Up (feat. James Arthur),"Rudimental, James Arthur"
It's Like That,"Run–D.M.C., Jason Nevins"
Back 2 Good,Matchbox Twenty
Lovefool - Radio Edit,The Cardigans
Honey - 1991 - Remaster,Bobby Goldsboro
"(I've Had) The Time of My Life - From ""Dirty Dancing"" Soundtrack","Bill Medley, Jennifer Warnes"
I Believe In You,Don Williams
Everybody's Somebody's Fool,Connie Francis
How Deep Is Your Love,Bee Gees
He's Just No Good For You,Mental As Anything
Crazier,Taylor Swift
Beautiful Day,U2
If This Is It,Huey Lewis & The News
Little Diane,Dion
Things We Lost In The Fire,Bastille
Die For Me (feat. Future & Halsey),"Post Malone, Halsey, Future"
Broken,"Seether, Amy Lee"
Borne on the Wind,Roy Orbison
Sorrow - 2015 Remaster,David Bowie
Foolish Little Girl,The Shirelles
Good Night,Reece Mastin
Little Red Rooster - Mono,The Rolling Stones
Swing - Joel Fletcher Remix,"Joel Fletcher, Savage"
Hello,Karmin
On The Ground,ROSÉ
Halfway Hotel,Voyager
GDFR (feat. Sage the Gemini & Lookas),"Flo Rida, Sage The Gemini, Lookas"
Handy Man,James Taylor
Ice Ice Baby,Vanilla Ice
Video Killed The Radio Star,The Buggles
Another Saturday Night,Sam Cooke
Twist of Fate,Olivia Newton-John
Space Oddity - 2009 Remastered Version,David Bowie
Dynamite,Taio Cruz
Let's Spend The Night Together,The Rolling Stones
Pointless Relationship,Tammin Sursok
You Really Got Me,The Kinks
I Know What You Did Last Summer,"Shawn Mendes, Camila Cabello"
Big Girls Don't Cry (Personal),Fergie
Simply Irresistible,Robert Palmer
Bloodstream,"Ed Sheeran, Rudimental"
Way out West,The Dingoes
Desire,U2
"Not Me, Not I",Delta Goodrem
Wipe Out,The Surfaris
Thumbs,Sabrina Carpenter
I Don't Wanna Know,Silience
Tilt Ya Head Back - Album Version / Explicit,"Nelly, Christina Aguilera"
Wish You Well,Bernard Fanning
C'est la Vie,B*Witched
White Men Can't Jump,Riff
Metal Guru,T. Rex
Birthday,Katy Perry
Familiar,"Liam Payne, J Balvin"
Better Together,Jack Johnson
In Love,The Beautiful Girls
Rolling in the Deep,Adele
Stay,"Zedd, Alessia Cara"
The Return Of The Red Baron,The Royal Guardsmen
Edge of Seventeen - 2016 Remaster,Stevie Nicks
You Little Thief,Feargal Sharkey
Khe Sanh - 2011 Remastered,Cold Chisel
Glad All Over,Hush
I Need A Dollar,Aloe Blacc
I Love It (& Lil Pump),"Kanye West, Lil Pump"
Lucky,Britney Spears
Hey Mr. D.J. - Original Mix - Edit,Zhané
Fat Bottomed Girls - Remastered 2011,Queen
Hand Me Down World - Single Version,The Guess Who
All My Life - Radio Edit,K-Ci & JoJo
Magic,The Cars
Sad Lisa,Yusuf / Cat Stevens
Carry On,Motor Ace
Katchi - Ofenbach vs. Nick Waterhouse,"Ofenbach, Nick Waterhouse"
Whatever You Like,T.I.
Midnight City,M83
Black Cat,Janet Jackson
Morning Glory - Remastered,Oasis
Pound The Alarm,Nicki Minaj
Four And Twenty Hours,Nana Mouskouri
We All Want The Same Thing,Rixton
More Than Words Can Say,Alias
These Days,Bardot
Lost In Japan - Remix,"Shawn Mendes, Zedd"
Bloom,Troye Sivan
Love Is All I Got,"Feed Me, Crystal Fighters"
I'm Gonna Getcha Good! - Red Single Edit,Shania Twain
Kiss This Thing Goodbye,Del Amitri
Yours,Russell Dickerson
She's so High,Tal Bachman
Gloria,Laura Branigan
Beautiful Mistakes (feat. Megan Thee Stallion),"Maroon 5, Megan Thee Stallion"
All Your Reasons,Matchbox Twenty
Gimme More,Britney Spears
Say It Once - Single Edit,"Ultra, Steve Robson And Andy Bradfield"
Love Your Way,Powderfinger
Holy Water,"Besomorph, Lucifer"
Tip Of My Tongue,Diesel
Falling,Candice Alley
The Car Song,The Cat Empire
If Today Was Your Last Day,Nickelback
Just the Way You Are,Bruno Mars
Cry for You,September
Buddy Holly,Weezer
Fill Me In,Craig David
Love at First Sight,Kylie Minogue
Good Riddance (Time of Your Life),Green Day
The Whole of the Moon - 2004 Remaster,The Waterboys
What Now,Rihanna
I'm Good,Wafia
Higher Ground - Remastered 2003,Red Hot Chili Peppers
Sundream,RÜFÜS DU SOL
Stay High - Habits Remix,"Tove Lo, Hippie Sabotage"
Body Moving,"Eliza Rose, Calvin Harris"
Wasting My Time,Default
Don’t Call Me Angel (Charlie’s Angels) (with Miley Cyrus & Lana Del Rey),"Ariana Grande, Miley Cyrus, Lana Del Rey"
Eenie Meenie,"Sean Kingston, Justin Bieber"
Call Me,Blondie
Hey Hey Hey (Pop Another Bottle) - Video Edit,"Laurent Wery, Swift K.I.D., Dev"
Devil Gate Drive,Suzi Quatro
Despacito - Remix,"Luis Fonsi, Daddy Yankee, Justin Bieber"
Do That To Me One More Time,Captain & Tennille
Total Eclipse of the Heart,Bonnie Tyler
Six Months in a Leaky Boat,Split Enz
California - Tchad Blake Mix,Phantom Planet
Moviestar,Harpo
The Impression That I Get,The Mighty Mighty Bosstones
New Perspective,Panic! At The Disco
Rather Be (feat. Jess Glynne),"Clean Bandit, Jess Glynne"
Classic,MKTO
SUGAR,BROCKHAMPTON
Funky Town,Pseudo Echo
Patience,Guns N' Roses
Always Be My Baby,Mariah Carey
In Your Eyes,Kylie Minogue
Awkward,San Cisco
Love Again,Dua Lipa
Powerful (feat. Ellie Goulding & Tarrus Riley),"Major Lazer, Ellie Goulding, Tarrus Riley"
Out Of Mind Out Of Sight,Models
2 Be Loved (Am I Ready),Lizzo
High On Me,Guy Sebastian
Open Arms,Journey
Who's That Girl (feat. Eve),"Guy Sebastian, Eve"
California Dreamin',Sia
Never Worn White,Katy Perry
Lights And Sounds,Yellowcard
Old Rivers,"Walter Brennan, The Johnny Mann Singers"
Horny ('98 Radio Edit),"Mousse T., Hot 'N' Juicy"
The Stroke - Remastered 2010,Billy Squier
Friends (with BloodPop®),"Justin Bieber, BloodPop®"
Nobody's Home,Avril Lavigne
Rewrite The Stars,"Zac Efron, Zendaya"
Shocked,Kylie Minogue
I Want to Know What Love Is - 2008 Remaster,Foreigner
Pump Up The Jam - Edit,Technotronic
"Knowing Me, Knowing You",ABBA
Beetlebum,Blur
Everywhere You Go,Taxiride
You All Over Me (feat. Maren Morris) (Taylor’s Version) (From The Vault),"Taylor Swift, Maren Morris"
Wheels,Foo Fighters
Paralyzer,Finger Eleven
You'll Be In My Heart,Phil Collins
Burn,Ellie Goulding
Kiss My (Uh Oh),"Anne-Marie, Little Mix"
Rhythm of the Rain,The Cascades
Turn The Page,Metallica
Sharing The Night Together,Dr. Hook
Do It Again,The Chemical Brothers
Westside,TQ
Stranger Love,"PNAU, Budjerah"
Hazard,Richard Marx
The Wah-Watusi,The Orlons
Feelin' Way Too Damn Good,Nickelback
Battle Scars (feat. Lupe Fiasco),"Guy Sebastian, Lupe Fiasco"
Dear Darlin',Olly Murs
The First Time Ever I Saw Your Face,George Michael
Hit the Road Jack,Ray Charles
You Shook Me All Night Long,AC/DC
Let's Get Loud,Jennifer Lopez
Don't give up on us,David Soul
Mockingbird,"Carly Simon, James Taylor"
Rev It Up,Jerry Harrison
Locked out of Heaven,Bruno Mars
Into You,Ariana Grande
That Beep,Architecture In Helsinki
D'yer Mak'er - 1990 Remaster,Led Zeppelin
Macarena - Bayside Boys Remix,Los Del Rio
Intergalactic - Remastered 2009,Beastie Boys
Lasting Lover,"Sigala, James Arthur"
Black Betty - Edit,Spiderbait
Ignition - Remix,R. Kelly
Naughty - Radio Edit,"Elen Levon, Israel Cruz"
El Condor Pasa (If I Could),Simon & Garfunkel
Better Man,Robbie Williams
Solar Power,Lorde
Go West - 2003 Remaster,Pet Shop Boys
Fit but You Know It,The Streets
I Know There's Something Going On,Frida
When You Were Sweet Sixteen,"The Fureys, Davey Arthur"
Dream Catch Me,Newton Faulkner
Face The Face,Pete Townshend
Welcome To My World,Mýa
Any Dream Will Do,Max Bygraves
Better Best Forgotten,Steps
Kill This Love,BLACKPINK
Shake Ya Tailfeather - Radio,"Murphy Lee, Nelly, Diddy"
Fallin',Alicia Keys
Dilemma,"Nelly, Kelly Rowland"
Africa,TOTO
Turn Me On,Kevin Lyttle
Mercy,Duffy
Sweet Nothing (feat. Florence Welch),"Calvin Harris, Florence Welch"
Cara Mia,Jay & The Americans
...Ready For It?,Taylor Swift
Living Next Door to Alice,Smokie
Lullaby - Original Radio Edit,Shawn Mullins
Sweet Dreams,Beyoncé
The Memory Remains,"Metallica, Marianne Faithfull"
I Won't Let You Go,James Morrison
Don't Dream It's Over,Crowded House
Dr. Feelgood,Mötley Crüe
Drops of Jupiter (Tell Me),Train
Since U Been Gone,Kelly Clarkson
You,Nathaniel
Lifestyles of the Rich & Famous,Good Charlotte
I Love My Life,Justice Crew
You Should Hear How She Talks About You,Melissa Manchester
U Got It Bad,USHER
Fight Song,Rachel Platten
Chasing Cars,Snow Patrol
Overkill - Acoustic Version,Colin Hay
The Best Thing,Boom Crash Opera
You All Dat,Baha Men
Who's Gonna Ride Your Wild Horses,U2
Just the Way You Are,Billy Joel
The Boys Light Up - Remastered,Australian Crawl
Marvin Gaye (feat. Meghan Trainor),"Charlie Puth, Meghan Trainor"
(I Just) Died In Your Arms,Cutting Crew
Rhythm Of Life,"Diana Ross, The Temptations"
The Piper's Song,GATC
Baba O'Riley,The Who
1901,Phoenix
Pick You Up,Powderfinger
Hold the Line,TOTO
Kings & Queens,Ava Max
Hard To Handle,The Black Crowes
Oh Sherrie,Steve Perry
Get Out My Head,Shane Codd
My Island Home,Warumpi Band
"Young, Wild & Free (feat. Bruno Mars)","Snoop Dogg, Wiz Khalifa, Bruno Mars"
Baby I Don't Care,Transvision Vamp
The Right Time,The Corrs
Let It Be - Remastered 2009,The Beatles
Heaven Knows,"Donna Summer, Brooklyn Dreams"
Touch,Little Mix
Can I Get a Moment?,Jessica Mauboy
On Your Side,The Veronicas
Take It Off,Kesha
Run Runaway,Slade
Run Away,Real McCoy
Glycerine,Bush
Broken Bones,Birds Of Tokyo
Cheap Thrills,Sia
Let's Love,"David Guetta, Sia"
Easy,Troye Sivan
It's a Long Way to the Top (If You Wanna Rock 'N' Roll),AC/DC
Undecided,The Master's Apprentices
3AM Eternal - Live at the S.S.L.,The KLF
Opposite of Adults,Chiddy Bang
Beep,"The Pussycat Dolls, will.i.am"
2002,Anne-Marie
"Men In Black - From ""Men In Black"" Soundtrack",Will Smith
Let It Burn,Jazmine Sullivan
Bitter Desire,Kids In The Kitchen
How Far We've Come,Matchbox Twenty
Trouble,Lindsey Buckingham
How We Do (Party),Rita Ora
Ordinary World,Duran Duran
Please Please Please,Sabrina Carpenter
She's A Genius,Jet
Master Blaster (Jammin'),Stevie Wonder
Layla - 40th Anniversary Version / 2010 Remastered,Derek & The Dominos
Keep On Movin',"Five, Steve Mac"
I Got You,Bebe Rexha
Beautiful Liar,"Beyoncé, Shakira"
Only Sixteen,Dr. Hook
Dirty Talk,Wynter Gordon
Genghis Khan,Miike Snow
Do It Right,Anne-Marie
Married In Vegas,The Vamps
Wild Night,Van Morrison
Cruel Intentions,Simian Mobile Disco
Refugee,Tom Petty and the Heartbreakers
Shivers,Ed Sheeran
Murder On The Dancefloor,Sophie Ellis-Bextor
San Antonio Rose,Floyd Cramer
Car Wash - Long Version,Rose Royce
Dance The Way I Feel,Ou Est Le Swimming Pool
Bohemian Rhapsody - Remastered 2011,Queen
Blow Me (One Last Kiss) - Radio Edit,P!nk
Circus,Britney Spears
Drop It Like It's Hot,"Snoop Dogg, Pharrell Williams"
So Far Away - Full Version,Dire Straits
Someday (feat. Meghan Trainor),"Michael Bublé, Meghan Trainor"
Scream & Shout,"will.i.am, Britney Spears"
Let's Go All The Way,Sly Fox
Body Like A Back Road,Sam Hunt
Outside (feat. Ellie Goulding),"Calvin Harris, Ellie Goulding"
Super Far,LANY
Could I Have This Kiss Forever,"Enrique Iglesias, Whitney Houston"
I Hope (feat. Charlie Puth),"Gabby Barrett, Charlie Puth"
Always on My Mind,Pet Shop Boys
Modern Love - 1999 Remaster,David Bowie
There's Always Me - alt. take 2,"Elvis Presley, The Jordanaires"
We're An American Band - Remastered 2002,Grand Funk Railroad
This Diamond Ring,Gary Lewis & The Playboys
Can't Stop This Thing We Started,Bryan Adams
Heartbreak Hotel (feat. Faith Evans & Kelly Price),"Whitney Houston, Faith Evans, Kelly Price"
For You,Ricky Nelson
I'm a Believer - 2006 Remaster,The Monkees
Mary Had A Little Boy,SNAP!
Australiana,Austen Tayshus
Call It What You Want,Taylor Swift
Viva La Vida,Coldplay
2002,Anne-Marie
Constantly (L'Edera) - 2007 Remaster,Cliff Richard
The Last Waltz,Engelbert Humperdinck
Rhythm Of Love,Plain White T's
Big Yellow Taxi,"Counting Crows, Vanessa Carlton"
Blue Monday '88,New Order
Somebody Told Me,The Killers
You Weren't in Love with Me,Billy Field
Sex on Fire,Kings of Leon
Something - Remastered 2009,The Beatles
Time After Time - Radio Edit,Novaspace
Troublemaker,Taio Cruz
Treat You Better,Shawn Mendes
Never Be the Same,Camila Cabello
Foolish Games,Jewel
Yippiyo-Ay,The Presets
The Things We Do For Love,10cc
Let It Out (Let It All Hang Out),The Hombres
"Rhythm Is A Dancer - 7"" Edit",SNAP!
Mr. Brightside,The Killers
Apologize,"Timbaland, OneRepublic"
All The Pretty Girls,Vera Blue
Let It Go,James Bay
Lady Marmalade,Patti LaBelle
Shameless,Camila Cabello
Just A Girl,No Doubt
Waiting,KIAN
Brand New Key,Melanie
It's Not Over,Daughtry
She's All I Ever Had,Ricky Martin
Big Jet Plane,Angus & Julia Stone
A Must to Avoid,Herman's Hermits
"Because You Loved Me (Theme from ""Up Close and Personal"")",Céline Dion
Humpin' Around - Radio Edit,Bobby Brown
Selfish Love (with Selena Gomez),"DJ Snake, Selena Gomez"
abcdefu,GAYLE
Super Freaky Girl,Nicki Minaj
Like Toy Soldiers,Eminem
The Girl Is Mine,99 Souls
Starships,Nicki Minaj
#WHERESTHELOVE - Charity Single,"Black Eyed Peas, The World"
Ready to Fly,Amy Pearson
Suspicious Minds,Elvis Presley
Shoes,Tiga
Echoes,Klaxons
Justified & Ancient,The KLF
Sounds of Then (This Is Australia),GANGgajang
He's Gonna Step on You Again,The Party Boys
Ice Cream (with Selena Gomez),"BLACKPINK, Selena Gomez"
I Need Your Body,Tina Arena
Where Are Ü Now (with Justin Bieber),"Jack Ü, Skrillex, Diplo, Justin Bieber"
All of the Stars,Ed Sheeran
Don't Matter,Akon
Dirty Picture,"Taio Cruz, Kesha"
Cleanin' Out My Closet,Eminem
Locked Away (feat. Adam Levine),"R. City, Adam Levine"
Fire and Rain - 2019 Remaster,James Taylor
Out Of My Head,Fastball
Don't Pull Your Love,"Hamilton\, Joe Frank & Reynolds"
Kryptonite,3 Doors Down
Freedom! '90 - Remastered,George Michael
So What,P!nk
Better Off Alone,Grinspoon
Something In The Way You Move,Ellie Goulding
Greatest Hits Megamix - Jewels & Stone Remix,"Five, Queen, Steve Mac, Stargate, Cutfather & Joe"
Gonna Make You Sweat (Everybody Dance Now) (feat. Freedom Williams),"C & C Music Factory, Freedom Williams"
Lighthouse,G.R.L.
Pompeii,Bastille
Jealous,Labrinth
My Stupid Mouth,John Mayer
Sixteen Reasons,Connie Stevens
Shake It Off,Taylor Swift
Somewhere,P.J. Proby
Addicted to Bass,Josh Abrahams
Angels,John Farnham
You Make Me Feel Brand New,The Stylistics
Atlantis,Donovan
Free Ride,The Edgar Winter Group
Mary Jane's Last Dance,Tom Petty and the Heartbreakers
Ghosts,The Presets
This Kiss,Faith Hill
So Beautiful - Single Version,Pete Murray
Who Can It Be Now?,Men At Work
I'd Love You to Want Me,Lobo
Shake It,The Potbelleez
Green Onions,Booker T. & the M.G.'s
Chemical Heart,Grinspoon
Strong Enough,Sheryl Crow
When I Grow Up,The Pussycat Dolls
24K Magic,Bruno Mars
Washington Square,The Village Stompers
We Will Rock You - Remastered 2011,Queen
Pick Up the Pieces,Average White Band
Jessie,Joshua Kadison
Poker Face,Lady Gaga
Hotel Room Service,Pitbull
Somethings Gotta Give,John Butler Trio
Gotta Be the One,Maxine Nightingale
One Track Mind,Bobby Lewis
What You Waiting For?,Gwen Stefani
Like a Drum,Guy Sebastian
Photograph,Ed Sheeran
Brother,Matt Corby
Suddenly,Angry Anderson
Take You Dancing,Jason Derulo
You Right,"Doja Cat, The Weeknd"
Love Lost,The Temper Trap
"Monday, Monday - Single Version",The Mamas & The Papas
That's Freedom,John Farnham
American Dream,MKTO
Stick Season,Noah Kahan
Come on over Baby (All I Want Is You) - Radio Version,Christina Aguilera
Paper Roses,Anita Bryant
Kissing a Fool - Remastered,George Michael
What Have You Done For Me Lately,Janet Jackson
End Of The Road,Boyz II Men
We No Speak Americano (JT Radio Edit),"Yolanda Be Cool, DCup"
65 Mustang,Five For Fighting
Cold Hard Bitch,Jet
King,Olly Alexander (Years & Years)
Toes,Lights
Time Is On My Side - Mono Version,The Rolling Stones
You Ruin Me,The Veronicas
One and Only,Adele
Your Mama Won't Like Me - 2017 Remaster,Suzi Quatro
Jai Ho! (You Are My Destiny),"A.R. Rahman, The Pussycat Dolls, Nicole Scherzinger"
Mr. Custer,Larry Verne
Set In Stone,Guy Sebastian
Keep On Dancing,Mike Waters
Boom Boom Pow,Black Eyed Peas
No Matter What - Remastered 2010,Badfinger
Dancing in the Moonlight (feat. NEIMY),"Jubël, NEIMY"
How to Save a Life,The Fray
Dancing On My Own,Calum Scott
Californication,Red Hot Chili Peppers
Shot You Down,"Audio Bullys, Nancy Sinatra"
Original Prankster,The Offspring
Put Down That Weapon,Midnight Oil
"Lady Marmalade - From ""Moulin Rouge"" Soundtrack","Christina Aguilera, Lil' Kim, Mýa, P!nk"
Kids,MGMT
Take Me to Church,Hozier
You Should Be Dancing,Dee Gees
I Don't Wanna Be In Love (Dance Floor Anthem),Good Charlotte
Caribbean Queen (No More Love On the Run),Billy Ocean
I Must Be Seeing Things - Remastered,Gene Pitney
Beach Baby,The First Class
I Got You (I Feel Good),James Brown & The Famous Flames
(You're) Having My Baby,"Paul Anka, Odia Coates"
Diamonds,Morgan Evans
I Just Want To Be Your Everything,Andy Gibb
Turn All the Lights On (feat. Ne-Yo),"T-Pain, Ne-Yo"
Nervous,Shawn Mendes
Breathing,Jason Derulo
All My Loving - Remastered 2009,The Beatles
I Can Be Your Star,Peppermint Heaven
Rich Girl,Daryl Hall & John Oates
Only the Good Die Young,Billy Joel
Love Drunk,BOYS LIKE GIRLS
We Are The Champions - Remastered 2011,Queen
You Don't Know Me - Radio Edit,"Jax Jones, RAYE"
Sugar (feat. Wynter),"Flo Rida, Wynter Gordon"
Stupid Girl,Garbage
Dawn (Go Away),Frankie Valli & The Four Seasons
What You Need,INXS
People - 2007 Remastered,Mi-Sex
Heartbeat Loud,"Andy C, Fiora"
Forgotten Years - Remastered,Midnight Oil
The Lion Sleeps Tonight,Tight Fit
Here I Go Again - 1987 Version; 2008 Remaster,Whitesnake
Fast Car - Acoustic,"Jonas Blue, Dakota"
Rock the Casbah - Remastered,The Clash
Let My Love Open The Door,Pete Townshend
All My Love (Solo Tu),Cliff Richard
The Fighter,"Keith Urban, Carrie Underwood"
Goodbye - Remastered 2010 / Bonus Track,Mary Hopkin
Road to Nowhere - 2005 Remaster,Talking Heads
Anything,3T
Give It Up,KC & The Sunshine Band
"Oh, Babe What Would You Say",Hurricane Smith
Glitter,BENEE
My Thing,Moodbay
Stand Up For Love (2005 World Children's Day Anthem) - Radio Edit,Destiny's Child
Clair,Gilbert O'Sullivan
Daytona Demon - 2017 Remaster,Suzi Quatro
Love Is A Battlefield,Pat Benatar
Sacrifice,Bebe Rexha
Apache,Jørgen Ingmann
Rocketeer,"Far East Movement, Ryan Tedder, Ruff Loaderz"
Home,Phillip Phillips
Last To Know - Remastered,Human Nature
Dani California,Red Hot Chili Peppers
Let You Down,NF
The Salmon Dance,The Chemical Brothers
Thought I'd Died And Gone To Heaven,Bryan Adams
Chameleon,PNAU
In the Closet - Single Version,Michael Jackson
Just Like You,Robbie Nevil
Don't Forget Me (When I'm Gone),Glass Tiger
Take Your Shirt Off,T-Pain
Cupid - Twin Ver.,FIFTY FIFTY
The One Who Really Loves You - Single Version,Mary Wells
Ain't Nobody,Jaki Graham
Runaway,Del Shannon with Orchestra
3 Words,"Cheryl, will.i.am"
It Ain't Me (with Selena Gomez),"Kygo, Selena Gomez"
Song 2 - 2012 Remaster,Blur
Dangerous (feat. Sam Martin),"David Guetta, Sam Martin"
(You Drive Me) Crazy,Britney Spears
WITHOUT YOU (with Miley Cyrus),"The Kid LAROI, Miley Cyrus"
Kiss,"Tom Jones, The Art Of Noise"
Think About Us (feat. Ty Dolla $ign),"Little Mix, Ty Dolla $ign"
Leave Me Lonely,Hilltop Hoods
The Way I Are,"Timbaland, Keri Hilson, D.O.E."
"De Do Do Do, De Da Da Da - Remastered 2003",The Police
Falling Into You,Céline Dion
Love Me Tender,Elvis Presley
Prisoner of Society,The Living End
Running Back (feat. Flo Rida),"Jessica Mauboy, Flo Rida"
If I Had a Hammer,"Peter\, Paul and Mary"
Super Bass,Nicki Minaj
Beautiful Eyes,Amy Shark
We Will Rock You - Radio Edit,"Five, Queen"
Bam Bam (feat. Ed Sheeran),"Camila Cabello, Ed Sheeran"
Phazing (feat. Rudy),"Dirty South, Rudy"
Bitch,Meredith Brooks
I Could Be The One (Avicii Vs. Nicky Romero) - Radio Edit,"Avicii, Nicky Romero"
Computer Games,Mi-Sex
My Deepest Darkest Friend,The Heartland Collective
"What Is Love - 7"" Mix",Haddaway
Big Mistake,Natalie Imbruglia
Cherry Bomb,John Mellencamp
Brick by Boring Brick,Paramore
Take A Bow,Rihanna
All I Wanna Do,Sheryl Crow
lie to me,"Tate McRae, Ali Gatie"
Dear Future Husband,Meghan Trainor
Sonnentanz - Sun Don't Shine,"Klangkarussell, Will Heard"
I'll Never Break Your Heart,Backstreet Boys
16,Craig David
Do the Clam,Elvis Presley
Cheap Thrills,Sia
Apologize,OneRepublic
Lady Writer,Dire Straits
More Than Words,Extreme
How Am I Supposed to Live Without You,Michael Bolton
I Need a Dollar,Aloe Blacc
Hold Up,Beyoncé
Just When I Needed You Most,Randy VanWarmer
Rumour Has It,Adele
I've Told Every Little Star,Linda Scott
Bang!,AJR
Be Faithful,"Fatman Scoop, The Crooklyn Clan"
Standing Next to You,Jung Kook
If I Let You Go - Radio Edit,Westlife
Walk Away,Matt Monro
I'll Be Your Shelter,Taylor Dayne
Starlight - Radio Edit,"The Supermen Lovers, Mani Hoffman"
Me Myself & I,Scandal'us
Fox On The Run,Manfred Mann
Doggin' Around,Jackie Wilson
State Of The Heart - Digitally Remastered,Mondo Rock
Choirgirl - 2011 Remastered,Cold Chisel
Something About The Way You Look Tonight - Edit Version,Elton John
Sweet but Psycho,Ava Max
Wherever I May Roam,Metallica
When I Grow Up,Garbage
Chicken Fried,Zac Brown Band
By the Way,Red Hot Chili Peppers
When I Get You Alone,Robin Thicke
Drive,Incubus
Mama,B.J. Thomas
When We Were Kids,The Galvatrons
Do It Right,"Martin Solveig, Tkay Maidza"
I Don't Care (with Justin Bieber),"Ed Sheeran, Justin Bieber"
Mockingbird,Inez Foxx
Feeding Line,Boy & Bear
Over You,Daughtry
I Need A Doctor,"Dr. Dre, Eminem, Skylar Grey"
Mad at Disney,salem ilese
Walk This Way (feat. Aerosmith),"Run–D.M.C., Aerosmith"
Some Say - Felix Jaehn Remix,"Nea, Felix Jaehn"
Crying in the Rain,The Everly Brothers
Life Is A Highway,Tom Cochrane
Single,"New Kids On The Block, Ne-Yo"
Creeque Alley - Single Version,The Mamas & The Papas
New Rules,Dua Lipa
Raspberry Beret,Prince
Ocean Drive,Duke Dumont
Ugly,Sugababes
Secrets,"Regard, RAYE"
Maria,Blondie
Paper In Fire,John Mellencamp
A Beat For You,Pseudo Echo
Waiting for a Star to Fall,Boy Meets Girl
Turn A Blind Eye,Hunters & Collectors
Heartbreak Anniversary,Giveon
Believer,Imagine Dragons
Look Me In the Eye Sister,Groove Armada
"I Am, I Feel",Alisha's Attic
Suddenly I See,KT Tunstall
Unfaithful,Rihanna
Radioactive,Imagine Dragons
No Good in Goodbye,The Script
My Best Friend's Girl,The Cars
Girls Just Want to Have Fun,Cyndi Lauper
This Ole House,Shakin' Stevens
Ghetto Gospel,2Pac
Stronger (What Doesn't Kill You),Kelly Clarkson
SAD!,XXXTENTACION
What Goes Around...Comes Around - Radio Edit,Justin Timberlake
I Want To Break Free - Remastered 2011,Queen
On the Prowl,Ol' 55
Black Beatles,"Rae Sremmurd, Gucci Mane"
Don't Leave Home,Dido
What Can I Say,Boz Scaggs
Higher Love,Steve Winwood
"Love Me Like You Do - From ""Fifty Shades Of Grey""",Ellie Goulding
That's What I Like,Bruno Mars
Take Me Over,"Peking Duk, SAFIA"
Whatcha Say,Jason Derulo
Don't Go Breaking My Heart,"Elton John, Kiki Dee"
Lovefool - Radio Edit,The Cardigans
Sandstorm,Darude
This Guy's In Love With You,Herb Alpert & The Tijuana Brass
Did It Again,Kylie Minogue
You've Got A Way,Shania Twain
Mr. Vain - Original Radio Edit,Culture Beat
She's Got Me Dancing,Tommy Sparks
Tear It Down,The Aston Shuffle
TRUSTFALL,P!nk
Trust Myself,Sam Perry
It's You,Ali Gatie
YOUTH,Troye Sivan
Naked,James Arthur
Forever,"N-Trance, Kenny Hayes"
Can I Go Now,Jennifer Love Hewitt
The Lovecats,The Cure
Promises,The Presets
Careless,Little Sea
Miss Freelove of '69,John David
Homburg - Single Version - 2009 Remaster - Mono,Procol Harum
As Long As You Love Me,"Justin Bieber, Big Sean"
Here,Alessia Cara
Get It,Havana Brown
Wild Thing,Tone-Loc
Think Twice,Brook Benton
Blue Bayou,Roy Orbison
Listen To What The Man Said - 1993 Digital Remaster,Wings
Saturday in the Park - 2002 Remaster,Chicago
Dear Mr. President,"P!nk, Indigo Girls"
Kiss Kiss (feat. T-Pain),"Chris Brown, T-Pain"
Houdini,Foster The People
Lay It On Me,Vance Joy
Here for You (feat. Ella Henderson),"Kygo, Ella Henderson"
What Hurts The Most,Rascal Flatts
"I'll Be There (feat. Trey Lorenz) - Live at MTV Unplugged, Kaufman Astoria Studios, New York - March 1992","Mariah Carey, Trey Lorenz"
I Turn To You,Melanie C
You Really Got Me - Mono Mix,The Kinks
Now We're Getting Somewhere,Crowded House
You Can't Sit Down,The Dovells
Radioactive,Imagine Dragons
Sword from the Stone - Gingerbread Mix,Passenger
Come On Eileen,Dexys Midnight Runners
48 Crash,Suzi Quatro
She's Not There,The Zombies
All You Zombies,The Hooters
Invisible Touch - Remastered 2007,Genesis
Homeward Bound,Simon & Garfunkel
I.O.U. - Remastered,Freeez
That's Not My Name,The Ting Tings
Iris,The Goo Goo Dolls
Underwear Goes Inside The Pants,Lazyboy
The Tears I Cried,The Glitter Band
Stole the Show,"Kygo, Parson James"
Breathe (feat. Stu Stone) - Radio Edit,"Kaz James, Stu Stone"
All The Small Things,blink-182
You Don't Know Me,Ray Charles Orchestra
Just Friends,"Hayden James, Boy Matthews"
Kiss (When The Sun Don't Shine),Vengaboys
Anything for You,Gloria Estefan
Growin' Up and Gettin' Old,Luke Combs
Don't Call Me Baby,Madison Avenue
Foolish,Ashanti
The Fear,Lily Allen
Trigger,Sandrine
Dr. Beat,Miami Sound Machine
Who's That Girl,Madonna
(Such An) Easy Question,Elvis Presley
Simple Man,Lynyrd Skynyrd
Alien,"Sabrina Carpenter, Jonas Blue"
This Is What It Feels Like,"Armin van Buuren, Trevor Guthrie"
Chandelier,Sia
Do You,Ne-Yo
Your Body Is a Weapon,The Wombats
Where the Party At (feat. Nelly),"Jagged Edge, Nelly"
Get Ready,The Temptations
Let's Talk About Sex,Salt-N-Pepa
In Da Club,50 Cent
"CAN'T STOP THE FEELING! (from DreamWorks Animation's ""TROLLS"")",Justin Timberlake
Behind These Hazel Eyes,Kelly Clarkson
We Walk,The Ting Tings
Hey There Delilah,Plain White T's
Paper Romance,Groove Armada
Glad All Over - 2019 - Remaster,The Dave Clark Five
The Call,Backstreet Boys
Wanna Be Up,Chantoozies
SING,My Chemical Romance
Baby,"Justin Bieber, Ludacris"
Last Night I Didn't Get to Sleep at All - Remastered 1997,The 5th Dimension
Strangers,Sigrid
Sunshine After The Rain,Berri
"You're The One That I Want - From ""Grease"" Original Motion Picture Soundtrack","John Travolta, Olivia Newton-John"
Small Bump,Ed Sheeran
Words,Birdy
Great Southern Land,ICEHOUSE
Dizzy,"Vic Reeves, The Wonder Stuff"
All Day and All of the Night,The Kinks
Hot Stuff,Donna Summer
Brick,Ben Folds Five
With Arms Wide Open,Creed
Falling to Pieces,Faith No More
This Time Around,Hanson
Superstar,Dami Im
The Goondiwindi Grey,Tex Morton
Don't Need Love,Diesel
Too Close,Next
I Honestly Love You,Olivia Newton-John
Any Way You Want It,Journey
Maps,Maroon 5
Bright Eyes,Art Garfunkel
1999,"Charli xcx, Troye Sivan"
"My Heart Will Go On - Love Theme from ""Titanic""",Céline Dion
Acapella,Karmin
Love Story - US Album Version,Taylor Swift
Oh Yeah,Taxiride
A Thousand Miles,Vanessa Carlton
Wings Of An Eagle,Russell Morris
The River of Dreams,Billy Joel
Need You Now,Lady A
1-800-273-8255,"Logic, Alessia Cara, Khalid"
Young Hearts Run Free,Kym Mazelle
Misery,Maroon 5
Trumpets,Jason Derulo
Theme from a Summer Place,Percy Faith
Physical,Olivia Newton-John
Hot Summer Nights,Night
Songbird,Bernard Fanning
Baby Got Back,Sir Mix-A-Lot
What You Waitin' For,"Ray Parker Jr., Raydio"
I Want You to Want Me,Cheap Trick
Living on the Edge,Aerosmith
when the party's over,Billie Eilish
Woman - Mono; 2003 Remaster,Peter And Gordon
Born Together,The Potbelleez
Just Like Jesse James,Cher
Wishes,Human Nature
Weapon Of Choice (feat. Bootsy Collins) - Remastered Version,"Fatboy Slim, Bootsy Collins"
Born Slippy (Nuxx),Underworld
Step by Step,Whitney Houston
I Love It (feat. Charli XCX),"Icona Pop, Charli xcx"
Jump In My Car,Ted Mulry Gang
"Kick, Push",Lupe Fiasco
Midnight at the Oasis,Maria Muldaur
Jumpstart,These Kids Wear Crowns
The Witch Queen of New Orleans,Redbone
Kids In America,Kim Wilde
Army of Two,Olly Murs
Up/Down,Jessica Mauboy
Bleeding Love,Leona Lewis
Life in the Fast Lane - 2013 Remaster,Eagles
Spiderman Theme (Karaoke Version With Background Vocals) - Originally Performed By Michael Bublé,A-Type Player
Indian Lake,The Cowsills
Automatic,Angel Azmeer
Mary Had A Little Lamb - 2018 Remaster,Wings
Put 'Em High - StoneBridge & JJ Radio,"StoneBridge, Therese"
Let's Get Loud,Jennifer Lopez
Shot Caller - Radio Edit,Ian Carey
Someday Never Comes,Creedence Clearwater Revival
Learning To Fly,Tom Petty and the Heartbreakers
I Send A Message,INXS
We Are The People,Empire Of The Sun
Who'd Have Known,Lily Allen
In My Blood,Shawn Mendes
Try A Little Kindness,Glen Campbell
Hold On To Me,The Black Sorrows
Loud,Stan Walker
Are You Sure,Willie Nelson
Wake Up Call,Maroon 5
"Bad Case Of Loving You (Doctor, Doctor)",Robert Palmer
The Wanderer,Dion
Come Together,Michael Jackson
One Night Stand,Mis-Teeq
Behind Blue Eyes,Limp Bizkit
Animal - Remastered,Pearl Jam
Surrender - Ultamix,Laura Pausini
There She Goes,Sixpence None The Richer
Wild,"Jessie J, Big Sean, Dizzee Rascal"
January,Pilot
Broken Wings,Mr. Mister
Everybody,Tommy Roe
Promises,NERO
Wheels,The String-A-Longs
According To You,Orianthi
Buttons - Final Edit Version,"The Pussycat Dolls, Snoop Dogg"
Beautiful Stranger,Madonna
La Bamba - Single Version,Ritchie Valens
Let Me Think About It,"Ida Corr, Fedde Le Grand"
Look Into My Eyes,Brando
Everything I Own,Bread
Good Time Baby,Bobby Rydell
Daytrip to Bangor (Single Version) (Day Trip to Bangor - Didn't We Have a Lovely Time),Fiddler's Dram
Beat It,"Fall Out Boy, John Mayer"
Teenage Idol,Ricky Nelson
On The Road Again,Canned Heat
Lady,Kenny Rogers
On Top Of The World,Imagine Dragons
Numb,Linkin Park
A Thousand Miles,Vanessa Carlton
Unorthodox,"Wretch 32, Example"
The Shoop Shoop Song (It's In His Kiss),Cher
Hey Baby - Remastered,Bruce Channel
All Rise,Blue
Goose Bumps,Christie Allen
I'm Not Here To Make Friends,"Sam Smith, Calvin Harris, Jessie Reyez"
Working for the Weekend,Loverboy
Freaky Friday (feat. Chris Brown),"Lil Dicky, Chris Brown"
Oh My Goodness,Olly Murs
All Of This,The Naked And Famous
What A Wonderful World,Louis Armstrong
Marry You,Bruno Mars
Destination Calabria - Radio Edit,"Alex Gaudino, Crystal Waters"
Real Life,"Duke Dumont, Gorgon City, NAATIONS"
Joker And The Thief,Wolfmother
Black Hole Sun,Soundgarden
In Your Eyes,The Weeknd
Things That Make You Go Hmmmm.... (feat. Freedom Williams),"C & C Music Factory, Freedom Williams"
Breakdown,Tom Petty and the Heartbreakers
Sea of Heartbreak,Don Gibson
Cathy's Clown,The Everly Brothers
Hot Love - A Side,T. Rex
Discotheque,U2
Lost on You,LP
Papa Don't Preach,Madonna
Crash,USHER
Coming of Age,Foster The People
I Think I'm Gonna Fall (In Love),Supercharge
Feel Like Making Love - Edit,Pauline Henry
You Are The Sunshine Of My Life,Stevie Wonder
My Favourite Game,The Cardigans
Sukiyaki,Kyu Sakamoto
Piece of My Heart,"Big Brother & The Holding Company, Janis Joplin"
Papa Don't Preach,Kelly Osbourne
My Boy Lollipop,Millie Small
Tell It on the Mountain,"Peter\, Paul and Mary"
When You Walk in the Room,Paul Carrack
Unchained Melody,Gareth Gates
Check It Out,John Mellencamp
Denise,Randy & The Rainbows
Gangsta's Paradise (feat. L.V.),"Coolio, L.V."
"Baby Did a Bad, Bad Thing",Chris Isaak
No More Sad Songs (feat. Machine Gun Kelly),"Little Mix, mgk"
Cola,"CamelPhat, Elderbrook"
Butterfly Kisses,Bob Carlisle
The Dead Heart - 2007 Remastered,Midnight Oil
Sweet Talker,Jessie J
La La,Ashlee Simpson
Shadow of the Day,Linkin Park
Lightning Crashes,Live
You I Know,Jenny Morris
Warning,Green Day
One Call Away,"Chingy, Jason Weaver"
Party Rock Anthem,"LMFAO, Lauren Bennett, GoonRock"
Shiver,Natalie Imbruglia
She's Like a Comet,Jebediah
Backroad Nation,Lee Kernaghan
Faded,Alan Walker
Growing on Me,The Darkness
Happier,"Marshmello, Bastille"
Speedy Gonzales,Pat Boone
Radar Love,Golden Earring
Waterfalls,Timomatic
Invincible,Kelly Clarkson
I Love You Because,Al Martino
You Deserve Better,James Arthur
Now I Run,Shannon Noll
"Baby, Baby",Amy Grant
Skin,Sabrina Carpenter
Begin Again,Taylor Swift
ROCKSTAR 101,"Rihanna, Slash"
Switch Me On,Shannon Noll
Even When I'm Sleeping,Leonardo's Bride
"Let Me Go (with Alesso, Florida Georgia Line & watt)","Hailee Steinfeld, Alesso, Florida Georgia Line, WATT"
All I Have To Do Is Dream,"Bobbie Gentry, Glen Campbell"
Rock Me Gently,Sherbet
Everybody's Free (To Wear Sunscreen),"Quindon Tarver, Josh Abrahams"
It's Over,Roy Orbison
All Fired Up,Pat Benatar
"Layla - Acoustic; Live at MTV Unplugged, Bray Film Studios, Windsor, England, UK, 1/16/1992; 2013 Remaster",Eric Clapton
Hey Everybody!,5 Seconds of Summer
That Girl Belongs To Yesterday,Gene Pitney
Short Memory - Remastered Version,Midnight Oil
Unbroken,Stan Walker
Wizard - Radio Edit,"Martin Garrix, Jay Hardway"
Without You (feat. Usher),"David Guetta, USHER"
Save Tonight,Eagle-Eye Cherry
Come Away With Me,Norah Jones
Your Song,Rita Ora
Somebody Loves You,Betty Who
Heaven Help My Heart,Tina Arena
Xanadu,Olivia Newton-John
Talk,"DJ Snake, George Maple"
Thank U,Alanis Morissette
Come Back and Shake Me,Clodagh Rodgers
Science Fiction,Divinyls
Stop Draggin' My Heart Around (with Tom Petty and The Heartbreakers) - 2016 Remaster,"Stevie Nicks, Tom Petty and the Heartbreakers"
The Other Side,Jason Derulo
"Alley Cat - Fra Tv-serien ""Omkring Et Flygel""",Bent Fabricius-Bjerre
"Lose Yourself - From ""8 Mile"" Soundtrack",Eminem
Won't Get Fooled Again - Original Album Version,The Who
The Nights,Avicii
Up (feat. Demi Lovato),"Olly Murs, Demi Lovato"
Break in the Weather,Jenny Morris
Torn Between Two Lovers,Mary MacGregor
I'll Be Loving You (Forever),New Kids On The Block
Puttin' on the Ritz,Taco
Da Ya Think I'm Sexy?,"N-Trance, Rod Stewart"
Sugar,"Peking Duk, Jack River"
Jackson’s Last Stand - Radio Edit,Ou Est Le Swimming Pool
Sick N Tired,Billy Thorpe & The Aztecs
They Won't Let My Girlfriend Talk to Me,Jimmy & the Boys
